bic_8,bic,bank
ABOMILI2,ABOMILI2XXX,ALBERCOM LTD
ALTHILI2,ALTHILI2XXX,ALTSHULER SHAHAMM FINANCIAL SERVICES LTD
ARISILI1,ARISILI1XXX,BANK LEUMI LE-ISRAEL B.M
ASRIILIC,ASRIILICXXX,AUTOMATED BANKING SERVICES LIMITED
ASRIILIM,ASRIILIMXXX,AUTOMATED BANKING SERVICES LIMITED
ASRIILIT,ASRIILITXXX,AUTOMATED BANKING SERVICES LIMITED
BARDIL21,BARDIL21XXX,MERCANTILE DISCOUNT BANK LTD
BARDILIT,BARDILITXXX,MERCANTILE DISCOUNT BANK LTD
BNPAILI1,BNPAILI1XXX,BNP PARIBAS ISRAEL
BRHRILI1,BRHRILI1XXX,BREVAN HOWARD (ISRAEL) LIMITED
BYAHILI1,BYAHILI1XXX,BANK YAHAV FOR GOVERMENT EMPLOYEES LTD
BYAHILIJ,BYAHILIJXXX,BANK YAHAV FOR GOVERMENT EMPLOYEES LTD
CFPSILI1,CFPSILI1XXX,CITIGROUP FINANCIAL PRODUCTS ISRAEL LIMITED
CITIILIT,CITIILITCTI,CITIBANK N.A.
CITIILIT,CITIILITTRD,CITIBANK N.A.
CITIILIT,CITIILITXXX,CITIBANK N.A.
CLREILI2,CLREILI2XXX,CLEARSHIFT ISRAEL LTD
CONHILI1,CONHILI1XXX,CONTECH LP
CSVEILIT,CSVEILITXXX,CORRESPONDENT SERVICES LTD.
CTEEILI2,CTEEILI2XXX,BANK CLEARING CENTER LTD
CTEEILIT,CTEEILITXXX,BANK CLEARING CENTER LTD
DIGIILIT,DIGIILITXXX,ONE ZERO DIGITAL BANK LTD
EIETILIT,EIETILITXXX,BANK ESH ISRAEL LTD.
FIPKILI1,FIPKILI1XXX,FIVE CAPITAL MARKETS LTD.
FIRBIL21,FIRBIL21XXX,THE FIRST INTERNATIONAL BANK OF ISRAEL LTD
FIRBIL41,FIRBIL41XXX,THE FIRST INTERNATIONAL BANK OF ISRAEL LTD
FIRBIL51,FIRBIL51XXX,THE FIRST INTERNATIONAL BANK OF ISRAEL LTD
FIRBIL61,FIRBIL61XXX,THE FIRST INTERNATIONAL BANK OF ISRAEL LTD
FIRBILIT,FIRBILITCBR,THE FIRST INTERNATIONAL BANK OF ISRAEL LTD
FIRBILIT,FIRBILITDEX,THE FIRST INTERNATIONAL BANK OF ISRAEL LTD
FIRBILIT,FIRBILITXXX,THE FIRST INTERNATIONAL BANK OF ISRAEL LTD
GLRUILIR,GLRUILIRXXX,GLOBAL REMIT - CURRENCY SERVICES LTD
GMTIILI2,GMTIILI2XXX,GMT TECH INNOVATION LTD
HAEHILI2,HAEHILI2XXX,HAAVAROT MEHIROT LTD.
HSBCILIT,HSBCILITXXX,HSBC BANK PLC
IDBLILIT,IDBLILITXXX,ISRAEL DISCOUNT BANK LTD
ILTAILI1,ILTAILI1XXX,GS ISRAEL LLC - TEL AVIV BRANCH
IPOAILIJ,IPOAILIJXXX,POSTAL BANK COMPANY LTD
ISBNILI1,ISBNILI1XXX,ISRAEL BROKERAGE AND INVESTMENT LIMITED
ISRAILIA,ISRAILIAXXX,BANK OF ISRAEL
ISRAILIB,ISRAILIBXXX,BANK OF ISRAEL
ISRAILIJ,ISRAILIJXXX,BANK OF ISRAEL
ISRAILIR,ISRAILIRXXX,BANK OF ISRAEL
ISRTILI2,ISRTILI2XXX,ISRATRANSFER LTD
IVSOILI1,IVSOILI1XXX,PLUS500 LTD
JERSILIT,JERSILITXXX,BANK OF JERUSALEM LTD. TEL-AVIV
LEINILI1,LEINILI1XXX,LEADER AND CO. INVESTMENT HOUSE LTD
LUMIILIT,LUMIILITBSC,BANK LEUMI LE-ISRAEL B.M
LUMIILIT,LUMIILITCLS,BANK LEUMI LE-ISRAEL B.M
LUMIILIT,LUMIILITHAI,BANK LEUMI LE-ISRAEL B.M
LUMIILIT,LUMIILITJLM,BANK LEUMI LE-ISRAEL B.M
LUMIILIT,LUMIILITLDB,BANK LEUMI LE-ISRAEL B.M
LUMIILIT,LUMIILITTLV,BANK LEUMI LE-ISRAEL B.M
LUMIILIT,LUMIILITXXX,BANK LEUMI LE-ISRAEL B.M
MASBILIT,MASBILITXXX,BANK MASSAD LTD.
MBSGILI1,MBSGILI1XXX,MEITAV DASH TRADE LTD
MGATILI1,MGATILI1XXX,MAGNA ASSET MANAGEMENT
MIZBILIT,MIZBILITBSV,MIZRAHI TEFAHOT BANK LTD
MIZBILIT,MIZBILITDMD,MIZRAHI TEFAHOT BANK LTD
MIZBILIT,MIZBILITHAI,MIZRAHI TEFAHOT BANK LTD
MIZBILIT,MIZBILITJLM,MIZRAHI TEFAHOT BANK LTD
MIZBILIT,MIZBILITTLV,MIZRAHI TEFAHOT BANK LTD
MIZBILIT,MIZBILITXXX,MIZRAHI TEFAHOT BANK LTD
MPSIILI2,MPSIILI2XXX,GROW PAYMENTS LTD.
MSEUILI2,MSEUILI2XXX,MONTROSE SECURITIES LTD
OFCNILIT,OFCNILITXXX,OFEK CREDIT UNION LTD.
OFSIILI1,OFSIILI1XXX,PSAGOT INVESTMENT HOUSE LTD
PAMIILI1,PAMIILI1XXX,PACIFIC MEDITERRANEAN INVESTMENT LIMITED
POALILIT,POALILITBKR,BANK HAPOALIM
POALILIT,POALILITCBS,BANK HAPOALIM
POALILIT,POALILITCLS,BANK HAPOALIM
POALILIT,POALILITCMN,BANK HAPOALIM
POALILIT,POALILITDLR,BANK HAPOALIM
POALILIT,POALILITFMT,BANK HAPOALIM
POALILIT,POALILITFTD,BANK HAPOALIM
POALILIT,POALILITGML,BANK HAPOALIM
POALILIT,POALILITSEC,BANK HAPOALIM
POALILIT,POALILITXXX,BANK HAPOALIM
POSHILI1,POSHILI1XXX,POALIM SAHAR LTD
REVOILIR,REVOILIRXXX,REVOLUT PAYMENTS ISRAEL LTD
SBINILIT,SBINILITXXX,STATE BANK OF INDIA
STUNILI2,STUNILI2XXX,S.T.B. UNION LTD
STXSILI1,STXSILI1XXX,DS STOCK EXCHANGE SERVICES LTD.
WWOFILI2,WWOFILI2XXX,WIC WORLDCOM FINANCE LTD.
XTAEILIB,XTAEILIBXXX,TEL AVIV STOCK EXCHANGE
XTAEILIC,XTAEILICXXX,TEL AVIV STOCK EXCHANGE
XTAEILIM,XTAEILIMXXX,TEL AVIV STOCK EXCHANGE
XTAEILIS,XTAEILISXXX,TEL AVIV STOCK EXCHANGE
XTAEILIT,XTAEILITXXX,TEL AVIV STOCK EXCHANGE
ZNNXILI1,ZNNXILI1XXX,EXCELLENCE NESSUAH BROKERAGE SERVICES LTD
