bic_8,bic,bank
ACHNGR22,ACHNGR22XXX,AMBROSIA CAPITAL HELLAS SINGLE MEMBER INVESTMENT SERVICES S.A.
ACLVGRA2,ACLVGRA2XXX,ALPHATERRA CAPITAL ALTERNATIVE INVESTMENT FUND MANAGEMENT SINGLE MEMBER S.A.
ACPEGRA1,ACPEGRA1XXX,ACCESS PAYMENT SERVICES S.A.
AEBAGRAA,AEBAGRAATPS,AEGEAN BALTIC BANK S.A.
AEBAGRAA,AEBAGRAAXXX,AEGEAN BALTIC BANK S.A.
ALEEGRA1,ALEEGRA1XXX,ALICO EUROBANK
ALPRGRA1,ALPRGRA1XXX,ALPHA FINANCE SA
APISGRA1,APISGRA1XXX,ALPHA ASSET MANAGEMENT SOCIETE ANONYME COMPANY
APSYGRA2,APSYGRA2XXX,DIRECT PAY S.A PAYMENT INSTITUTION
ATHCGRA1,ATHCGRA1XXX,ATHENS EXCHANGE CLEARING HOUSE S.A.
ATHCGRAB,ATHCGRABGFA,ATHENS EXCHANGE CLEARING HOUSE S.A.
ATHCGRAB,ATHCGRABXXX,ATHENS EXCHANGE CLEARING HOUSE S.A.
ATIEGR21,ATIEGR21XXX,ALPHA TRUST MUTUAL FUND AND ALTERNATIVE INVESTMENT FUND MANAGEMENT S.A.
ATSRGRA1,ATSRGRA1XXX,ATLAS SECURITIES FIS
ATTIGRAA,ATTIGRAA068,CREDIABANK S.A.
ATTIGRAA,ATTIGRAAXXX,CREDIABANK S.A.
AXSEGRA1,AXSEGRA1XXX,AXON SECURITIES S.A.
BETEGRA1,BETEGRA1XXX,BETA SECURITIES SA
BFGRGRA2,BFGRGRA2XXX,BFF BANK S.P.A. GREEK BRANCH
BKCHGRAA,BKCHGRAAXXX,BANK OF CHINA (EUROPE) S.A. ATHENS BRANCH
BMASGRA1,BMASGRA1XXX,BMW AUSTRIA BANK GMBH
BNGRGRA1,BNGRGRA1APR,BANK OF GREECE
BNGRGRA1,BNGRGRA1BDF,BANK OF GREECE
BNGRGRA1,BNGRGRA1CBF,BANK OF GREECE
BNGRGRA1,BNGRGRA1CUS,BANK OF GREECE
BNGRGRA1,BNGRGRA1EFS,BANK OF GREECE
BNGRGRA1,BNGRGRA1ISS,BANK OF GREECE
BNGRGRA1,BNGRGRA1MTI,BANK OF GREECE
BNGRGRA1,BNGRGRA1OAS,BANK OF GREECE
BNGRGRA1,BNGRGRA1PII,BANK OF GREECE
BNGRGRA1,BNGRGRA1STA,BANK OF GREECE
BNGRGRA1,BNGRGRA1STB,BANK OF GREECE
BNGRGRA1,BNGRGRA1STC,BANK OF GREECE
BNGRGRA1,BNGRGRA1SYS,BANK OF GREECE
BNGRGRAA,BNGRGRAA012,BANK OF GREECE
BNGRGRAA,BNGRGRAA013,BANK OF GREECE
BNGRGRAA,BNGRGRAA017,BANK OF GREECE
BNGRGRAA,BNGRGRAA027,BANK OF GREECE
BNGRGRAA,BNGRGRAA030,BANK OF GREECE
BNGRGRAA,BNGRGRAA042,BANK OF GREECE
BNGRGRAA,BNGRGRAA053,BANK OF GREECE
BNGRGRAA,BNGRGRAA059,BANK OF GREECE
BNGRGRAA,BNGRGRAA072,BANK OF GREECE
BNGRGRAA,BNGRGRAA094,BANK OF GREECE
BNGRGRAA,BNGRGRAA121,BANK OF GREECE
BNGRGRAA,BNGRGRAAACO,BANK OF GREECE
BNGRGRAA,BNGRGRAABR4,BANK OF GREECE
BNGRGRAA,BNGRGRAABR8,BANK OF GREECE
BNGRGRAA,BNGRGRAACCB,BANK OF GREECE
BNGRGRAA,BNGRGRAACON,BANK OF GREECE
BNGRGRAA,BNGRGRAADIA,BANK OF GREECE
BNGRGRAA,BNGRGRAAECA,BANK OF GREECE
BNGRGRAA,BNGRGRAAECM,BANK OF GREECE
BNGRGRAA,BNGRGRAAEUX,BANK OF GREECE
BNGRGRAA,BNGRGRAAFXD,BANK OF GREECE
BNGRGRAA,BNGRGRAAHRM,BANK OF GREECE
BNGRGRAA,BNGRGRAAINS,BANK OF GREECE
BNGRGRAA,BNGRGRAAIOP,BANK OF GREECE
BNGRGRAA,BNGRGRAAPAR,BANK OF GREECE
BNGRGRAA,BNGRGRAAPBS,BANK OF GREECE
BNGRGRAA,BNGRGRAAPEN,BANK OF GREECE
BNGRGRAA,BNGRGRAASCT,BANK OF GREECE
BNGRGRAA,BNGRGRAASSS,BANK OF GREECE
BNGRGRAA,BNGRGRAAST2,BANK OF GREECE
BNGRGRAA,BNGRGRAAXXX,BANK OF GREECE
BNPAGRA1,BNPAGRA1XXX,BNP PARIBAS GRECE
BOFAGR2X,BOFAGR2XXXX,"BANK OF AMERICA EUROPE DESIGNATED ACTIVITY COMPANY, ATHENS BRANCH"
BSTDGR2T,BSTDGR2TXXX,BLACK SEA TRADE AND DEVELOPMENT BANK
CDLFGRA1,CDLFGRA1XXX,CONSIGNMENT DEPOSITS AND LOANS FUND
CHSKGRA1,CHSKGRA1XXX,N. CHRYSSOCHOIDIS STOCK BROKERAGE I.S.S.A.
CITIGRAA,CITIGRAA731,CITIBANK EUROPE PLC GREECE BRANCH
CITIGRAA,CITIGRAA732,CITIBANK EUROPE PLC GREECE BRANCH
CITIGRAA,CITIGRAA733,CITIBANK EUROPE PLC GREECE BRANCH
CITIGRAA,CITIGRAASEC,CITIBANK EUROPE PLC GREECE BRANCH
CITIGRAA,CITIGRAAXXX,CITIBANK EUROPE PLC GREECE BRANCH
CPEMGRA2,CPEMGRA2XXX,COSMOTE PAYMENTS - ELECTRONIC MONEY SERVICES S.A
CRBAGRAA,CRBAGRAAI01,ALPHA BANK S.A.
CRBAGRAA,CRBAGRAAXXX,ALPHA BANK S.A.
CSEUGRA1,CSEUGRA1XXX,CAPITAL SECURITIES S.A.
CSIEGRA1,CSIEGRA1XXX,CFS SECURITIES AND INVESTMENT SERVICES S.A.
CYSEGRA1,CYSEGRA1XXX,CYCLOS SECURITIES S.A.
DIASGRA1,DIASGRA1MD6,INTERBANKING SYSTEMS S.A.
DIASGRA1,DIASGRA1XXX,INTERBANKING SYSTEMS S.A.
DIASGRAA,DIASGRAAXXX,INTERBANKING SYSTEMS S.A.
DYCUGRA1,DYCUGRA1XXX,DYNAMIC SECURITIES S.A.
EAMMGRA1,EAMMGRA1XXX,EMPORIKI ASSET MANAGEMENT MFMC
EBPBGR22,EBPBGR22XXX,EBURY PARTNERS BELGIUM GREEK BRANCH
EBPTGR21,EBPTGR21XXX,EBURY PARTNERS UK LIMITED
EEAMGRA1,EEAMGRA1XXX,EUROBANK ASSET MANAGEMENT MFMC
EFESGRA1,EFESGRA1XXX,EUROBANK EQUITIES A.E.N.E.Y
EGNTGRA1,EGNTGRA1XXX,EGNATIA SECURITIES S.A.
EISVGRA2,EISVGRA2XXX,EUROTRUST INVESTMENT SERVICES S.A.
ENCHGRAA,ENCHGRAAASI,ENEX CLEARING HOUSE SINGLE MEMBER S.A.
ENCHGRAA,ENCHGRAAGFA,ENEX CLEARING HOUSE SINGLE MEMBER S.A.
ENCHGRAA,ENCHGRAAGFR,ENEX CLEARING HOUSE SINGLE MEMBER S.A.
ENCHGRAA,ENCHGRAAGFT,ENEX CLEARING HOUSE SINGLE MEMBER S.A.
ENCHGRAA,ENCHGRAAXXX,ENEX CLEARING HOUSE SINGLE MEMBER S.A.
EPISGRA1,EPISGRA1XXX,EPIC SOCIETE ANONYME SOCIETE ANONYME
EPSNGRA2,EPSNGRA2TPS,EVERYPAY PAYMENT SERVICES SINGLE MEMBER SOCIETE ANONYME
EPSNGRA2,EPSNGRA2XXX,EVERYPAY PAYMENT SERVICES SINGLE MEMBER SOCIETE ANONYME
ERBKGRAA,ERBKGRAASEC,EUROBANK S.A.
ERBKGRAA,ERBKGRAATIP,EUROBANK S.A.
ERBKGRAA,ERBKGRAAXXX,EUROBANK S.A.
ERGRGRA1,ERGRGRA1XXX,EUROBANK EQUITIES A.E.N.E.Y
ETHNGRAA,ETHNGRAACUS,NATIONAL BANK OF GREECE SA
ETHNGRAA,ETHNGRAAGRI,NATIONAL BANK OF GREECE SA
ETHNGRAA,ETHNGRAATIP,NATIONAL BANK OF GREECE SA
ETHNGRAA,ETHNGRAAXXX,NATIONAL BANK OF GREECE SA
EUEEGRA1,EUEEGRA1XXX,EUROCORP FINANCE S.A.
EUORGRA1,EUORGRA1XXX,EUROCORP SOCIETE ANONYME COMPANY
EUSSGRA1,EUSSGRA1XXX,EUROXX SECURITIES SA
FAFNGRA1,FAFNGRA1XXX,HELLASFIN INVESTMENT SERVICES S.A.
FFISGRA1,FFISGRA1XXX,BETA SECURITIES S.A.
FIATGRA1,FIATGRA1XXX,FCA BANK G.M.B.H HELLENIC BRANCH
GBHRGRA1,GBHRGRA1XXX,BANK OF GREECE
GGGEGR21,GGGEGR21XXX,GREEK GREENHOUSE GAS EMISSIONS REGISTRY
GLOFGRA1,GLOFGRA1XXX,GLOBAL FINANCE
HCSDGRAA,HCSDGRAAASI,HELLENIC CENTRAL SECURITIES DEPOSITORY
HCSDGRAA,HCSDGRAAXXX,HELLENIC CENTRAL SECURITIES DEPOSITORY
HEIEGR21,HEIEGR21XXX,HELLASFIN INVESTMENT SERVICES S.A.
HEPOGR21,HEPOGR21XXX,HELLENIC POST S.A.
HRAIGRA1,HRAIGRA1XXX,ORGANIZATION OF SIDIRODROMON GREECE
IBOGGRAA,IBOGGRAATIP,OPTIMA BANK S.A.
IBOGGRAA,IBOGGRAAXXX,OPTIMA BANK S.A.
ICGOGRA1,ICGOGRA1XXX,ICAP SOCIETE ANONYME
IDXEGRA1,IDXEGRA1XXX,INDEX MONEY SOCIETE ANONYME COMPANY OF COMPANY SERVICES
IEPIGRA2,IEPIGRA2XXX,INTEL EXPRESS PAYMENT INSTITUTION INTELI EXPRESS
INLSGR21,INLSGR21XXX,INVESTMENT ANALYSIS FINANCIAL SERVICES S.A.
JCMSGRA1,JCMSGRA1XXX,J.CHR. MAVRIKIS SECURITIES S.A.
KASNGRA1,KASNGRA1XXX,KARAMANOF SECURITIES AND INVESTMENT SERVICES S.A.
LEDEGRA1,LEDEGRA1XXX,LEON DEPOLAS SECURITIES S.A.
MATCGRA1,MATCGRA1XXX,ARDOU PRAIM SOCIETE ANONYME SOCIETE ANONYME
MDPSGRA1,MDPSGRA1XXX,PANTELAKIS SECURITIES S.A.
MEUEGRA1,MEUEGRA1XXX,MERIT SECURITIES A.E.P.E.Y.
MFGAGRAA,MFGAGRAAPDI,"MINISTRY OF ECONOMY AND FINANCE, GENERAL ACCOUNTING OFFICE"
MFGAGRAA,MFGAGRAAPDM,"MINISTRY OF ECONOMY AND FINANCE, GENERAL ACCOUNTING OFFICE"
MFGAGRAA,MFGAGRAASPP,"MINISTRY OF ECONOMY AND FINANCE, GENERAL ACCOUNTING OFFICE"
MFGAGRAA,MFGAGRAAXXX,"MINISTRY OF ECONOMY AND FINANCE, GENERAL ACCOUNTING OFFICE"
MNGTGRA2,MNGTGRA2XXX,MONEYGATE SOLUTIONS LIMITED GREECE BRANCH
NASOGRA1,NASOGRA1XXX,NATIONAL STOCK EXCHANGE SOCIETE ANONYME FOR INVESTMENT
NMAWGR21,NMAWGR21XXX,THETIS CAPITAL SOCIETE ANONYME
NOGSGRA1,NOGSGRA1XXX,NORTHERN GREECE SOCIETE ANONYME COMPANY SERVICES
NUNTGRA1,NUNTGRA1XXX,NUNTIUS BROKERAGE AND INVESTMENT SERVICES SA
OTROGR22,OTROGR22111,OTRO PAY ELECTRONIC MONEY INSTITUTION SINGLE MEMBER SOCIETE ANONYME
OTROGR22,OTROGR22XXX,OTRO PAY ELECTRONIC MONEY INSTITUTION SINGLE MEMBER SOCIETE ANONYME
PAECGRA1,PAECGRA1XXX,NATIONAL STOCK EXCHANGE SOCIETE ANONYME FOR INVESTMENT SERVICES
PANXGRA2,PANXGRA2XXX,UNIFIEDPOST PAYMENTS SA FOREIGN BRANCH
PARBGRAX,PARBGRAXXXX,BNP PARIBAS S.A. ATHENS BRANCH
PESUGRA1,PESUGRA1XXX,PEGASUS SECURITIES S.A.
PIRBGRAA,PIRBGRAACBS,PIRAEUS BANK SA
PIRBGRAA,PIRBGRAAINS,PIRAEUS BANK SA
PIRBGRAA,PIRBGRAASEC,PIRAEUS BANK SA
PIRBGRAA,PIRBGRAAXXX,PIRAEUS BANK SA
PRCBGRAA,PRCBGRAA116,PROCREDIT BANK (BULGARIA) EAD THESSALONIKI BRANCH
PRCBGRAA,PRCBGRAAXXX,PROCREDIT BANK (BULGARIA) EAD THESSALONIKI BRANCH
PRXBGRAA,PRXBGRAATPS,VIVABANK SINGLE MEMBER BANKING S.A.
PRXBGRAA,PRXBGRAATPT,VIVABANK SINGLE MEMBER BANKING S.A.
PRXBGRAA,PRXBGRAAXXX,VIVABANK SINGLE MEMBER BANKING S.A.
PSIEGRA1,PSIEGRA1XXX,G.A. PERVANAS SECURITIES AND INVESTMENT SERVICES COMPANY S.A.
PSISGRA1,PSISGRA1XXX,PRELIUM SOCIETE ANONYME COMPANY SOCIETE ANONYME
SDRRGRA1,SDRRGRA1XXX,BANK SADERAT IRAN
SECTGR21,SECTGR214N2,SAMSUNG ELECTRONICS HELLAS MAE
SECTGR21,SECTGR21XXX,SAMSUNG ELECTRONICS HELLAS MAE
SELCGRA1,SELCGRA1XXX,ST. EMM. LAYRENTAKIS SECURITIES COMPANY AEPEY
SGBTGRA1,SGBTGRA1XXX,SOCIETE GENERALE PRIVATE BANKING GREECE
SIGSGRA1,SIGSGRA1XXX,PIRAEUS SECURITIES S.A.
SIIUGRA1,SIIUGRA1XXX,ELECTRONIC NATIONAL SOCIAL SECURITY FUND (E-EFKA)
SNPIGR2A,SNPIGR2AI01,SNAPPI BANK S.A.
SNPIGR2A,SNPIGR2AXXX,SNAPPI BANK S.A.
SOSXGRA1,SOSXGRA1XXX,SOLIDUS SECURITIES SA
STAXGRA1,STAXGRA1XXX,COOPERATIVE BANK OF ACHAIA
STDOGRA1,STDOGRA1XXX,COOPERATIVE BANK OF DODECANESE MR EMMANUEL KARYDAKIS
STIOGR21,STIOGR21XXX,COOPERATIVE BANK OF EPIRUS LLC
STIOGR2I,STIOGR2II01,COOPERATIVE BANK OF EPIRUS LLC
STIOGR2I,STIOGR2IXXX,COOPERATIVE BANK OF EPIRUS LLC
STKAGRA1,STKAGRA1XXX,COOPERATIVE BANK OF KARDITSA COOP L.L.
STKAGRAX,STKAGRAXI01,COOPERATIVE BANK OF KARDITSA COOP L.L.
STKAGRAX,STKAGRAXXXX,COOPERATIVE BANK OF KARDITSA COOP L.L.
STPIGR21,STPIGR21XXX,COOPERATIVE BANK OF PIERIA -OLYMPIC CREDIT LTD
STTKGR22,STTKGR22I01,COOPERATIVE BANK OF THESSALY LL
STTKGR22,STTKGR22I02,COOPERATIVE BANK OF THESSALY LL
STTKGR22,STTKGR22XXX,COOPERATIVE BANK OF THESSALY LL
STXAGRA1,STXAGRA1XXX,COOPERATIVE BANK OF CHANIA COOPERATIVE OF LIMITED LIABILITIES
STXAGRA2,STXAGRA2I01,COOPERATIVE BANK OF CHANIA COOPERATIVE OF LIMITED LIABILITIES
STXAGRA2,STXAGRA2XXX,COOPERATIVE BANK OF CHANIA COOPERATIVE OF LIMITED LIABILITIES
TBIBGRAA,TBIBGRAAXXX,"TBI BANK EAD, BRANCH GREECE"
TCZBGRAT,TCZBGRATINS,T.C. ZIRAAT BANKASI ATHENS CENTRAL BRANCH
TCZBGRAT,TCZBGRATXXX,T.C. ZIRAAT BANKASI ATHENS CENTRAL BRANCH
TESCGRA1,TESCGRA1XXX,EUROBANK EQUITIES SOCIETE ANONYME
TFIMGRAA,TFIMGRAAXXX,TFI MARKETS LTD GREEK BRANCH
TSSCGRA1,TSSCGRA1XXX,D. A. TSEKOURAS SECURITIES S.A.P.I.S
TWSAGRA1,TWSAGRA1I01,TORA WALLET SINGLE MEMBER SOCIETE ANONYME FOR ELECTRONIC MONEY SERVICES
TWSAGRA1,TWSAGRA1XXX,TORA WALLET SINGLE MEMBER SOCIETE ANONYME FOR ELECTRONIC MONEY SERVICES
VOWAGRA1,VOWAGRA1XXX,VOLKSWAGEN BANK GMBH
VPAYGRAA,VPAYGRAATPS,VIVABANK SINGLE MEMBER BANKING S.A.
VPAYGRAA,VPAYGRAAXXX,VIVABANK SINGLE MEMBER BANKING S.A.
WOIIGRA1,WOIIGRA1001,WORLDBRIDGE-PAYMENT INSTITUTION S.A
WOIIGRA1,WOIIGRA1XXX,WORLDBRIDGE-PAYMENT INSTITUTION S.A
XADEGRA1,XADEGRA1XXX,HELLENIC MONEY-ATHENS MONEY SOCIETE ANONYME COMPANY
XATHGRA1,XATHGRA1XXX,HELLENIC MONEY-ATHENS MONEY SOCIETE ANONYME COMPANY
