bic_8,bic,bank
AAMVCZ21,AAMVCZ21XXX,"ATLANTIK ASSET MANAGEMENT INVESTICNI SPOLECNOST, A.S"
AGBACZPP,AGBACZPPXXX,"MONETA MONEY BANK, A.S."
AIRACZPP,AIRACZPPXXX,AIR BANK A.S.
AKCNCZP2,AKCNCZP2XXX,AKCENTA CZ A.S.
AKCTCZ21,AKCTCZ21XXX,"AKCENTA, SPORITELNI A UVERNI DRUZSTVO"
AKINCZP1,AKINCZP1XXX,"AKRO INVESTICNLSPOLECNOST, A.S."
ANCSCZP1,ANCSCZP1XXX,ANDRASTE CAPITAL S.R.O.
APORCZP2,APORCZP2XXX,"ALTERNATIVE PAYMENT SOLUTIONS, S.R.O"
ARTTCZPP,ARTTCZPPXXX,"ARTESA, SPORITELNI DRUZSTVO PANORAMA BUSINESS CENTER"
ASMVCZP1,ASMVCZP1XXX,"J AND T INVESTICNI SPOLECNOST, A.S."
ATAFCZP1,ATAFCZP1XXX,"ATLANTA SAFE, A.S."
ATLKCZP1,ATLKCZP1XXX,"ATLANTIK FINANCNI TRHY, A.S."
AXILCZPP,AXILCZPPXXX,"UNIQA INVESTICNI SPOLECNOST, A. S."
BACXCZPP,BACXCZPPCBL,"UNICREDIT BANK CZECH REPUBLIC AND SLOVAKIA, A.S."
BACXCZPP,BACXCZPPFAR,"UNICREDIT BANK CZECH REPUBLIC AND SLOVAKIA, A.S."
BACXCZPP,BACXCZPPRET,"UNICREDIT BANK CZECH REPUBLIC AND SLOVAKIA, A.S."
BACXCZPP,BACXCZPPXXX,"UNICREDIT BANK CZECH REPUBLIC AND SLOVAKIA, A.S."
BCIRCZ22,BCIRCZ22XXX,"BANKING CIRCLE S.A., CZECH REPUBLIC"
BEFKCZP1,BEFKCZP1XXX,"B-EFEKT, A.S."
BEORCZP2,BEORCZP2XXX,BESTPAY S.R.O.
BKCHCZPP,BKCHCZPPXXX,BANK OF CHINA (CEE) LTD. PRAGUE BRANCH
BNIBCZP1,BNIBCZP1XXX,BANCIBO SE
BPKOCZPP,BPKOCZPPXXX,"PKO BP S.A., CZECH BRANCH"
BPORCZ22,BPORCZ22XXX,BEEKASH PAYMENT SOLUTION SRO
BPPFCZP1,BPPFCZP1XXX,"BNP PARIBAS PERSONAL FINANCE SA, ODSTEPNY ZAVOD"
BRCYCZP1,BRCYCZP1XXX,"BROKERJET CESKE SPORITELNY, A.S."
BREXCZPP,BREXCZPPXXX,"MBANK S.A., ORGANIZACNI SLOZKA"
BRIKCZPP,BRIKCZPPXXX,BREINROCK S.R.O.
BSPKCZP1,BSPKCZP1XXX,"BURZOVNI SPOLECNOST PRO KAPITALOVY TRH, A.S."
BURSCZP1,BURSCZP1XXX,BUSINESS CREDIT S.R.O.
CAIBCZP1,CAIBCZP1XXX,CREDITANSTALT SECURITIES
CEKOCZPP,CEKOCZPPXXX,CESKOSLOVENSKA OBCHODNI BANKA AS
CIIHCZP1,CIIHCZP1XXX,"CITFIN-FINANCNI TRHY, A.S."
CITFCZPP,CITFCZPPXXX,"CITFIN, SPORITELNI DRUZSTVO"
CITICZPX,CITICZPXAOC,"CITIBANK EUROPE PLC, ORGANIZACNI SLOZKA"
CITICZPX,CITICZPXGCM,"CITIBANK EUROPE PLC, ORGANIZACNI SLOZKA"
CITICZPX,CITICZPXSEC,"CITIBANK EUROPE PLC, ORGANIZACNI SLOZKA"
CITICZPX,CITICZPXTRD,"CITIBANK EUROPE PLC, ORGANIZACNI SLOZKA"
CITICZPX,CITICZPXXXX,"CITIBANK EUROPE PLC, ORGANIZACNI SLOZKA"
CLLSCZP1,CLLSCZP1XXX,"COLOSSEUM, A.S."
CMZRCZP1,CMZRCZP1XXX,"CESKOMORAVSKA ZARUCNI A ROZVOJOVA BANKA, A.S."
CNBACZPB,CNBACZPBXXX,CESKA NARODNI BANKA
CNBACZPP,CNBACZPPXXX,CESKA NARODNI BANKA
COBACZPX,COBACZPXXXX,COMMERZBANK AG
COMMCZPP,COMMCZPPXXX,"BANK OF COMMUNICATIONS CO., LTD. PRAGUE BRANCH ODSTEPNY ZAVOD"
COVGCZP1,COVGCZP1XXX,"CONSEQ INVESTMENT MANAGEMENT, A.S."
CRMWCZP1,CRMWCZP1XXX,THE CZECH REGISTRY FOR EMISSION ALLOWANCES TRADING
CSIVCZP1,CSIVCZP1XXX,"CSOB ASSET MANAGEMENT, A.S., INVESTICNI SPOLECNOST"
CSKBCZP1,CSKBCZP1XXX,CESKA BANKA A.S.
CSMVCZP1,CSMVCZP1XXX,"CARDUUS ASSET MANAGEMENT, INVESTICNI SPOLECNOST, A.S."
CSOBCZP1,CSOBCZP1XXX,CSOB ASSET MANAGEMENT
CTASCZ22,CTASCZ22XXX,BANKA CREDITAS A.S. AKCIOVA SPOLECNOST
CYCFCZ21,CYCFCZ21XXX,"CYRRUS CORPORATE FINANCE, A.S."
CYRRCZ21,CYRRCZ21XXX,"CYRRUS, A.S."
CZEECZPP,CZEECZPPXXX,CZECH EXPORT BANK
CZEHCZP1,CZEHCZP1XXX,"EP ENERGY, A.S"
DEUTCZPX,DEUTCZPXXXX,"DEUTSCHE BANK AKTIENGESELLSCHAFT FILIALE PRAG, ORGANIZACNI SLOZKA"
DFPSCZP2,DFPSCZP2XXX,DIRECT FIDOO PAYMENTS S.R.O.
DMORCZP1,DMORCZP1XXX,"DOM MAKLERSKI BANKU OCHRONY SRODOWISKA SPOLKA AKCYJNA, ORGANIZACNI SLOZKA CESKA REPUBLIKA"
EBPBCZP2,EBPBCZP2XXX,EBURY PARTNERS BELGIUM - BRANCH OFFICE IN CZECHIA
EFCOCZ21,EFCOCZ21XXX,EFEKTA SECURITIES BROKER A.S.
EICOCZ21,EICOCZ21XXX,"EUROPEAN INVESTMENT CENTRE O.C.P., A.S. - ORGANIZACNI SLOZKA"
EPSOCZP1,EPSOCZP1XXX,EUPSPROVIDER S.R.O.
EQHOCZP1,EQHOCZP1XXX,"EQUITY HOLDING, A.S."
EXSOCZP1,EXSOCZP1XXX,EXCHANGE S.R.O.
EZSRCZP1,EZSRCZP1XXX,EZPADA S.R.O.
FAPOCZP1,FAPOCZP1XXX,FAIRPLAY PAY S.R.O.
FFCSCZP1,FFCSCZP1XXX,FAS FINANCE COMPANY S.R.O.
FIOBCZPP,FIOBCZPPXXX,"FIO BANKA, A.S."
FIOZCZP1,FIOZCZP1XXX,FIO BANKA A.S.
FIZLCZ21,FIZLCZ21XXX,ROKLEN360 A.S.
FNENCZP1,FNENCZP1XXX,J AND T FINANCE GROUP SE
FNSECZP1,FNSECZP1XXX,42 FINANCIAL SERVICES
GAUDCZP1,GAUDCZP1XXX,GAUDEA A.S.
GEBACZPP,GEBACZPPXXX,"BNP PARIBAS S.A., POBOCKA CESKA REPUBLIKA"
GENOCZ21,GENOCZ21XXX,VOLKSBANK RAIFFEISENBANK NORDOBERPFALZ EG POBOCKA CHEB
GIBACZPX,GIBACZPXXXX,CESKA SPORITELNA A.S.
GNRLCZPP,GNRLCZPPXXX,"GENERALI INVESTMENTS CEE, INV.SPOL,A.S."
HIBRCZP1,HIBRCZP1XXX,"HIGHSKY BROKERS, A. S."
HOIVCZP1,HOIVCZP1XXX,"EP ENERGY, A.S."
ICBKCZPP,ICBKCZPPXXX,"INDUSTRIAL AND COMMERCIAL BANK OF CHINA LIMITED, PRAGUE BRANCH, ODSTEPNY ZAVOD"
IGINCZP1,IGINCZP1XXX,"NN INVESTMENT PARTNERS C.R., A.S."
INEYCZP1,INEYCZP1XXX,"INVESTICNLSPOLECNOST CESKE SPORITELNY, A.S."
INGBCZPP,INGBCZPPXXX,ING BANK N.V.
INPKCZP1,INPKCZP1XXX,"AMUNDI CZECH REPUBLIC, INVESTICNI SPOLECNOST, A.S."
JTBPCZPP,JTBPCZPPXXX,J AND T BANKA A.S.
KEIECZP1,KEIECZP1XXX,KEY INVESTMENTS A.S.
KOLOCZP2,KOLOCZP2999,EUROPEAN SECUREPAY CENTER S.R.O.
KOLOCZP2,KOLOCZP2XXX,EUROPEAN SECUREPAY CENTER S.R.O.
KOMBCZPP,KOMBCZPPXXX,"KOMERCNI BANKA, A.S."
LIMOCZ21,LIMOCZ21BRA,"LASALLE INVESTMENT MANAGEMENT, ORGANIZACNI SLOZKA"
LIMOCZ21,LIMOCZ21XXX,"LASALLE INVESTMENT MANAGEMENT, ORGANIZACNI SLOZKA"
LYOSCZP1,LYOSCZP1XXX,"LYNX B.V., ORGANIZACNI SLOZKA"
MERXCZ21,MERXCZ21XXX,MERX A.S.
MFCRCZP1,MFCRCZP1XXX,MINISTRY OF FINANCE OF THE CZECH REPUBLIC
MIDLCZPP,MIDLCZPPSDD,HSBC CONTINENTAL EUROPE
MIDLCZPP,MIDLCZPPXXX,HSBC CONTINENTAL EUROPE
MOHRCZP1,MOHRCZP1XXX,MONEY CHANGE S.R.O.
MOUSCZP2,MOUSCZP2XXX,MONEYPOLO EUROPE S.R.O.
MPUBCZPP,MPUBCZPPXXX,TRINITY BANK A.S.
MRSOCZ22,MRSOCZ22XXX,MORTONS S.R.O.
NROZCZPP,NROZCZPPXXX,"NARODNI ROZVOJOVA BANKA, A.S."
OBKLCZ2X,OBKLCZ2XXXX,OBERBANK AG
PADICZP1,PADICZP1XXX,"PATRIA FINANCE, A.S."
PADICZPP,PADICZPPXXX,"PATRIA FINANCE, A.S."
PAERCZP1,PAERCZP1CMB,PAYMENT EXECUTION S.R.O.
PAERCZP1,PAERCZP1DEU,PAYMENT EXECUTION S.R.O.
PAERCZP1,PAERCZP1ETF,PAYMENT EXECUTION S.R.O.
PAERCZP1,PAERCZP1ING,PAYMENT EXECUTION S.R.O.
PAERCZP1,PAERCZP1POF,PAYMENT EXECUTION S.R.O.
PAERCZP1,PAERCZP1PRG,PAYMENT EXECUTION S.R.O.
PAERCZP1,PAERCZP1UBS,PAYMENT EXECUTION S.R.O.
PAERCZP1,PAERCZP1XXX,PAYMENT EXECUTION S.R.O.
PAERCZPP,PAERCZPPCOR,PAYMENT EXECUTION S.R.O.
PAERCZPP,PAERCZPPFIN,PAYMENT EXECUTION S.R.O.
PAERCZPP,PAERCZPPGEN,PAYMENT EXECUTION S.R.O.
PAERCZPP,PAERCZPPGLB,PAYMENT EXECUTION S.R.O.
PAERCZPP,PAERCZPPINT,PAYMENT EXECUTION S.R.O.
PAERCZPP,PAERCZPPMON,PAYMENT EXECUTION S.R.O.
PAERCZPP,PAERCZPPPAY,PAYMENT EXECUTION S.R.O.
PAERCZPP,PAERCZPPPRG,PAYMENT EXECUTION S.R.O.
PAERCZPP,PAERCZPPVAL,PAYMENT EXECUTION S.R.O.
PAERCZPP,PAERCZPPXXX,PAYMENT EXECUTION S.R.O.
PANXCZP2,PANXCZP2XXX,"UNIFIEDPOST PAYMENTS S.A., ODSTEPNY ZAVOD"
PAPOCZP2,PAPOCZP2XXX,PP MONEY TRANSFER S.R.O.
PAVSCZP1,PAVSCZP1XXX,"PARTNERS INVESTICNI SPOLECNOST, A.S"
PISPCZP1,PISPCZP1XXX,"AMUNDI CZECH REPUBLIC, INVESTICNI SPOLECNOST A.S."
PLBACZP1,PLBACZP1XXX,"PLZENSKA BANKA, A.S."
PLIRCZ22,PLIRCZ22XXX,PLATEBNI INSTITUCE ROGER A.S.
PMBPCZPP,PMBPCZPPXXX,PPF BANKA A.S.
PPAMCZP1,PPAMCZP1XXX,"GENERALI INVESTMENTS CEE, INVESTICNI SPOLECNOST, A.S."
PRNICZP1,PRNICZP1XXX,PROVENTUS FINANCE A.S.
PTBNCZP2,PTBNCZP2XXX,"PARTNERS BANKA, A.S."
PTBNCZPP,PTBNCZPPXXX,"PARTNERS BANKA, A.S."
PYYMCZPP,PYYMCZPPXXX,PAYMASTER A.S.
RIOLCZP1,RIOLCZP1XXX,RELIANTCO INVESTMENTS LTD ORGANIZACNI SLOZKA
RMHOCZP1,RMHOCZP1XXX,"RMS MEZZANINE, A.S."
RMSYCZP1,RMSYCZP1XXX,"RM-SYSTEM, A.S."
ROKECZP2,ROKECZP2XXX,ROKLEN360 A.S.
RSIVCZ21,RSIVCZ21XXX,"RSJ INVEST,A.S."
RSSOCZ21,RSSOCZ21XXX,RASSHUA S.R.O.
RZBCCZPP,RZBCCZPPXXX,RAIFFEISENBANK A.S.
SAXPCZP1,SAXPCZP1XXX,"SAXO BANK A/S, ORGANIZACNI SLOZKA"
SBFNCZP2,SBFNCZP2XXX,SAB FINANCE A.S.
SEESCZP1,SEESCZP1XXX,BH SECURITIES A.S.
SKENCZ21,SKENCZ21XXX,SKO ENERGO
SKOACZ21,SKOACZ21XXX,SKODA AUTO A.S.
SMTLCZP2,SMTLCZP2XXX,CREA PAY S.R.O.
SUBACZPP,SUBACZPPXXX,"VSEOBECNA UVEROVA BANKA A.S., POBOCKA PRAHA"
TOSOCZP1,TOSOCZP1XXX,TOTAL SOLUTIONS S.R.O.
TRBDCZP1,TRBDCZP1XXX,"X-TRADE BROKERS DOM MAKLERSKI SPOLKA AKCYJNA, ORGANIZACNI SLOZKA"
UNIYCZPA,UNIYCZPAXXX,"CENTRALNI DEPOZITAR CENNYCH PAPIRU, A.S."
UNIYCZPP,UNIYCZPPXXX,"CENTRALNI DEPOZITAR CENNYCH PAPIRU, A.S."
VBOECZ2X,VBOECZ2XXXX,"SBERBANK CZ, A.S. V LIKVIDACI"
VESECZP1,VESECZP1XXX,"BCRL, S.R.O."
VPAYCZP2,VPAYCZP2XXX,VIVA PAYMENT SERVICES S.A. ODSTEPNY ZAVOD
WCISCZP1,WCISCZP1XXX,"WOOD AND COMPANY INVESTICNI SPOLECNOST, A.S."
WERRCZ21,WERRCZ21XXX,WEST BROKERS A.S.
WEUICZP1,WEUICZP1XXX,WESTERN UNION INTERNATIONAL BANK
WOODCZPP,WOODCZPPXXX,WOOD AND COMPANY
XPRACZP1,XPRACZP1XXX,"PRAGUE STOCK EXCHANGE, A.S."
ZFPICZP1,ZFPICZP1XXX,"ZFP INVESTMENTS INVESTICNI SPOLECNOST, A.S."
