bic_8,bic,bank
ABLPLT21,ABLPLT21XXX,AKCINE BENDROVE LIETUVOS PASTAS
AGBLLT2X,AGBLLT2XTGT,LUMINOR BANK AS LITHUANIAN BRANCH
AGBLLT2X,AGBLLT2XXXX,LUMINOR BANK AS LITHUANIAN BRANCH
AIMULT22,AIMULT22XXX,"AIM INVEST, UAB"
AKKULT21,AKKULT21XXX,AKADEMINE KREDITO UNIJA
AMKRLT21,AMKRLT21XXX,AMBERIO KREDITAS
AMLULT22,AMLULT22XXX,'ALENDE MARKETPLACE (LITHUANIA)' UAB
AMPULT22,AMPULT22XXX,NEWRAILS UAB
ARNPLT21,ARNPLT21XXX,UAB ARN GROUP
ARUALT22,ARUALT22XXX,EBURY PARTNERS LITHUANIA UAB
AUJALT21,AUJALT21XXX,II AUJAMA-CREDIT
AUKULT21,AUKULT21XXX,AUKSITIJOS KREDITO UNIJA
AWXLLT22,AWXLLT22XXX,AWX LITHUANIA UAB
BAXXLT22,BAXXLT22XXX,"FINCI, UAB"
BCFNLT21,BCFNLT21XXX,UAB BC FINANCE
BEMULT22,BEMULT22001,BEM EUROPE UAB
BEMULT22,BEMULT22XXX,BEM EUROPE UAB
BIGKLT21,BIGKLT21XXX,BIGBANK AS FILIALAS
BIKNLT21,BIKNLT21XXX,BIRZU KREDITO UNIJA
BLDRLT21,BLDRLT21XXX,UAB BLENDER LITHUANIA
BNFNLT21,BNFNLT21XXX,"BNP FINANCE, UAB"
BNUALT22,BNUALT22XXX,FUNDSTR UAB
BVPPLT21,BVPPLT21XXX,UAB FM ORION SECURITIES POPLERLAI
BZENLT22,BZENLT22XXX,UAB ZEN.COM
CBNULT2V,CBNULT2VXXX,CBI MONEY UAB
CBSBLT26,CBSBLT26DCA,AB ARTEA BANKAS
CBSBLT26,CBSBLT26XXX,AB ARTEA BANKAS
CBVILT2X,CBVILT2XTPS,AB SEB BANKAS
CBVILT2X,CBVILT2XXXX,AB SEB BANKAS
CDSVLT21,CDSVLT21XXX,UAB CREDIT SERVICE
CFLZLT21,CFLZLT21XXX,CITADELE FAKTORINGAS IR LIZINGAS
CFMALT21,CFMALT21XXX,UAB FM MRC MARKETS
CLUALT22,CLUALT22XXX,CLEARSHIFT UAB
CNUALT21,CNUALT21XXX,"CONNECTPAY, UAB"
CRHBLT21,CRHBLT21XXX,"CREDITSTAR LITHUANIA, UAB"
CRUBLT22,CRUBLT22XXX,"CRIUS LT, UAB"
CRUGLT21,CRUGLT21XXX,CREDIT UNION SAULEGRAZA
CRVULT21,CRVULT21XXX,CORPORATE SERVICES UAB
CSDLLT22,CSDLLT22577,NASDAQ CSD SE LITHUANIAN BRANCH
CSDLLT22,CSDLLT22RTG,NASDAQ CSD SE LITHUANIAN BRANCH
CSDLLT22,CSDLLT22XXX,NASDAQ CSD SE LITHUANIAN BRANCH
CUEULT22,CUEULT22XXX,UAB CURVE EUROPE
DFGBLT22,DFGBLT22XXX,DELFINGROUP LT UAB
DIUALT22,DIUALT22XXX,"DIPOCKET, UAB"
DMVOLT22,DMVOLT22XXX,"DEMIVOLT,UAB"
DVINLT21,DVINLT21XXX,UAB FM DV INVEST DV INVEST LTD
EDINLT22,EDINLT22XXX,EDS INVEST 2
EDIVLT22,EDIVLT22XXX,EDS INVEST 3
EKCBLT21,EKCBLT21XXX,EKSPRES COMMERCIAL BANK
ELOOLT21,ELOOLT21XXX,"BANXE, UAB"
EMAULT21,EMAULT21XXX,ELEKTRONINIU MOKEJIMU AGENTURA UAB
ESUALT22,ESUALT22XXX,ESTO UAB
EUEBLT22,EUEBLT22XXX,EUROPEAN MERCHANT BANK UAB
EUUALT21,EUUALT21XXX,"EUROCASH1, UAB"
EVIULT21,EVIULT21XXX,PAYSERA LT UAB
EVIULT2V,EVIULT2V001,PAYSERA LT UAB
EVIULT2V,EVIULT2VXXX,PAYSERA LT UAB
EVSELT21,EVSELT21XXX,EVLI BANK PLC
EVUFLT21,EVUFLT21XXX,EVERNORD UAB FMI
EXUALT22,EXUALT22XXX,TT EXPRESS UAB
FIHHLT21,FIHHLT21XXX,UAB DEKNORO PREKYBA
FIUBLT22,FIUBLT22XXX,"FINHERO, UAB"
FJORLT21,FJORLT21XXX,AB FJORD BANK
FJORLT23,FJORLT23XXX,AB FJORD BANK
FLUALT22,FLUALT22XXX,FLORIOFINANCE UAB
FNBTLT21,FNBTLT21XXX,FINBALTUS FM UAB
FNBULT21,FNBULT21XXX,UAB FINANSU BITE
FNCULT22,FNCULT22XXX,"FINCAUSE, UAB"
FNRKLT22,FNRKLT22XXX,FINORA BANK UAB
FNSTLTL1,FNSTLTL1XXX,AKCINE BENDROVE SIAULIU BANKAS
FNVTLT21,FNVTLT21XXX,UAB FINVERTA
FUNALT22,FUNALT22XXX,FUNDVEST UAB
FUSBLT22,FUSBLT22XXX,FUNDSTR UAB
GLPELT21,GLPELT21XXX,GLOCASH PAYMENT
GLUALT22,GLUALT22XXX,"PAYSWIX, UAB"
GRFNLT21,GRFNLT21XXX,GF BANKAS
GSVKLT21,GSVKLT21XXX,KOOPERATINE BENDROVE KREDITO UNIJA
GUPULT22,GUPULT22XXX,UAB GURU PAY
HABALT22,HABALT22TIP,SWEDBANK AB
HABALT22,HABALT22XXX,SWEDBANK AB
HSTKLT21,HSTKLT21XXX,UAB HST KOMUNIKACIJOS
IBFLLT22,IBFLLT22XXX,AS INBANK FILIALAS
IBHBLT21,IBHBLT21XXX,BALTIC INVESTMENT GROUP
IBIULT21,IBIULT21XXX,IBSETTLE UAB
IBIULT2X,IBIULT2XXXX,IBSETTLE UAB
IBNNLT22,IBNNLT22XXX,UAB 'IBAN ONLINE'
IDLULT21,IDLULT21XXX,"IPF DIGITAL LIETUVA, UAB"
IGKULT21,IGKULT21XXX,IGNALINOS KREDITO UNIJA
INBHLT21,INBHLT21XXX,EA FJARFESTINGARFELAG HF. FILIALAS
INDULT2X,INDULT2XXXX,AS CITADELE BANKA LIETUVOS FILIALAS
INHULT21,INHULT21XXX,INTERNATIONAL FINTECH UAB
IVFILT21,IVFILT21XXX,UAB FM INVL FINASTA
JCKULT21,JCKULT21TIP,JUNGTINE CENTRINE KREDITO UNIJA
JCKULT21,JCKULT21XXX,JUNGTINE CENTRINE KREDITO UNIJA
JOKULT21,JOKULT21XXX,JONISKIO KREDITO UNIJA
JUKULT21,JUKULT21XXX,JURBARKO KREDITO UNIJA
KEKULT21,KEKULT21XXX,KELMES KREDITO UNIJA
KRBALT21,KRBALT21XXX,COMMERCIAL BANK KREDITO BANKAS
KRUALT21,KRUALT21XXX,KREDITO UNIJA 'TAUPA'
KRUELT21,KRUELT21XXX,KREDITO UNIJA 'NERIS'
KRUZLT21,KRUZLT21XXX,KREDITO UNIJA ZANAVYKU BANKELIS
KUAMLT21,KUAMLT21XXX,KREDITO UNIJA AMBER
KUFULT22,KUFULT22XXX,"KUAN FINANCIAL, UAB"
KUKTLT21,KUKTLT21XXX,KREDITO UNIJA KUPISKENU TAUPA
KUPRLT21,KUPRLT21XXX,KREDITO UNIJA MAGNUS
KUSRLT21,KUSRLT21XXX,AB MANO BANKAS
KUSRLT24,KUSRLT24TIP,AB MANO BANKAS
KUSRLT24,KUSRLT24XXX,AB MANO BANKAS
LCKULT22,LCKULT22DCA,LITHUANIAN CENTRAL CREDIT UNION
LCKULT22,LCKULT22XXX,LITHUANIAN CENTRAL CREDIT UNION
LIABLT2X,LIABLT2XCON,LIETUVOS BANKAS
LIABLT2X,LIABLT2XDCA,LIETUVOS BANKAS
LIABLT2X,LIABLT2XECM,LIETUVOS BANKAS
LIABLT2X,LIABLT2XMMS,LIETUVOS BANKAS
LIABLT2X,LIABLT2XMSD,LIETUVOS BANKAS
LIABLT2X,LIABLT2XPAY,LIETUVOS BANKAS
LIABLT2X,LIABLT2XSNO,LIETUVOS BANKAS
LIABLT2X,LIABLT2XXXX,LIETUVOS BANKAS
LIPYLT22,LIPYLT22XXX,LUX INTERNATIONAL PAYMENT SYSTEM UAB
LIPYLT23,LIPYLT23XXX,LUX INTERNATIONAL PAYMENT SYSTEM UAB
LIZGLT21,LIZGLT21XXX,SB LIZINGAS
LKDTLT21,LKDTLT21XXX,UAB LITKREDITAS
LLUALT21,LLUALT21XXX,"LATEKO LIZINGAS, UAB"
LSVILT21,LSVILT21XXX,UAB LSV INTERGROUP
MAKRLT22,MAKRLT22XXX,UAB INHOUSE LOAN
MDBALT22,MDBALT22DCA,UAB URBO BANKAS
MDBALT22,MDBALT22XXX,UAB URBO BANKAS
MFRLLT22,MFRLLT22XXX,MINISTRY OF FINANCE OF THE REPUBLIC OF LITHUANIA
MIEGLT21,MIEGLT21XXX,"SECURE NORDIC PAYMENTS, UAB"
MMCRLT21,MMCRLT21XXX,MOMENT CREDIT
MNBNLT21,MNBNLT21XXX,UAB MINIBANK
MNNELT21,MNNELT21XXX,'MANEUVER LT'
MOGOLT21,MOGOLT21XXX,UAB MOGO LT
MYTULT22,MYTULT22XXX,MYTU CREDIT UAB
NEUALT21,NEUALT21XXX,UAB NEXPAY
NFLBLT21,NFLBLT21XXX,LUMINOR LIZINGAS UAB
NIKULT22,NIKULT22XXX,NIKULIPE
NODCLT21,NODCLT21XXX,UAB NORDECUM
NODTLT22,NODTLT22XXX,NORDSTREET
NSPTLT22,NSPTLT22XXX,UAB 'NEOSPORTAS'
NSPYLT22,NSPYLT22XXX,UAB 'NS PAY'
OKEOLT22,OKEOLT22XXX,OKEO PAYMENTS UAB
OKOYLT2X,OKOYLT2XXXX,OP CORPORATE BANK PLC LITHUANIA BRANCH
OPTULT22,OPTULT22XXX,"OPAL TRANSFER EU, UAB"
OWEALT22,OWEALT22XXX,"ORION WEALTH, UAB"
PAEOLT21,PAEOLT21XXX,PANPAY EUROPE
PAKULT21,PAKULT21XXX,PAREIGUNU KREDITO UNIJA
PANXLT22,PANXLT22XXX,UNIFIEDPOST PAYMENTS FILIALAS
PAUALT22,PAUALT22XXX,AB 'PAYSTRAX'
PAYHLT22,PAYHLT22XXX,UAB 'PAYWHO'
PCTULT21,PCTULT21XXX,"PCS TRANSFER, UAB"
PEPGLT21,PEPGLT21XXX,UAB PERLAS FINANCE
PFLFLT21,PFLFLT21XXX,PALDEN FINANCE OU LIETUVOS FILIALAS
PKGRLT21,PKGRLT21XXX,UAB PASKOLU GARANTAS
PLFULT21,PLFULT21XXX,FRESH FINANCE UAB
PMNTLT2V,PMNTLT2VXXX,"PAYMONT, UAB"
PNGPLT21,PNGPLT21XXX,UAB PRO INVEST GROUP
PRFTLT22,PRFTLT22XXX,PROFITUS
PYYRLT22,PYYRLT22XXX,PAYRAY
RAKNLT21,RAKNLT21XXX,RASEINIU KREDITO UNIJA
REOLLT22,REOLLT22XXX,REGO.LT
RETBLT21,RETBLT21XXX,REVOLUT BANK UAB
REVBLT22,REVBLT22XXX,REVOLUT SECURITIES UAB
REVOLT21,REVOLT21XXX,REVOLUT BANK UAB
REVOLT23,REVOLT23XXX,REVOLUT HOLDINGS EUROPE UAB
RILALT22,RILALT22XXX,RIA LITHUANIA UAB
RNUALT21,RNUALT21XXX,RENTION UAB
ROBRLT21,ROBRLT21XXX,SWEDBANK INVESTICIJU VALDYMAS UAB
RVUALT2V,RVUALT2VTPS,REVOLUT BANK UAB
RVUALT2V,RVUALT2VXXX,REVOLUT BANK UAB
SEEOLT21,SEEOLT21XXX,SEVEN SEAS EUROPE
SENULT21,SENULT21XXX,SEB ENSKILDA UAB
SESFLT22,SESFLT22XXX,SEVEN SEAS FINANCE
SESOLT21,SESOLT21XXX,SEVEN SEAS EUROPE
SFNALT21,SFNALT21XXX,"STOKKER FINANCE, UAB"
SGRULT21,SGRULT21XXX,UAB SIGIRE
SHFRLT21,SHFRLT21XXX,SHIFT FINANCIAL SERVICES LT
SIKILT21,SIKILT21XXX,SILALES KREDITO UNIJA
SIKNLT21,SIKNLT21XXX,SIAULIU KREDITO UNIJA
SNCTLT21,SNCTLT21XXX,STATE ENTERPRISE CENTRE OF REGISTERS
SOUALT21,SOUALT21XXX,SOLLO UAB
SPEKLT21,SPEKLT21XXX,UAB FM SPEKONIS IR GASTONAS
STKDLT21,STKDLT21XXX,UAB SOSTINES KREDITAI
STUALT21,STUALT21XXX,SATCHELPAY UAB
SUEULT21,SUEULT21XXX,SUNRATE EUROPE UAB
SULLLT21,SULLLT21XXX,SIA UNICREDIT LEASING LIETUVOS FILIALAS
SUPULT22,SUPULT22XXX,"SUMUP EU PAYMENTS, UAB"
SWLULT22,SWLULT22XXX,"SWEDBANK LIZINGAS, UAB"
TBFULT21,TBFULT21XXX,"TBF FINANCE, UAB"
TBFULT31,TBFULT31XXX,"TBF FINANCE, UAB"
TEUALT22,TEUALT22XXX,TESLAPAY UAB
TEVALT21,TEVALT21XXX,UAB FM TECHNOLOGIJU VALDYMO
TFBFLT22,TFBFLT22XXX,TF BANK LIETUVOS FILIALAS
TRFBLT21,TRFBLT21XXX,TRUSTCOM FINANCIAL UAB
TRFBLT2V,TRFBLT2VXXX,TRUSTCOM FINANCIAL UAB
TRLULT21,TRLULT21XXX,"TRANSFERGO LITHUANIA, UAB"
UAAALT22,UAAALT22XXX,UAB HOKODO
UAAFLT22,UAAFLT22XXX,UAB ALTERNATYVUS FINANSAVIMAS
UAAMLT21,UAAMLT21XXX,CONTOMOBILE UAB
UABELT22,UABELT22XXX,UAB BEBAWA
UABFLT21,UABFLT21XXX,UAB FM JOSU TARPININKAS
UABILT22,UABILT22XXX,UAB BEST FINANCE
UABKLT22,UABKLT22XXX,UAB BALTIJOS KONCERNAS
UABLLT22,UABLLT22XXX,UAB BLENDER LITHUANIA F1
UABLLT23,UABLLT23XXX,UAB BLENDER LITHUANIA F2
UABNLT22,UABNLT22XXX,UZDAROJI AKCINE BENDROVE- INVESTICIJU IR VERSLO GARANTIJOS
UACALT22,UACALT22XXX,UAB CRAFTSOFT
UACDLT22,UACDLT22XXX,UAB CREDIT DAY
UACWLT22,UACWLT22XXX,UAB CROWDPEAR
UADELT21,UADELT21XXX,UAB DEVERE E-MONEY
UAEILT21,UAEILT21XXX,UAB EDS INVEST
UAELLT22,UAELLT22XXX,UAB SEILI
UAENLT22,UAENLT22XXX,UAB EDS INVEST 5
UAEVLT22,UAEVLT22XXX,UAB EDS INVEST 4
UAFBLT22,UAFBLT22XXX,UAB FINBRO
UAFILT21,UAFILT21XXX,UAB FERRATUM FINANCE
UAFMLT22,UAFMLT22XXX,UAB 'FINOMARK'
UAFNLT21,UAFNLT21XXX,UAB 'FINTEGENCE'
UAHKLT22,UAHKLT22XXX,UAB HIPOTEKINIAI KREDITAI
UAINLT21,UAINLT21XXX,UAB NIUM EU
UAIRLT22,UAIRLT22XXX,UAB INRENTO
UAKALT21,UAKALT21XXX,UAB KATALOGAS
UAKGLT21,UAKGLT21XXX,UAB 'KREDITO GARANTAS'
UAKPLT22,UAKPLT22XXX,UAB KREDITO PARTNERIS
UAKRLT22,UAKRLT22XXX,UAB KREDUS
UALELT22,UALELT22XXX,UAB BLUE EMI LT
UAMALT21,UAMALT21XXX,UAB MYRIAD CAPITAL
UAMMLT21,UAMMLT21XXX,UAB MOBILIEJI MOKEJIMAI
UAMOLT22,UAMOLT22XXX,UAB MONAVATE
UAMTLT22,UAMTLT22XXX,UAB MONSOON CAPITAL
UANELT22,UANELT22XXX,UAB NOMUPAY EUROPE
UANFLT21,UANFLT21XXX,"NEO FINANCE, AB"
UANILT22,UANILT22XXX,UAB NANDI FINANCE
UANOLT22,UANOLT22XXX,"ALPHAPAY, UAB"
UANXLT22,UANXLT22XXX,UAB NEXPAY
UAOSLT22,UAOSLT22XXX,UAB OPAY SOLUTIONS
UAOTLT21,UAOTLT21XXX,UAB OTRUST
UAPELT22,UAPELT22XXX,UAB PERVESK
UAPLLT21,UAPLLT21XXX,UAB PYRROS LITHUANIA
UAPOLT21,UAPOLT21XXX,UAB SOTERO LT
UAPRLT21,UAPRLT21XXX,UAB PROCENTAS
UAPSLT22,UAPSLT22XXX,UAB PERLOSA
UAPULT22,UAPULT22XXX,UAB PAYTEND EUROPE
UASALT22,UASALT22XXX,UAB SME LEASING
UASDLT22,UASDLT22XXX,UAB SPEEDYTELLER
UASFLT21,UASFLT21XXX,UAB SUTELKTINIS FINANSAVIMAS
UASILT22,UASILT22XXX,UAB SILVERGATE LT
UASNLT22,UASNLT22DCA,SALDO BANK UAB
UASNLT22,UASNLT22XXX,SALDO BANK UAB
UASVLT22,UASVLT22XXX,UAB 'SANDO INVESTMENT'
UATULT22,UATULT22XXX,UAB TRAVEL UNION
UATULT23,UATULT23XXX,UAB TRAVEL UNION
UAUPLT22,UAUPLT22XXX,"PAYLAR, UAB"
UAUPLT2V,UAUPLT2VXXX,"PAYLAR, UAB"
UAVKLT21,UAVKLT21XXX,UAB VAKARU KREDITAS
UAWALT21,UAWALT21XXX,UAB WALLETTO
UAWALT22,UAWALT22XXX,UAB WALLETTO
UAWALT24,UAWALT24XXX,UAB WALLETTO
UAZILT22,UAZILT22XXX,UAB ZUPER LITHUANIA
UAZLLT21,UAZLLT21XXX,UAB ZEROSUM LEASING
UBBFLT22,UBBFLT22XXX,UAB BOURGEOIS BOHEME FINTECH
UCCSLT21,UCCSLT21XXX,UAB 'CREDIT CONSULTING SERVICES'
UDBSLT22,UDBSLT22XXX,UAB DERISK BUSINESS SOLUTIONS
UDRULT22,UDRULT22XXX,UAB DRUSVALAS
UDVPLT22,UDVPLT22XXX,UAB DIGITAL VIRGO PAYMENT
UFBVLT22,UFBVLT22XXX,UAB FINANSU BITE VERSLUI
UFOELT22,UFOELT22XXX,UAB FMI OSUM SECURITIES
UFOSLT22,UFOSLT22XXX,UAB FMI ORION SECURITIES
UFPOLT21,UFPOLT21XXX,UAB 'FINANSINES PASLAUGOS' CONTIS
UFPOLT23,UFPOLT23XXX,UAB 'FINANSINES PASLAUGOS' CONTIS
UFZPLT21,UFZPLT21XXX,UAB FMI ZABOLIS IR PARTNERIAI
UGAFLT22,UGAFLT22XXX,UAB ZEMES UKIO PASKOLU GARANTIJU FONDAS
UIAMLT21,UIAMLT21XXX,UAB 'NVL ASSET MANAGEMENT'
UIPULT21,UIPULT21XXX,UAB 'INTERNATIONAL PAYMENT UNION'
UIPULT2V,UIPULT2VXXX,UAB 'INTERNATIONAL PAYMENT UNION'
UKUBLT21,UKUBLT21XXX,UAB SAUGUS KREDITAS
UPFILT22,UPFILT22XXX,UAB PRIMERO FINANCE
URFSLT21,URFSLT21XXX,UAB REBELLION FINTECH SERVICES
USDFLT22,USDFLT22XXX,UAB SME BANK
USDFLT23,USDFLT23XXX,UAB SME BANK
USPELT22,USPELT22XXX,UAB NUVEI
USPELT2V,USPELT2VXXX,UAB NUVEI
USTILT2V,USTILT2VXXX,UAB STANHOPE FINANCIAL
UVIKLT22,UVIKLT22XXX,UAB VALSTYBES INVESTICINIS KAPITALAS
UVIPLT22,UVIPLT22XXX,UAB VIESUJU INVESTICIJU PLETROS AGENTURA
VAAALT21,VAAALT21XXX,VALORPAY UAB
VAAALT23,VAAALT23XXX,VALORPAY UAB
VAUALT21,VAUALT21XXX,VALYUZ UAB
VEFULT21,VEFULT21XXX,VELVET FINANCE UAB
VEPALT21,VEPALT21XXX,"VERIFIED PAYMENTS, UAB"
VEPALT2X,VEPALT2XXXX,"VERIFIED PAYMENTS, UAB"
VIKILT21,VIKILT21XXX,VILAVISKIO KREDITO UNIJA
VIKULT21,VIKULT21XXX,VILNIAUS KREDITO UNIJA
VIPULT22,VIPULT22XXX,VIA PAYMENTS UAB
VIVGLT22,VIVGLT22XXX,VALSTYBES INVESTICIJU VALDYMO AGENT
VIVULT21,VIVULT21XXX,VIVUM UAB FM
VPLALT21,VPLALT21XXX,ETAPAY UAB
VRKULT21,VRKULT21XXX,"RATO BANKAS, UAB"
VRKULT22,VRKULT22XXX,"RATO BANKAS, UAB"
WEKFLT21,WEKFLT21XXX,AS WEST KREDIT FILIALAS
WFGULT22,WFGULT22XXX,WEGENERAL FINANCIAL GROUP UAB
WIGULT22,WIGULT22XXX,WITTY GLOBAL UAB
WIUALT22,WIUALT22XXX,WITTIX UAB
WTCALT22,WTCALT22XXX,W1TTY CAPITAL UAB.
XLITLT21,XLITLT21XXX,AB NASDAQ VILNIUS
XPUBLT22,XPUBLT22XXX,XPATE UAB
YCUBLT22,YCUBLT22XXX,YAPILY CONNECT UAB ATTN:
ZEGOLT21,ZEGOLT21XXX,UAB ZEN.COM
