bic_8,bic,bank
ACTNRO21,ACTNRO21XXX,ACTINVEST SA
ALNRROB1,ALNRROB1XXX,ALPHA FINANCE ROMANIA SA
AUSMROB1,AUSMROB1XXX,AUSTRO-ROM S.A.
BACXROBU,BACXROBUBKR,UNICREDIT BANK SA
BACXROBU,BACXROBUXXX,UNICREDIT BANK SA
BCERROB1,BCERROB1XXX,B.C.R. SECURITIES S.A.
BCRLROBU,BCRLROBUXXX,BCR BANCA PENTRU LOCUINTE S.A.
BFERROBU,BFERROBUXXX,TECHVENTURES BANK SA
BIDRROBU,BIDRROBUXXX,BANCA DE INVESTITII SI DEZVOLTARE S.A.
BKCHROBU,BKCHROBUXXX,BANK OF CHINA (CENTRAL AND EASTERN EUROPE) LIMITED BUCHAREST BRANCH
BLIKROBB,BLIKROBBXXX,BLIK ROMANIA S.A.
BLOMROBU,BLOMROBUXXX,BANQUE BANORIENT FRANCE S.A. SUCURSALA ROMANIA
BNPAROBU,BNPAROBUXXX,BNP PARIBAS PERSONAL FINANCE S.A. PARIS SUCURSALA BUCURESTI
BPKOROBU,BPKOROBUXXX,"PKO BANK POLSKI S.A. VARSOVIA, SUCURSALA BUCURESTI"
BRDEROBU,BRDEROBUCAM,BRD - GROUPE SOCIETE GENERALE SA
BRDEROBU,BRDEROBUTIT,BRD - GROUPE SOCIETE GENERALE SA
BRDEROBU,BRDEROBUXXX,BRD - GROUPE SOCIETE GENERALE SA
BRELROBU,BRELROBUCAM,LIBRA INTERNET BANK S.A.
BRELROBU,BRELROBUXXX,LIBRA INTERNET BANK S.A.
BRMAROBU,BRMAROBUXXX,EXIM BANCA ROMANEASCA S.A.
BTRLRO21,BTRLRO21AB1,BANCA TRANSILVANIA S.A
BTRLRO21,BTRLRO21BBT,BANCA TRANSILVANIA S.A
BTRLRO21,BTRLRO21BH1,BANCA TRANSILVANIA S.A
BTRLRO21,BTRLRO21BH2,BANCA TRANSILVANIA S.A
BTRLRO21,BTRLRO21BH3,BANCA TRANSILVANIA S.A
BTRLRO21,BTRLRO21CJ1,BANCA TRANSILVANIA S.A
BTRLRO21,BTRLRO21CJ2,BANCA TRANSILVANIA S.A
BTRLRO21,BTRLRO21CJ3,BANCA TRANSILVANIA S.A
BTRLRO21,BTRLRO21CJ4,BANCA TRANSILVANIA S.A
BTRLRO21,BTRLRO21CJ5,BANCA TRANSILVANIA S.A
BTRLRO21,BTRLRO21CJ6,BANCA TRANSILVANIA S.A
BTRLRO21,BTRLRO21CJ7,BANCA TRANSILVANIA S.A
BTRLRO21,BTRLRO21GR1,BANCA TRANSILVANIA S.A
BTRLRO21,BTRLRO21HD1,BANCA TRANSILVANIA S.A
BTRLRO21,BTRLRO21HRA,BANCA TRANSILVANIA S.A
BTRLRO21,BTRLRO21MS1,BANCA TRANSILVANIA S.A
BTRLRO21,BTRLRO21MS2,BANCA TRANSILVANIA S.A
BTRLRO21,BTRLRO21PH1,BANCA TRANSILVANIA S.A
BTRLRO21,BTRLRO21SB1,BANCA TRANSILVANIA S.A
BTRLRO21,BTRLRO21SB2,BANCA TRANSILVANIA S.A
BTRLRO21,BTRLRO21TLA,BANCA TRANSILVANIA S.A
BTRLRO22,BTRLRO22ABA,BANCA TRANSILVANIA S.A
BTRLRO22,BTRLRO22ABI,BANCA TRANSILVANIA S.A
BTRLRO22,BTRLRO22AGA,BANCA TRANSILVANIA S.A
BTRLRO22,BTRLRO22AR1,BANCA TRANSILVANIA S.A
BTRLRO22,BTRLRO22AR2,BANCA TRANSILVANIA S.A
BTRLRO22,BTRLRO22AR3,BANCA TRANSILVANIA S.A
BTRLRO22,BTRLRO22AR4,BANCA TRANSILVANIA S.A
BTRLRO22,BTRLRO22AR5,BANCA TRANSILVANIA S.A
BTRLRO22,BTRLRO22ARA,BANCA TRANSILVANIA S.A
BTRLRO22,BTRLRO22BB1,BANCA TRANSILVANIA S.A
BTRLRO22,BTRLRO22BB2,BANCA TRANSILVANIA S.A
BTRLRO22,BTRLRO22BB3,BANCA TRANSILVANIA S.A
BTRLRO22,BTRLRO22BB4,BANCA TRANSILVANIA S.A
BTRLRO22,BTRLRO22BBA,BANCA TRANSILVANIA S.A
BTRLRO22,BTRLRO22BBB,BANCA TRANSILVANIA S.A
BTRLRO22,BTRLRO22BBC,BANCA TRANSILVANIA S.A
BTRLRO22,BTRLRO22BBL,BANCA TRANSILVANIA S.A
BTRLRO22,BTRLRO22BBP,BANCA TRANSILVANIA S.A
BTRLRO22,BTRLRO22BBV,BANCA TRANSILVANIA S.A
BTRLRO22,BTRLRO22BCA,BANCA TRANSILVANIA S.A
BTRLRO22,BTRLRO22BCO,BANCA TRANSILVANIA S.A
BTRLRO22,BTRLRO22BH4,BANCA TRANSILVANIA S.A
BTRLRO22,BTRLRO22BHA,BANCA TRANSILVANIA S.A
BTRLRO22,BTRLRO22BHB,BANCA TRANSILVANIA S.A
BTRLRO22,BTRLRO22BNA,BANCA TRANSILVANIA S.A
BTRLRO22,BTRLRO22BOT,BANCA TRANSILVANIA S.A
BTRLRO22,BTRLRO22BRA,BANCA TRANSILVANIA S.A
BTRLRO22,BTRLRO22BTA,BANCA TRANSILVANIA S.A
BTRLRO22,BTRLRO22BTS,BANCA TRANSILVANIA S.A
BTRLRO22,BTRLRO22BVA,BANCA TRANSILVANIA S.A
BTRLRO22,BTRLRO22BVF,BANCA TRANSILVANIA S.A
BTRLRO22,BTRLRO22BVO,BANCA TRANSILVANIA S.A
BTRLRO22,BTRLRO22BZA,BANCA TRANSILVANIA S.A
BTRLRO22,BTRLRO22BZR,BANCA TRANSILVANIA S.A
BTRLRO22,BTRLRO22CJ8,BANCA TRANSILVANIA S.A
BTRLRO22,BTRLRO22CJA,BANCA TRANSILVANIA S.A
BTRLRO22,BTRLRO22CJD,BANCA TRANSILVANIA S.A
BTRLRO22,BTRLRO22CJG,BANCA TRANSILVANIA S.A
BTRLRO22,BTRLRO22CJH,BANCA TRANSILVANIA S.A
BTRLRO22,BTRLRO22CJM,BANCA TRANSILVANIA S.A
BTRLRO22,BTRLRO22CJT,BANCA TRANSILVANIA S.A
BTRLRO22,BTRLRO22CJZ,BANCA TRANSILVANIA S.A
BTRLRO22,BTRLRO22CSA,BANCA TRANSILVANIA S.A
BTRLRO22,BTRLRO22CTA,BANCA TRANSILVANIA S.A
BTRLRO22,BTRLRO22CTM,BANCA TRANSILVANIA S.A
BTRLRO22,BTRLRO22CVA,BANCA TRANSILVANIA S.A
BTRLRO22,BTRLRO22CVT,BANCA TRANSILVANIA S.A
BTRLRO22,BTRLRO22DBA,BANCA TRANSILVANIA S.A
BTRLRO22,BTRLRO22DJA,BANCA TRANSILVANIA S.A
BTRLRO22,BTRLRO22GJA,BANCA TRANSILVANIA S.A
BTRLRO22,BTRLRO22GLA,BANCA TRANSILVANIA S.A
BTRLRO22,BTRLRO22GLT,BANCA TRANSILVANIA S.A
BTRLRO22,BTRLRO22GRA,BANCA TRANSILVANIA S.A
BTRLRO22,BTRLRO22HDA,BANCA TRANSILVANIA S.A
BTRLRO22,BTRLRO22HDP,BANCA TRANSILVANIA S.A
BTRLRO22,BTRLRO22HRO,BANCA TRANSILVANIA S.A
BTRLRO22,BTRLRO22ILA,BANCA TRANSILVANIA S.A
BTRLRO22,BTRLRO22ISA,BANCA TRANSILVANIA S.A
BTRLRO22,BTRLRO22MHA,BANCA TRANSILVANIA S.A
BTRLRO22,BTRLRO22MMA,BANCA TRANSILVANIA S.A
BTRLRO22,BTRLRO22MMS,BANCA TRANSILVANIA S.A
BTRLRO22,BTRLRO22MSA,BANCA TRANSILVANIA S.A
BTRLRO22,BTRLRO22MSR,BANCA TRANSILVANIA S.A
BTRLRO22,BTRLRO22NTA,BANCA TRANSILVANIA S.A
BTRLRO22,BTRLRO22NTR,BANCA TRANSILVANIA S.A
BTRLRO22,BTRLRO22NTT,BANCA TRANSILVANIA S.A
BTRLRO22,BTRLRO22OTA,BANCA TRANSILVANIA S.A
BTRLRO22,BTRLRO22PHA,BANCA TRANSILVANIA S.A
BTRLRO22,BTRLRO22SBA,BANCA TRANSILVANIA S.A
BTRLRO22,BTRLRO22SJA,BANCA TRANSILVANIA S.A
BTRLRO22,BTRLRO22SMA,BANCA TRANSILVANIA S.A
BTRLRO22,BTRLRO22SMC,BANCA TRANSILVANIA S.A
BTRLRO22,BTRLRO22SVA,BANCA TRANSILVANIA S.A
BTRLRO22,BTRLRO22SVF,BANCA TRANSILVANIA S.A
BTRLRO22,BTRLRO22SVR,BANCA TRANSILVANIA S.A
BTRLRO22,BTRLRO22SVV,BANCA TRANSILVANIA S.A
BTRLRO22,BTRLRO22TMA,BANCA TRANSILVANIA S.A
BTRLRO22,BTRLRO22TML,BANCA TRANSILVANIA S.A
BTRLRO22,BTRLRO22TRA,BANCA TRANSILVANIA S.A
BTRLRO22,BTRLRO22VLA,BANCA TRANSILVANIA S.A
BTRLRO22,BTRLRO22VLD,BANCA TRANSILVANIA S.A
BTRLRO22,BTRLRO22VRA,BANCA TRANSILVANIA S.A
BTRLRO22,BTRLRO22XXX,BANCA TRANSILVANIA S.A
BURMROB1,BURMROB1XXX,BURSA ROMANA DE MARFURI S.A.
CARPRO22,CARPRO22XXX,PATRIA BANK S.A.
CATLROB1,CATLROB1XXX,CAPITAL S.A.
CAUEROB1,CAUEROB1XXX,UNICREDIT BANK S.A.
CBUHROBB,CBUHROBBXXX,CCP.RO BUCHAREST S.A.
CCBUROB1,CCBUROB1XXX,CASA DE COMPENSARE BUCURESTI
CECEROBU,CECEROBUXXX,CEC BANK S.A.
CITIROBU,CITIROBUTGT,"CITIBANK EUROPE PLC, DUBLIN - SUCURSALA ROMANIA"
CITIROBU,CITIROBUTRD,"CITIBANK EUROPE PLC, DUBLIN - SUCURSALA ROMANIA"
CITIROBU,CITIROBUXXX,"CITIBANK EUROPE PLC, DUBLIN - SUCURSALA ROMANIA"
CIYIRO21,CIYIRO21XXX,CITY INVEST S.A.
COIHROB1,COIHROB1XXX,CONFIDENT INVEST BUCHAREST S.A.
CRCOROBU,CRCOROBUXXX,BANCA CENTRALA COOPERATISTA CREDITCOOP
CRNVRO21,CRNVRO21XXX,CARPATICA INVEST SA
CSRCRO21,CSRCRO21XXX,CASA ROMANA DE COMPENSATIE S.A.
DECNROBU,DECNROBUXXX,DEPOZITARUL CENTRAL S.A.
DESXRO21,DESXRO21XXX,S.C. DEPOZITARUL SIBEX S.A.
DEUEROB1,DEUEROB1XXX,DEK-CO (UK) LIMITED SUCURSALA BUCURESTI
DORNROB1,DORNROB1XXX,DORINVEST S.A.
EASCROB1,EASCROB1XXX,EASTERN SECURITIES SRL
EGNAROBX,EGNAROBXXXX,VISTA BANK (ROMANIA) S.A.
EQIVROB1,EQIVROB1XXX,EQUITY INVEST S.A.
ESTIRO21,ESTIRO21XXX,ESTINVEST S.A.
ETROROB1,ETROROB1XXX,NBG SECURITIES ROMANIA S.A.
EURVROB1,EURVROB1XXX,EUROSAVAM S.A.
FIEFROB1,FIEFROB1XXX,S.S.I.F. VIENNA INVESTMENT TRUST S.A.
FIUEROB1,FIUEROB1XXX,FINACO SECURITIES S.A.
FLPYROB2,FLPYROB2XXX,FILBO PAY S.A.
FNCCRO21,FNCCRO21XXX,ROMEXTERRA FINANCE S.A
FNNBROBU,FNNBROBUXXX,NEXENT BANK N.V. AMSTERDAM - SUCURSALA BUCURESTI
FNOIROB2,FNOIROB2XXX,FINANCE ONE IFN S.A.
FTSBROBU,FTSBROBUXXX,BNP PARIBAS S.A. PARIS SUCURSALA BUCURESTI
GOLIRO21,GOLIRO21XXX,GOLDRING S.A.
HTVMROB1,HTVMROB1XXX,HTI VALORI MOBILIARE S.A.
IETRROB1,IETRROB1XXX,IEBA TRUST S.A.
IFFNRO21,IFFNRO21XXX,IFB FINWEST S.A.
INAORO21,INAORO21XXX,INTERFINBROK CORPORATION S.A.
INGBROBU,INGBROBUXXX,"ING BANK N.V., AMSTERDAM BUCHAREST BRANCH"
INLNRO21,INLNRO21XXX,INTERDEALER CAPITAL INVEST S.A.
ITINROB1,ITINROB1XXX,INTERCAPITAL INVEST S.A.
ITTRROB1,ITTRROB1XXX,INTERVAM S.A.
IVTEROB1,IVTEROB1XXX,G.M. INVEST S.A.
IVTSRO21,IVTSRO21XXX,HB INVEST S.A.
IVVIROB2,IVVIROB2XXX,INVESTIMENTAL S.A.
KCCFRO21,KCCFRO21XXX,KIRA CREDITO AND CAUZIONI IFN S.A
KSRSROB1,KSRSROB1XXX,SWISS CAPITAL SA
MINDROBU,MINDROBUXXX,BANCA ROMANA DE CREDITE SI INVESTITII S.A.
MIROROBU,MIROROBUXXX,PROCREDIT BANK S.A
MODLRO21,MODLRO21XXX,MONDIAL SA
MUGIROB1,MUGIROB1XXX,MUNTENIA GLOBAL INVEST S.A.
NBORROBA,NBORROBAXXX,NATIONAL BANK OF ROMANIA
NBORROBB,NBORROBBXXX,NATIONAL BANK OF ROMANIA
NBORROBP,NBORROBPXXX,NATIONAL BANK OF ROMANIA
NBORROBU,NBORROBUXXX,NATIONAL BANK OF ROMANIA
NOIVRO21,NOIVRO21XXX,NOVA INVEST S.A.
OLGIRO21,OLGIRO21XXX,SHARE INVEST S.A.
PANXRO22,PANXRO22XXX,UNIFIEDPOST PAYMENTS LA HULPE SUCURSALA TIMISOARA
PATRROB1,PATRROB1XXX,CAPA FINANCE IFN SA
PORLROBU,PORLROBUXXX,CREDEX BANK SA
PRTAROB1,PRTAROB1XXX,PRIME TRANSACTION S.A.
RACIROB1,RACIROB1XXX,RAIFFEISEN CAPITAL AND INVESTMENT
REVOROBB,REVOROBBXXX,REVOLUT BANK UAB VILNIUS SUCURSALA BUCURESTI
RNCBROBU,RNCBROBUAR0,BANCA COMERCIALA ROMANA S.A ROMANIAN COMMERCIAL BANK N.A
RNCBROBU,RNCBROBUCS0,BANCA COMERCIALA ROMANA S.A ROMANIAN COMMERCIAL BANK N.A
RNCBROBU,RNCBROBUCV0,BANCA COMERCIALA ROMANA S.A ROMANIAN COMMERCIAL BANK N.A
RNCBROBU,RNCBROBUIL0,BANCA COMERCIALA ROMANA S.A ROMANIAN COMMERCIAL BANK N.A
RNCBROBU,RNCBROBUXXX,BANCA COMERCIALA ROMANA S.A ROMANIAN COMMERCIAL BANK N.A
ROBURO21,ROBURO21XXX,ROINVEST BUCOVINA S.A.
ROECROB1,ROECROB1XXX,ROMBELL SECURITIES S.A.
ROINROBU,ROINROBUXXX,SALT BANK SA
ROMCRO21,ROMCRO21XXX,ROMCAPITAL S.A.
RONCROB1,RONCROB1XXX,ROMANIAN POST NATIONAL COMPANY
RZBRROBU,RZBRROBURBR,RAIFFEISEN BANK S.A.
RZBRROBU,RZBRROBUXXX,RAIFFEISEN BANK S.A.
SABMROB1,SABMROB1XXX,URSUS BREWERIES SA
SECTRO21,SECTRO214B6,SAMSUNG ELECTRONICS ROMANIA SRL
SECTRO21,SECTRO21XXX,SAMSUNG ELECTRONICS ROMANIA SRL
SEEERO21,SEEERO21XXX,BT CAPITAL PARTNERS S.A.
SIFKRO21,SIFKRO21XXX,SOCIETATE DE INVESTITII FINANCIARE BROKER S.A.
SMRSROB1,SMRSROB1XXX,NHL SECURITIES S.A.
SNCDROB1,SNCDROB1XXX,CASA DE COMPENSARE BUCURESTI MOBILARE
SRFSROB1,SRFSROB1XXX,SPEED TRANSFER FINANCIAR SRL
SSRRROB1,SSRRROB1XXX,SC SMITH AND SMITH SRL
SUGIRO21,SUGIRO21XXX,SUPER GOLD INVEST SRL
TACIRO21,TACIRO21XXX,TARGET CAPITAL S.A.
TBIBROBU,TBIBROBUXXX,TBI BANK EAD SOFIA BUCHAREST BRANCH
TREZROBU,TREZROBUXXX,MINISTRY OF FINANCE
TRFDROBS,TRFDROBSSNT,SOCIETATEA DE TRANSFER DE FONDURI SI DECONTARI TRANSFOND SA
TRFDROBS,TRFDROBSXXX,SOCIETATEA DE TRANSFER DE FONDURI SI DECONTARI TRANSFOND SA
TRPTRO21,TRPTRO21XXX,S.S.I.F. BLUE ROCK FINANCIAL SERVICES S.A.
UGBIROBU,UGBIROBUXXX,GARANTI BANK S.A.
UNSUROB1,UNSUROB1XXX,FAIRWIND SECURITIES S.A.
VANGROB1,VANGROB1XXX,TRADEVILLE SA
VOLTRO21,VOLTRO21XXX,VOLTINVEST S.A.
VPAYROB2,VPAYROB2XXX,VIVA PAYMENT SERVICES S.A SUCURSALA BUCURESTI
WBANRO22,WBANRO22XXX,BANCA COMERCIALA INTESA SANPAOLO ROMANIA S.A.
WBROROB1,WBROROB1XXX,W.B.S. ROMANIA S.A.
XBSEROB1,XBSEROB1XXX,BURSA DE VALORI BUCURESTI SA
