bic_8,bic,bank
ABOCRUMM,ABOCRUMMXXX,AGRICULTURAL BANK OF CHINA (MOSCOW) LIMITED
ABSLRUMM,ABSLRUMMXXX,ABSOLUT BANK
AEGBRUMM,AEGBRUMMXXX,AMERICAN EXPRESS BANK LLC
AGCORUMM,AGCORUMMXXX,JOINT-STOCK COMMERCIAL BANK AGROPROMCREDIT
AGRYRUM1,AGRYRUM1XXX,AGROSOYUZ BANK
AGZARU33,AGZARU33XXX,JSC BANK 'AGROROS'
AGZARUM1,AGZARUM1XXX,JOINT STOCK COMPANY 'BANK' AGROROS'
AJICRU81,AJICRU81XXX,AMURPROMSTROYBANK ZAO
AJSCRU55,AJSCRU55XXX,BANK ACCEPT JSC
AKKORU51,AKKORU51XXX,PUBLIC JOINT-STOCK COMPANY BANK OTKRITIE FINANCIAL CORPORATION
AKOARU22,AKOARU22XXX,PJSC AKIBANK
AKTVRU21,AKTVRU21XXX,AKTIV BANK
ALCPRUM1,ALCPRUM1XXX,LIMITED LIABILITY COMPANY MANAGEMENT COMPANY ALFA-CAPITAL
ALEFRUM1,ALEFRUM1001,ALEF-BANK
ALEFRUM1,ALEFRUM1002,ALEF-BANK
ALEFRUM1,ALEFRUM1003,ALEF-BANK
ALEFRUMM,ALEFRUMMXXX,ALEF-BANK
ALFARUMM,ALFARUMM001,ALFA-BANK
ALFARUMM,ALFARUMM002,ALFA-BANK
ALFARUMM,ALFARUMM006,ALFA-BANK
ALFARUMM,ALFARUMM015,ALFA-BANK
ALFARUMM,ALFARUMM018,ALFA-BANK
ALFARUMM,ALFARUMM020,ALFA-BANK
ALFARUMM,ALFARUMM037,ALFA-BANK
ALFARUMM,ALFARUMMXXX,ALFA-BANK
ALILRUMM,ALILRUMMXXX,RENAISSANCE CREDIT COMMERCIAL BANK
ALMZRU8Y,ALMZRU8YXXX,ALMAZERGIENBANK
ALNORUM1,ALNORUM1XXX,NCO 'ALTERNATIVA' LTD.
ALOORU51,ALOORU51XXX,OOO KB 'ALTAYKAPITALBANK'
AMOORUM1,AMOORUM1XXX,LIMITED LIABILITY COMPANY 'SOCIUM- BANK'
AMOORUM2,AMOORUM2XXX,LIMITED LIABILITY COMPANY 'SOCIUM- BANK'
ARESRUMM,ARESRUMMXXX,"COMMERCIAL BANK 'ARESBANK', LTD."
ARRSRU2K,ARRSRU2KXXX,AK BARS JOINT-STOCK COMMERCIAL BANK (PUBLIC JOINT-STOCK COMPANY)
ASANRU8X,ASANRU8XXXX,ASIAN-PACIFIC BANK
ASIJRUMM,ASIJRUMMXXX,JSC ASIA-INVEST BANK
ATBTRUMM,ATBTRUMMXXX,ATB BANK
ATCGRUM1,ATCGRUM1XXX,LIMITED LIABILITY COMPANY ATON-CAPITAL
ATIMRUM1,ATIMRUM1XXX,ATON INVESTMENT MOSCOW
ATONRUM2,ATONRUM2XXX,ATON
AVJSRUMM,AVJSRUMMXXX,AVANGARD BANK
AVTBRUMM,AVTBRUMM002,PJSC BANK URALSIB
AVTBRUMM,AVTBRUMM015,PJSC BANK URALSIB
AVTBRUMM,AVTBRUMM021,PJSC BANK URALSIB
AVTBRUMM,AVTBRUMM025,PJSC BANK URALSIB
AVTBRUMM,AVTBRUMM032,PJSC BANK URALSIB
AVTBRUMM,AVTBRUMM048,PJSC BANK URALSIB
AVTBRUMM,AVTBRUMMXXX,PJSC BANK URALSIB
BACKRU61,BACKRU61XXX,COMMERCIAL BANK 'BAIKALCREDOBANK' (JOINT STOCK COMPANY)
BADJRUMM,BADJRUMMKRS,JOINT STOCK COMPANY BBR BANK
BADJRUMM,BADJRUMMNNG,JOINT STOCK COMPANY BBR BANK
BADJRUMM,BADJRUMMSPB,JOINT STOCK COMPANY BBR BANK
BADJRUMM,BADJRUMMVLD,JOINT STOCK COMPANY BBR BANK
BADJRUMM,BADJRUMMXXX,JOINT STOCK COMPANY BBR BANK
BAHNRU41,BAHNRU41MSK,BASHINVESTBANK
BAHNRU41,BAHNRU41XXX,BASHINVESTBANK
BATSRU21,BATSRU21XXX,JOINT-STOCK COMPANY BAT-SPB
BATSRU31,BATSRU31XXX,BRITISH AMERICAN TOBACCO RUSSIA LIMITED
BATSRUM1,BATSRUM1XXX,JOINT STOCK COMPANY INTERNATIONAL TOBACCO MARKETING SERVICES
BCSBRU55,BCSBRU55XXX,BCS BANK
BDRFRUMM,BDRFRUMMXXX,BANK DOM.RF
BEEIRU22,BEEIRU22XXX,JSC 'BANK BEREIT'
BELORU21,BELORU21XXX,JSC BELGORODSOCBANK
BELORU2B,BELORU2BXXX,JSC BELGORODSOCBANK
BELRRU51,BELRRU51XXX,LIMITED LIABILITY COMPANY COMMERCIAL BANK INTERACTION
BEOARU21,BEOARU21XXX,JOINT STOCK COMPANY 'POCHTA BANK'
BEZARU21,BEZARU21XXX,JOINT-STOCK COMPANY COMMERCIAL BANK RUSSIA PEOPLE'S BANK
BFEARUMM,BFEARUMMXXX,STATE DEVELOPMENT CORPORATION VEB.RF
BIJORU66,BIJORU66XXX,JSC REALIST BANK
BINORU21,BINORU21EKB,BANK OTKRITIE FINANCIAL CORPORATION (PUBLIC JOINT-STOCK COMPANY)
BINORU21,BINORU21MOS,BANK OTKRITIE FINANCIAL CORPORATION (PUBLIC JOINT-STOCK COMPANY)
BINORU21,BINORU21NVS,BANK OTKRITIE FINANCIAL CORPORATION (PUBLIC JOINT-STOCK COMPANY)
BINORU21,BINORU21RST,BANK OTKRITIE FINANCIAL CORPORATION (PUBLIC JOINT-STOCK COMPANY)
BINORU21,BINORU21SPB,BANK OTKRITIE FINANCIAL CORPORATION (PUBLIC JOINT-STOCK COMPANY)
BINORU21,BINORU21STV,BANK OTKRITIE FINANCIAL CORPORATION (PUBLIC JOINT-STOCK COMPANY)
BINORU21,BINORU21ULV,BANK OTKRITIE FINANCIAL CORPORATION (PUBLIC JOINT-STOCK COMPANY)
BINORU21,BINORU21VLD,BANK OTKRITIE FINANCIAL CORPORATION (PUBLIC JOINT-STOCK COMPANY)
BINORU21,BINORU21XXX,BANK OTKRITIE FINANCIAL CORPORATION (PUBLIC JOINT-STOCK COMPANY)
BKAVRU2K,BKAVRU2KXXX,AVERS BANK
BKCHRUMM,BKCHRUMMKHB,JOINT-STOCK COMMERCIAL BANK BANK OF CHINA (JSC)
BKCHRUMM,BKCHRUMMVLD,JOINT-STOCK COMMERCIAL BANK BANK OF CHINA (JSC)
BKCHRUMM,BKCHRUMMXXX,JOINT-STOCK COMMERCIAL BANK BANK OF CHINA (JSC)
BKUZRU2P,BKUZRU2PXXX,PJSC BANK KUZNETSKY
BLAARU21,BLAARU21XXX,JOINT STOCK COMPANY BALAKOVO-BANK
BLICRUMM,BLICRUMMXXX,EXPOBANK JSC
BMWFRUMM,BMWFRUMMXXX,OOO BMW BANK
BNPARUMM,BNPARUMMXXX,'BNP PARIBAS BANK' JSC
BOFARUM1,BOFARUM1XXX,"BANK OF AMERICA, N.A. (MOSCOW)"
BOTKRUMM,BOTKRUMMXXX,JOINT STOCK COMPANY MUFG BANK (EURASIA)
BRATRU6B,BRATRU6BXXX,BRATSKY NARODNY BANK JSC
BRKCRUM1,BRKCRUM1XXX,BROKERCREDITSERVICE COMPANY LLC
BRNSRUM1,BRNSRUM1XXX,NBCO 'BRINKS'
BROORU21,BROORU21PTR,PUBLIC JOINT-STOCK COMPANY BANK UNITED FINANCIAL CAPITAL
BROORU21,BROORU21XXX,PUBLIC JOINT-STOCK COMPANY BANK UNITED FINANCIAL CAPITAL
BRRJRUM1,BRRJRUM1XXX,BRUNSWICK RUSSIA (JERSEY) LIMITED
BSAARU41,BSAARU41XXX,PUBLIC JOINT-STOCK COMPANY ROSCOMSNABBANK
BSBBRU51,BSBBRU51XXX,BST-BANK
BULGRU21,BULGRU21XXX,JOINT-STOCK COMPANY BULGAR BANK
BYJSRU33,BYJSRU33MOS,BYSTROBANK
BYJSRU33,BYJSRU33XXX,BYSTROBANK
CAAKRU21,CAAKRU21XXX,LIMITED LIABILITY COMPANY STAROOSKO COMMERCIAL AGROPROMBANK
CAIWRUMM,CAIWRUMMXXX,JSC MC BANK RUS
CBBORU8V,CBBORU8VAPK,JOINT-STOCK COMPANY COMMERCIAL BANK 'SUMMIT BANK'
CBBORU8V,CBBORU8VXXX,JOINT-STOCK COMPANY COMMERCIAL BANK 'SUMMIT BANK'
CBFIRU81,CBFIRU81XXX,FAR-EASTERN JOINT STOCK CMML BANK OF FISHERIES - DALRYBBANK
CBMWRUMM,CBMWRUMMXXX,JSC MOSCOMBANK
CBNNRUM1,CBNNRUM1GUB,NATIONAL STANDARD BANK (JOINT-STOCK COMPANY)
CBNNRUM1,CBNNRUM1NVR,NATIONAL STANDARD BANK (JOINT-STOCK COMPANY)
CBNNRUM1,CBNNRUM1SPB,NATIONAL STANDARD BANK (JOINT-STOCK COMPANY)
CBNNRUMM,CBNNRUMMXXX,NATIONAL STANDARD BANK (JOINT-STOCK COMPANY)
CBRFRUMM,CBRFRUMMXXX,CENTRAL BANK OF RUSSIAN FEDERATION
CCGNRUMM,CCGNRUMMXXX,CENTRAL COUNTERPARTY 'SPB CLEARING' (JOINT-STOCK COMPANY)
CCIVRU2R,CCIVRU2RXXX,PUBLIC JOINT-STOCK COMPANY COMMERCIAL BANK CENTER-INVEST
CECBRU2K,CECBRU2KXXX,INVESTMENT COOPERATIVE BANK JSC
CEPJRU22,CEPJRU22XXX,COMMERCIAL BANK 'SELMASHBANK' (PUBLIC JOINT-STOCK COMPANY)
CETBRUMM,CETBRUMMXXX,"CETELEM BANK, LLC"
CHASRUMX,CHASRUMXENQ,CB ''J.P. MORGAN BANK INTERNATIONAL'' (LLC)
CHASRUMX,CHASRUMXXXX,CB ''J.P. MORGAN BANK INTERNATIONAL'' (LLC)
CHINRU41,CHINRU41KHM,JOINT STOCK INVESTMENT BANK OF CHELYABINSK-CHELYABINVESTBANK
CHINRU41,CHINRU41KOP,JOINT STOCK INVESTMENT BANK OF CHELYABINSK-CHELYABINVESTBANK
CHINRU41,CHINRU41MIA,JOINT STOCK INVESTMENT BANK OF CHELYABINSK-CHELYABINVESTBANK
CHINRU41,CHINRU41OZR,JOINT STOCK INVESTMENT BANK OF CHELYABINSK-CHELYABINVESTBANK
CHINRU41,CHINRU41VAS,JOINT STOCK INVESTMENT BANK OF CHELYABINSK-CHELYABINVESTBANK
CHINRU41,CHINRU41XXX,JOINT STOCK INVESTMENT BANK OF CHELYABINSK-CHELYABINVESTBANK
CHINRU41,CHINRU41YUZ,JOINT STOCK INVESTMENT BANK OF CHELYABINSK-CHELYABINVESTBANK
CHINRU4C,CHINRU4CDEM,JOINT STOCK INVESTMENT BANK OF CHELYABINSK-CHELYABINVESTBANK
CHINRU4C,CHINRU4CMAG,JOINT STOCK INVESTMENT BANK OF CHELYABINSK-CHELYABINVESTBANK
CHINRU4C,CHINRU4CTRK,JOINT STOCK INVESTMENT BANK OF CHELYABINSK-CHELYABINVESTBANK
CHINRU4C,CHINRU4CXXX,JOINT STOCK INVESTMENT BANK OF CHELYABINSK-CHELYABINVESTBANK
CHLBRU4C,CHLBRU4CRUR,PJSC 'CHELINDBANK'
CHLBRU4C,CHLBRU4CXXX,PJSC 'CHELINDBANK'
CHZBRU41,CHZBRU41XXX,TAURUS BANK (CLOSED JOINT-STOCK COMPANY)
CINGRUMM,CINGRUMMXXX,CAPITAL KREDIT LTD
CITIRUMX,CITIRUMXBON,"AO CITIBANK, MOSCOW"
CITIRUMX,CITIRUMXXXX,"AO CITIBANK, MOSCOW"
CITVRU2P,CITVRU2PXXX,CITY INVEST BANK
CKBBRUMM,CKBBRUMMXXX,CENTROKREDIT BANK
CLIDRUM1,CLIDRUM1XXX,LEGPROMBANK COMMERCIAL BANK
CLOKRUMM,CLOKRUMMXXX,JOINT STOCK COMPANY 'LOCKO-BANK'
CMAARU51,CMAARU51XXX,COMMERCIAL BANK 'MAXIMA' (LIMITED LIABILITY COMPANY)
CNOVRUMM,CNOVRUMMNNG,JOINT-STOCK COMMERCIAL BANK 'NOVIKOMBANK'
CNOVRUMM,CNOVRUMMNSB,JOINT-STOCK COMMERCIAL BANK 'NOVIKOMBANK'
CNOVRUMM,CNOVRUMMRND,JOINT-STOCK COMMERCIAL BANK 'NOVIKOMBANK'
CNOVRUMM,CNOVRUMMSPB,JOINT-STOCK COMMERCIAL BANK 'NOVIKOMBANK'
CNOVRUMM,CNOVRUMMTLT,JOINT-STOCK COMMERCIAL BANK 'NOVIKOMBANK'
CNOVRUMM,CNOVRUMMTUL,JOINT-STOCK COMMERCIAL BANK 'NOVIKOMBANK'
CNOVRUMM,CNOVRUMMXXX,JOINT-STOCK COMMERCIAL BANK 'NOVIKOMBANK'
COAKRUM1,COAKRUM1XXX,JOINT STOCK COMPANY 'YANDEX BANK'
COAZRU21,COAZRU21XXX,JOINT STOCK COMPANY COMMERCIAL BANK 'ARZAMAS'
COBARUMM,COBARUMMXXX,COMMERZBANK EURASIJA AO
CODKRU21,CODKRU21XXX,CONFIDENCEBANK
CODLRUMM,CODLRUMMXXX,COMMERCIAL INDO BANK LLC
CODVRUM1,CODVRUM1XXX,COMMERCIAL BANK OF DEVELOPMENT (LIMITED LIABILITY COMPANY)
COGKRUM1,COGKRUM1XXX,COMMERCIAL BANK GEOBANK (LIMITED LIABILITY COMPANY)
COLKRUMM,COLKRUMMESN,COMMERCIAL BANK 'LANTA-BANK'
COLKRUMM,COLKRUMMKBB,COMMERCIAL BANK 'LANTA-BANK'
COLKRUMM,COLKRUMMKRA,COMMERCIAL BANK 'LANTA-BANK'
COLKRUMM,COLKRUMMNNG,COMMERCIAL BANK 'LANTA-BANK'
COLKRUMM,COLKRUMMNSB,COMMERCIAL BANK 'LANTA-BANK'
COLKRUMM,COLKRUMMORL,COMMERCIAL BANK 'LANTA-BANK'
COLKRUMM,COLKRUMMSPB,COMMERCIAL BANK 'LANTA-BANK'
COLKRUMM,COLKRUMMXXX,COMMERCIAL BANK 'LANTA-BANK'
COSVRU21,COSVRU21XXX,JOINT-STOCK COMPANY COMMERCIAL BANK RUBANK
CRDURU4C,CRDURU4CXXX,CREDIT URAL BANK JOINT STOCK COMPANY
CRESRUMM,CRESRUMML21,JOINT-STOCK COMPANY BANK CREDIT SUISSE(MOSCOW)
CRESRUMM,CRESRUMMXXX,JOINT-STOCK COMPANY BANK CREDIT SUISSE(MOSCOW)
CRLYRU2P,CRLYRU2PMSC,CREDIT AGRICOLE CIB AO
CRLYRU2P,CRLYRU2PXXX,CREDIT AGRICOLE CIB AO
CROKRUMM,CROKRUMMXXX,CB CROCUS-BANK (LLC)
CSMMRUMM,CSMMRUMMXXX,BANK 'COSMOS'
CUPCRU55,CUPCRU55XXX,CREDIT UNION 'PAYMENT CENTER'
DATARU33,DATARU33XXX,JOINT-STOCK COMPANY 'DATABANK'
DCBRRUM1,DCBRRUM1XXX,MERCEDES-BENZ BANK RUS
DCLORU42,DCLORU42XXX,DRUZHBA COMMERCIAL BANK LIMITED LIABILITY COMPANY
DECERU41,DECERU41XXX,PUBLIC JOINT STOCK COMPANY BANK URALSIB
DERZRUMM,DERZRUMMXXX,DERZHAVA PJSCB
DEUTRUMM,DEUTRUMMF4C,DEUTSCHE BANK LTD.
DEUTRUMM,DEUTRUMMGME,DEUTSCHE BANK LTD.
DEUTRUMM,DEUTRUMMXXX,DEUTSCHE BANK LTD.
DIGBRU31,DIGBRU31XXX,OPEN JOINT STOCK COMPANY INVESTMENT JOINT STOCK BANK DIG-BANK
DLNBRUMM,DLNBRUMMXXX,JOINT-STOCK COMPANY BANK DALENA
DOLIRU8Y,DOLIRU8YXXX,COMMERCIAL BANK DOLINSK (JOINT STOCK COMPANY)
DOMORUM1,DOMORUM1XXX,MCB DOM-BANK
DONARU21,DONARU21XXX,JOINT STOCK COMPANY OTP BANK
DONBRU21,DONBRU21XXX,OPEN JOINT STOCK COMPANY INVESTMENT JOINT STOCK BANK DIG-BANK
DONKRU21,DONKRU21XXX,DONKHLEBBANK OAO
DONORU2R,DONORU2RXXX,PJSC DONCOMBANK
DRKBRUM1,DRKBRUM1XXX,DRESDNER KLEINWORT BENSON 000
ECILRU2A,ECILRU2AXXX,JOINT-STOCK COMPANY COMMERCIAL INVESTMENT BANK 'EUROALLIANCE'
ECOERUM1,ECOERUM1XXX,ECO-INVEST
ENGORU2K,ENGORU2KMOS,ENERGOTRANSBANK
ENGORU2K,ENGORU2KSOV,ENERGOTRANSBANK
ENGORU2K,ENGORU2KXXX,ENERGOTRANSBANK
ERMARU51,ERMARU51XXX,JOINT-STOCK COMPANY NIZHNEVARTOVSK CITY BANK 'ERMAK'
ETZARUM1,ETZARUM1XXX,ETALONBANK
EUJKRU55,EUJKRU55XXX,JOINT-STOCK INVESTMENT COMMERCIAL BANK ENISEISK UNITED BANK LTD
EVRFRUM1,EVRFRUM1KRS,EVROFINANCE MOSNARBANK
EVRFRUM1,EVRFRUM1NNG,EVROFINANCE MOSNARBANK
EVRFRUM1,EVRFRUM1RND,EVROFINANCE MOSNARBANK
EVRFRUM1,EVRFRUM1SMR,EVROFINANCE MOSNARBANK
EVRFRUM1,EVRFRUM1SPB,EVROFINANCE MOSNARBANK
EVRFRUM1,EVRFRUM1STV,EVROFINANCE MOSNARBANK
EVRFRUM1,EVRFRUM1VLD,EVROFINANCE MOSNARBANK
EVRFRUM1,EVRFRUM1VLG,EVROFINANCE MOSNARBANK
EVRFRUM1,EVRFRUM1YRS,EVROFINANCE MOSNARBANK
EVRFRUMM,EVRFRUMMXXX,EVROFINANCE MOSNARBANK
EXIRRUMM,EXIRRUMMXXX,EXIMBANK OF RUSSIA
EXPNRUMM,EXPNRUMMXXX,EXPOBANK JSC
EXVORU21,EXVORU21XXX,AO AKB EXPRESS-VOLGA
FAEBRU8V,FAEBRU8VXXX,FAR EASTERN BANK
FCAERUMM,FCAERUMMXXX,LIMITED LIABILITY COMPANY NON- BANKING CREDIT ORGANIZATION 'ER FINANCE'
FCBRRUMM,FCBRRUMMXXX,FIRST CLIENT BANK (LIMITED LIABILITY COMPANY)
FEDCRUM1,FEDCRUM1XXX,COMMERCIAL BANK 'FDB' (LIMITED LIAB COMPANY)
FIDKRU21,FIDKRU21XXX,FIRST DORTRANSBANK
FIEVRUM1,FIEVRUM1XXX,FINNET-SERVICE LTD
FJTCRU22,FJTCRU22XXX,JSC 'FIRST DORTRANSBANK'
FMOSRUMM,FMOSRUMMXXX,CREDIT EUROPE BANK (RUSSIA) LTD.
FNMMRUMM,FNMMRUMMXXX,FINAM BANK
FOJSRUMM,FOJSRUMMXXX,FORA-BANK AO
FORHRU33,FORHRU33XXX,JOINT STOCK COMMERCIAL BANK FORSHTADT
FOUURU21,FOUURU21XXX,JOINT-STOCK COMPANY FORA - OPPORTUNITY RUSSIAN BANK
FRFLRUMM,FRFLRUMMXXX,LIMITED LIABILITY COMPANY 'CIFRA BANK'
FRIBRUMM,FRIBRUMMXXX,JOINT STOCK COMPANY 'FIRST INVESTMENT BANK'
FRIPRUM1,FRIPRUM1XXX,FITCH RATINGS CIS LIMITED (MOSCOW BRANCH)
GAZARU21,GAZARU21MF1,GAZENERGOBANK
GAZARU21,GAZARU21XXX,GAZENERGOBANK
GAZNRUM1,GAZNRUM1XXX,JOINT STOCK COMMERCIAL BANK 'GAZNEFTBANK' (JOINT STOCK COMPANY)
GAZPRUMM,GAZPRUMMXXX,GAZPROMBANK (JOINT STOCK COMPANY)
GBBBRU88,GBBBRU88XXX,ING BANK (EURASIA) JSC
GCOJRUM1,GCOJRUM1XXX,BANK GLOBUS JSC
GESPRU21,GESPRU21XXX,GEFEST BANK LTD
GJSCRU21,GJSCRU21XXX,GELENDJIK-BANK
HOLNRUM1,HOLNRUM1XXX,LIMITED LIABILITY COMPANY COMMERCIAL BANK 'HOLDINVESTBANK'
HRANRUMM,HRANRUMMEKB,INKAKHRAN NKO (AO)
HRANRUMM,HRANRUMMXXX,INKAKHRAN NKO (AO)
HVBKRUMM,HVBKRUMMXXX,AO WOORI BANK
IBAZRUMM,IBAZRUMMXXX,THE BANK IBA-MOSCOW LLC
IBECRUMM,IBECRUMMXXX,INTL BANK FOR ECONOMIC COOPERATION
ICBKRUMM,ICBKRUMMCLR,BANK ICBC (JOINT STOCK COMPANY)
ICBKRUMM,ICBKRUMMXXX,BANK ICBC (JOINT STOCK COMPANY)
ICDYRU2Y,ICDYRU2YXXX,INVESTMENT COMMERCIAL BANK OF DEVELOPMENT 'YARINTERBANK'
ICFIRUMM,ICFIRUMMXXX,JOINT-STOCK COMPANY JOINT-STOCK COMMERCIAL BANK 'INTERNATIONAL FINANCIAL CLUB'
IIBMRUMM,IIBMRUMMXXX,INTERNATIONAL INVESTMENT BANK
IKBARUMM,IKBARUMMXXX,DENIZBANK MOSCOW JSC
IMBKRUMM,IMBKRUMMIBO,UNICREDIT BANK AO
IMBKRUMM,IMBKRUMMPET,UNICREDIT BANK AO
IMBKRUMM,IMBKRUMMXXX,UNICREDIT BANK AO
INCBRU55,INCBRU55XXX,JOINT STOCK COMPANY COMMERCIAL BANK 'POIDEM'
INEARUMM,INEARUMMXXX,INTERSTATE BANK
INGBRUMM,INGBRUMML28,ING BANK (EURASIA) JSC
INGBRUMM,INGBRUMMTMK,ING BANK (EURASIA) JSC
INGBRUMM,INGBRUMMXXX,ING BANK (EURASIA) JSC
INKKRUM1,INKKRUM1XXX,PUBLIC JOINT-STOCK COMPANY MOSCOW REGIONAL BANK
INKNRUM2,INKNRUM2XXX,"INBANK, LTD"
INOYRUM1,INOYRUM1XXX,INSTROYBANK LTD
INTPRUMM,INTPRUMMXXX,INTERPROGRESSBANK
IPOTRU21,IPOTRU21XXX,BANK CITY (JOINT-STOCK COMPANY)
IRBARU22,IRBARU22MAH,COMMERCIAL BANK 'RBA' (LIMITED LIABILITY COMPANY)
IRBARU22,IRBARU22MSK,COMMERCIAL BANK 'RBA' (LIMITED LIABILITY COMPANY)
IRBARU22,IRBARU22XXX,COMMERCIAL BANK 'RBA' (LIMITED LIABILITY COMPANY)
IRITRUM1,IRITRUM1XXX,IBDIT LTD
IRONRUM1,IRONRUM1XXX,IRON BANK
ISBKRUMM,ISBKRUMMXXX,ISBANK JOINT STOCK COMPANY
ITCURUM2,ITCURUM2XXX,NONBANKING CREDIT ORGANIZATION 'INTERBANK CREDIT UNION' (LIMITED LIABILITY COMPANY)
ITCURUMM,ITCURUMMXXX,NONBANKING CREDIT ORGANIZATION 'INTERBANK CREDIT UNION' (LIMITED LIABILITY COMPANY)
ITEHRU21,ITEHRU21100,ALEKSANDROVSKY BANK
ITEHRU21,ITEHRU21200,ALEKSANDROVSKY BANK
ITEHRU21,ITEHRU21300,ALEKSANDROVSKY BANK
ITEHRU2P,ITEHRU2PXXX,ALEKSANDROVSKY BANK
IVAORU21,IVAORU21XXX,JOINT STOCK COMPANY COMMERCIAL BANK IVANOVO
IVDCRUMM,IVDCRUMMXXX,CB MOSKOMMERTSBANK
IZHBRU31,IZHBRU31XXX,JOINT-STOCK COMPANY 'DATABANK'
JCAMRUM1,JCAMRUM1EKB,JOINT STOCK COMPANY BANK INGO
JCAMRUM1,JCAMRUM1IRK,JOINT STOCK COMPANY BANK INGO
JCAMRUM1,JCAMRUM1KRD,JOINT STOCK COMPANY BANK INGO
JCAMRUM1,JCAMRUM1KRS,JOINT STOCK COMPANY BANK INGO
JCAMRUM1,JCAMRUM1NNG,JOINT STOCK COMPANY BANK INGO
JCAMRUM1,JCAMRUM1SAM,JOINT STOCK COMPANY BANK INGO
JCAMRUM1,JCAMRUM1SPB,JOINT STOCK COMPANY BANK INGO
JCAMRUMM,JCAMRUMMXXX,JOINT STOCK COMPANY BANK INGO
JCCYRU21,JCCYRU21XXX,JOINT STOCK COMPANY BANK NATIONAL STANDARD
JCFORUMM,JCFORUMMXXX,INDUSTRY DEVELOPMENT AND MODERNIZATION BANK (JOINT-STOCK COMPANY)
JCMMRUM1,JCMMRUM1XXX,PUBLIC JOINT-STOCK COMPANY ORIENT EXPRESS BANK
JCNIRU51,JCNIRU51XXX,"JOINT-STOCK COMPANY, NEW INVESTMENT COMMERCIAL ORENBURG BANK OF INDUSTRY DEVELOPMENT"
JCZERU3S,JCZERU3SXXX,LIMITED LIABILITY COMPANY 'ZEMSKY BANK'
JICIRUM1,JICIRUM1XXX,JSC 'INVESTMENT COMPANY ITINVEST'
JIVARU2R,JIVARU2RXXX,ZHIVAGO BANK LIMITED LIABILITY COMPANY
JPJSRU42,JPJSRU42XXX,JSC CB PRIOBYE JOINT STOCK COMPANY COMMERCIAL BANK
JSBCRU4N,JSBCRU4NXXX,JOINT-STOCK BANK CAPITAL
JSBSRU2P,JSBSRU2P02S,BANK SAINT-PETERSBURG PJSC
JSBSRU2P,JSBSRU2P02U,BANK SAINT-PETERSBURG PJSC
JSBSRU2P,JSBSRU2PKLG,BANK SAINT-PETERSBURG PJSC
JSBSRU2P,JSBSRU2PMSK,BANK SAINT-PETERSBURG PJSC
JSBSRU2P,JSBSRU2PXXX,BANK SAINT-PETERSBURG PJSC
JSCKRU41,JSCKRU41XXX,JOINT STOCK COMPANY TAGILBANK
JSCORU4P,JSCORU4PMSK,BANK URAL FD
JSCORU4P,JSCORU4PPRM,BANK URAL FD
JSCORU4P,JSCORU4PXXX,BANK URAL FD
JSCVRUM2,JSCVRUM2XXX,JOINT STOCK COMPANY INVESTTORGBANK
JSMSRUMM,JSMSRUMMXXX,JOINT STOCK COMPANY SETTLEMENT NON- BANKING CREDIT INSTITUTION 'FINANCIAL LANDSCAPE' - (JSC SNCO)
JSNMRUMM,JSNMRUMMKHA,BANK OTKRITIE FINANCIAL CORPORATION (PUBLIC JOINT-STOCK COMPANY)
JSNMRUMM,JSNMRUMMNAL,BANK OTKRITIE FINANCIAL CORPORATION (PUBLIC JOINT-STOCK COMPANY)
JSNMRUMM,JSNMRUMMNNV,BANK OTKRITIE FINANCIAL CORPORATION (PUBLIC JOINT-STOCK COMPANY)
JSNMRUMM,JSNMRUMMNSB,BANK OTKRITIE FINANCIAL CORPORATION (PUBLIC JOINT-STOCK COMPANY)
JSNMRUMM,JSNMRUMMRND,BANK OTKRITIE FINANCIAL CORPORATION (PUBLIC JOINT-STOCK COMPANY)
JSNMRUMM,JSNMRUMMSPB,BANK OTKRITIE FINANCIAL CORPORATION (PUBLIC JOINT-STOCK COMPANY)
JSNMRUMM,JSNMRUMMXXX,BANK OTKRITIE FINANCIAL CORPORATION (PUBLIC JOINT-STOCK COMPANY)
JXIBRU2P,JXIBRU2PXXX,EXPORT- IMPORT JOINT-STOCK BANK
KABORU2K,KABORU2KXXX,"BANK OF KAZAN, KBER, OOO"
KACORU21,KACORU21XXX,LIMITED LIABILITY COMPANY KAMA COMMERCIAL BANK
KACORU2N,KACORU2NXXX,LIMITED LIABILITY COMPANY KAMA COMMERCIAL BANK
KALGRU21,KALGRU21XXX,COMMERCIAL BANK 'KALUGA' LIMITED LIABILITY COMPANY
KALGRU22,KALGRU22XXX,COMMERCIAL BANK 'KALUGA' LIMITED LIABILITY COMPANY
KAMHRUP1,KAMHRUP1XXX,KAMCHATKA BANK
KETORU41,KETORU41XXX,KB KETOVSKIJ
KFIERU21,KFIERU21XXX,KIT FINANCE (JOINT STOCK COMPANY)
KHMURU55,KHMURU55XXX,CB KHAKAS MUNICIPAL BANK CO.LTD
KHOARU22,KHOARU22XXX,COMMERCIAL BANK KHLYNOV (JOINT-STOCK COMPANY)
KHSCRU22,KHSCRU22XXX,PUBLIC JOINT STOCK COMPANY COMMERCIAL BANK 'KHIMIK'
KHZARU21,KHZARU21SAR,NBCO 'NODA' JOINT STOCK COMPANY
KHZARU99,KHZARU99XXX,NBCO 'NODA' JOINT STOCK COMPANY
KLECRU32,KLECRU32XXX,AO KLASSIK ECONOM BANK
KLKORUM1,KLKORUM1KRS,KLIENTSKY BANK
KLKORUM1,KLKORUM1XXX,KLIENTSKY BANK
KMBBRUMM,KMBBRUMMXXX,BANCA INTESA
KOEXRUMM,KOEXRUMMXXX,KEB HNB RUS LLC
KOMXRUMM,KOMXRUMMXXX,BANK FINSERVICE JSC
KOSHRU3S,KOSHRU3SXXX,JSC KOSHELEV-BANK
KOSTRU21,KOSTRU21XXX,KOSTROMASELKOMBANK
KRANRU21,KRANRU21MSW,JOINT STOCK COMPANY KRANBANK
KRANRU21,KRANRU21XXX,JOINT STOCK COMPANY KRANBANK
KREMRUMM,KREMRUMMXXX,KREMLYOVSKIY COMMERCIAL BANK
KRSBRU51,KRSBRU51XXX,PUBLIC JOINT STOCK COMPANY 'SBERBANK OF RUSSIA'
KSBARU21,KSBARU21XXX,JOINT-STOCK COMMERCIAL LOAN AND INSURANCE BANK KS BANK (PUBLIC JOINT STOCK COMPANY)
KUKRRU21,KUKRRU21XXX,CB 'KUBAN CREDIT' LTD
KUKRRU22,KUKRRU22XXX,CB 'KUBAN CREDIT' LTD
KURGRU4K,KURGRU4KXXX,LLC BANK 'KURGAN'
KUUNRU21,KUUNRU21XXX,KUBANSKIJ UNIVERSALNYJ BANK
KUZARU21,KUZARU21XXX,KUBANTORGBANK ZAO
KUZSRU51,KUZSRU51XXX,KUZBASSHIMBANK
KVJSRUM1,KVJSRUM1XXX,IVY BANK (JOINT-STOCK COMPANY)
KZBURU51,KZBURU51XXX,JOINT STOCK BANK KUZNET SKBUSINESSBANK (JOINT-STOCK COMPANY)
LCRSRUMM,LCRSRUMMXXX,LIMITED LIABILITY COMPANY 'ARTIFICIAL SOPHISTICATED PREDICTIVE KERNEL'
LCTCRUMM,LCTCRUMMXXX,LIMITED LIABILITY COMPANY 'BANK TOCHKA'
LCUSRUMM,LCUSRUMMXXX,LIMITED LIABILITY COMPANY 'MB RUS BANK'
LEVBRU55,LEVBRU55XXX,LEVOBEREZHNY NOVOSIBIRSK SOCIAL COMMERCIAL BANK (PUBLIC JOINT STOCK COMPANY)
LGOORUM1,LGOORUM1XXX,LOGOS OOO
LICGRUMM,LICGRUMMXXX,LIMITED LIABILITY COMPANY 'ORIGIN BANK'
LIPKRU21,LIPKRU21MOS,OPEN JOINT STOCK COMPANY 'LIPETSK REGION'
LIPKRU21,LIPKRU21XXX,OPEN JOINT STOCK COMPANY 'LIPETSK REGION'
LLCLRUM2,LLCLRUM2XXX,CB GT BANK
LLPRRU21,LLPRRU21XXX,LLC PROMTRANSBANK
LSNCRUM1,LSNCRUM1XXX,LLC. SETTLEMENT NON-BANK CREDIT ORGANIZATION 'WALLET ONE'
MAJKRU21,MAJKRU21XXX,BANK MAJSKIJ
MAXMRUMM,MAXMRUMMXXX,COMMERCIAL BANK 'MAXIMA' (LIMITED LIABILITY COMPANY)
MBRDRUMM,MBRDRUMMXXX,MTS BANK
MCRBRUMM,MCRBRUMMXXX,CREDIT BANK OF MOSCOW (PUBLIC JOINT STOCK COMPANY)
MDURRU41,MDURRU41XXX,ZAO MDM-BANK-URAL
MECCRUM2,MECCRUM2XXX,SETTLEMENT NON-BANK CREDIT ORGANIZATION 'METALLURG' (LIMITED LIABILITY COMPANY)
MEGPRU21,MEGPRU21MOS,OOO CB 'MEGAPOLICE'
MEGPRU21,MEGPRU21XXX,OOO CB 'MEGAPOLICE'
MEOORUM1,MEOORUM1XXX,MEZHTORGBANK (OAO)
MEZRRUM1,MEZRRUM1XXX,COMMERCIAL BANK MEZHREGIONBANK (LIMITED LIABILITY COMPANY)
MHCCRUMM,MHCCRUMMXXX,AO MIZUHO BANK (MOSCOW)
MICURUMM,MICURUMMXXX,NATIONAL SETTLEMENT DEPOSITORY
MJSBRUM1,MJSBRUM1NVR,MARITIME BANK
MJSBRUM1,MJSBRUM1SPB,MARITIME BANK
MJSBRUM1,MJSBRUM1VLK,MARITIME BANK
MJSBRUMM,MJSBRUMMXXX,MARITIME BANK
MKINRUM2,MKINRUM2XXX,MKB INVESTMENTS LIMITED
MOBKRUMM,MOBKRUMM001,MOSOBLBANK
MOBKRUMM,MOBKRUMM003,MOSOBLBANK
MOBKRUMM,MOBKRUMM004,MOSOBLBANK
MOBKRUMM,MOBKRUMM005,MOSOBLBANK
MOBKRUMM,MOBKRUMM006,MOSOBLBANK
MOBKRUMM,MOBKRUMM007,MOSOBLBANK
MOBKRUMM,MOBKRUMM008,MOSOBLBANK
MOBKRUMM,MOBKRUMM009,MOSOBLBANK
MOBKRUMM,MOBKRUMM010,MOSOBLBANK
MOBKRUMM,MOBKRUMM011,MOSOBLBANK
MOBKRUMM,MOBKRUMM012,MOSOBLBANK
MOBKRUMM,MOBKRUMM013,MOSOBLBANK
MOBKRUMM,MOBKRUMM014,MOSOBLBANK
MOBKRUMM,MOBKRUMM015,MOSOBLBANK
MOBKRUMM,MOBKRUMM016,MOSOBLBANK
MOBKRUMM,MOBKRUMM017,MOSOBLBANK
MOBKRUMM,MOBKRUMM018,MOSOBLBANK
MOBKRUMM,MOBKRUMM019,MOSOBLBANK
MOBKRUMM,MOBKRUMM020,MOSOBLBANK
MOBKRUMM,MOBKRUMM021,MOSOBLBANK
MOBKRUMM,MOBKRUMM022,MOSOBLBANK
MOBKRUMM,MOBKRUMM023,MOSOBLBANK
MOBKRUMM,MOBKRUMM024,MOSOBLBANK
MOBKRUMM,MOBKRUMMXXX,MOSOBLBANK
MOCCRUMM,MOCCRUMMXXX,AO NKO ELECSNET
MOCSRUM1,MOCSRUM1XXX,MOSCOW-CITY BANK (JSC)
MOSWRUM2,MOSWRUM2VOZ,BM-BANK JOINT-STOCK COMPANY
MOSWRUM2,MOSWRUM2XXX,BM-BANK JOINT-STOCK COMPANY
MOTRRUM1,MOTRRUM1XXX,MOSTRANSBANK
MRBBRUM1,MRBBRUM1AST,JSC MIR BUSINESS BANK
MRBBRUM1,MRBBRUM1XXX,JSC MIR BUSINESS BANK
MSCJRU21,MSCJRU21XXX,MURMANSK SOCIAL COMMERCIAL BANK JSC
MTEORU22,MTEORU22XXX,LIMITED LIABILITY COMPANY NON-BANKING CREDIT ORGANISATION 'MURMANSK TRANSFER CENTRE'
MTIBRUMM,MTIBRUMMXXX,JOINT-STOCK COMPANY TELEPORT BANK
MTKCRUMM,MTKCRUMMKU1,PUBLIC JOINT-STOCK COMPANY METKOMBANK
MTKCRUMM,MTKCRUMMSH3,PUBLIC JOINT-STOCK COMPANY METKOMBANK
MTKCRUMM,MTKCRUMMVG4,PUBLIC JOINT-STOCK COMPANY METKOMBANK
MTKCRUMM,MTKCRUMMXXX,PUBLIC JOINT-STOCK COMPANY METKOMBANK
MUKZRUP2,MUKZRUP2XXX,COMMERCIAL INTERNATIONAL 'PROFILE BANK' (JOINT STOCK COMPANY)
MVSVRU21,MVSVRU21XXX,MVS BANK
NADCRU21,NADCRU21XXX,NATIONAL SETTLEMENT DEPOSITORY
NADCRUMM,NADCRUMMXXX,NATIONAL SETTLEMENT DEPOSITORY
NADORUMM,NADORUMMXXX,NARODNY DOVERITELNY BANK
NALCRU21,NALCRU21XXX,BANK NALCHIK
NARNRUMM,NARNRUMMXXX,JOINT-STOCK COMMERCIAL BANK NATIONAL RESERVE BANK JOINT-STOCK COMPANY
NASPRUMM,NASPRUMMXXX,NK BANK
NATXRUMM,NATXRUMMXXX,JOINT STOCK COMPANY NTX BANK
NBDBRU2N,NBDBRU2NXXX,"NBD-BANK, PUBLIC JOINT-STOCK COMPANY"
NBSXRUMM,NBSXRUMMXXX,FINANCIAL INSTITUTION 'PAYMENTS AND SETTLEMENTS'
NBTRRUMM,NBTRRUMMMOS,NATIONAL BANK TRUST
NBTRRUMM,NBTRRUMMSPB,NATIONAL BANK TRUST
NBTRRUMM,NBTRRUMMVLA,NATIONAL BANK TRUST
NBTRRUMM,NBTRRUMMXXX,NATIONAL BANK TRUST
NCCBRUMM,NCCBRUMMCLR,CENTRAL COUNTERPARTY NATIONAL CLEARING CENTRE
NCCBRUMM,NCCBRUMMXXX,CENTRAL COUNTERPARTY NATIONAL CLEARING CENTRE
NCOARUMM,NCOARUMMXXX,NON-BANK CREDIT ORGANIZATION 'ISTINA' (JOINT STOCK COMPANY)
NCOMRUNN,NCOMRUNNXXX,JOINT-STOCK COMMERCIAL BANK 'NOOSPHERE' (JOINT-STOCK COMPANY) (NOOSPHERE COMMERCIAL BANK)
NDOMRUMM,NDOMRUMMXXX,JSC PROBANK
NEWMRUMM,NEWMRUMMXXX,NEW MOSCOW BANK
NIIZRUMM,NIIZRUMMXXX,NATSINVESTPROMBANK
NINSRU33,NINSRU33XXX,NATIONAL INVESTMENT BANK JOINT-STOCK COMPANY
NMCLRU21,NMCLRU21XXX,NBFC MOBILE CARD LLC
NOFRRU21,NOFRRU21XXX,JOINT-STOCK COMMERCIAL BANK 'NOOSFERA' (JOINT STOCK COMPANY)
NOKSRU2V,NOKSRU2VXXX,NOKSSBANK
NOVIRU21,NOVIRU21XXX,PJSC JSCB NOVATION
NOVKRUM1,NOVKRUM1XXX,NOVYJ VEK BANK
NRVKRUMM,NRVKRUMMXXX,PJSC NORVIK BANK
NSJSRUMM,NSJSRUMMXXX,"NATIONAL SAVINGS BANK, JOINT STOCK COMPANY"
NVOARU21,NVOARU21XXX,JOINT STOCK COMPANY NIZHNEVOLZHSKY COMMERCIAL BANK
NVOBRU21,NVOBRU21XXX,NOVO BANK
OBIBRUMM,OBIBRUMMXXX,SBI BANK LLC
OBJRRU21,OBJRRU21XXX,OBJEDINYONNYJ BANK RESPUBLIKI
OBJSRUMM,OBJSRUMMXXX,OTKRITIE BROKER JOINT STOCK COMPANY
OKOORU81,OKOORU81XXX,LIMITED LIABILITY COMPANY BANK FREEDOM FINANCE
OOGSRUM1,OOGSRUM1XXX,OOO GOLDMAN SACHS BANK
OOPERUM1,OOPERUM1XXX,OOO CB 'PREODOLENIE'
ORBGRU3S,ORBGRU3SXXX,JOINT-STOCK COMPANY COMMERCIAL BANK ORENBURG
OREORU41,OREORU41XXX,OREOLCOMBANK JOINT STOCK COMMERCIAL BANK
OTKRRUM1,OTKRRUM1XXX,OTKRITIE BROKERAGE HOUSE JSC
OTPVRUM1,OTPVRUM1CHE,JOINT STOCK COMPANY 'OTP BANK'
OTPVRUM1,OTPVRUM1HBR,JOINT STOCK COMPANY 'OTP BANK'
OTPVRUM1,OTPVRUM1RST,JOINT STOCK COMPANY 'OTP BANK'
OTPVRUM1,OTPVRUM1SAM,JOINT STOCK COMPANY 'OTP BANK'
OTPVRUM1,OTPVRUM1SPB,JOINT STOCK COMPANY 'OTP BANK'
OTPVRUM1,OTPVRUM1XXX,JOINT STOCK COMPANY 'OTP BANK'
OTPVRUMM,OTPVRUMMOMS,JOINT STOCK COMPANY 'OTP BANK'
OTPVRUMM,OTPVRUMMXXX,JOINT STOCK COMPANY 'OTP BANK'
PAYXRU2U,PAYXRU2UXXX,BANK 131 JOINT STOCK COMPANY
PCBCRUMM,PCBCRUMMXXX,CHINA CONSTRUCTION BANK (RUSSIA) LIMITED
PEJCRU21,PEJCRU21XXX,BANK PERVOMAISKY (PJSC)
PEOARU41,PEOARU41XXX,PROINVESTBANK
PERSRUMM,PERSRUMMXXX,PERESVET BANK (PJSC)
PFCBRUM1,PFCBRUM1XXX,PFC-BANK
PJSCRU41,PJSCRU41XXX,JOINT-STOCK COMPANY BANK PERM
PJTORU22,PJTORU22XXX,PUBLIC JOINT STOCK COMPANY UNIVERSAL COMMERCIAL BANK OF NOVGOROD 'NOVOBANK'
POSBRUMM,POSBRUMMXXX,POST BANK JOINT STOCK COMPANY
PRICRUM1,PRICRUM1XXX,PROSPECT INVESTMENT COMPANY
PRIORU2J,PRIORU2JXXX,PRIO-VNESHTORGBANK
PRJCRU31,PRJCRU31XXX,PUBLIC JOINT-STOCK COMPANY BALTIC INVESTMENT BANK
PRLCRU21,PRLCRU21XXX,BANK PROHLADNY LIMITED LIABILITY COMPANY
PRMSRUMM,PRMSRUMMEKT,PROMSVYAZBANK PJSC
PRMSRUMM,PRMSRUMMHAB,PROMSVYAZBANK PJSC
PRMSRUMM,PRMSRUMMNNV,PROMSVYAZBANK PJSC
PRMSRUMM,PRMSRUMMNSB,PROMSVYAZBANK PJSC
PRMSRUMM,PRMSRUMMSPB,PROMSVYAZBANK PJSC
PRMSRUMM,PRMSRUMMSTV,PROMSVYAZBANK PJSC
PRMSRUMM,PRMSRUMMVGG,PROMSVYAZBANK PJSC
PRMSRUMM,PRMSRUMMXXX,PROMSVYAZBANK PJSC
PRMSRUMM,PRMSRUMMYAB,PROMSVYAZBANK PJSC
PRMTRU8V,PRMTRU8VXXX,PRIMSOTSBANK
PROKRUMM,PROKRUMMXXX,PROCOMMERCEBANK
PRSBRU2P,PRSBRU2PXXX,BANK ORANGE (LLC)
PSBMRUM1,PSBMRUM1XXX,COMMERCIAL BANK PULS STOLITSY - LIMITED LIABILITY COMPANY
PSHBRU21,PSHBRU21XXX,IDUSTRIAL AGRICULTURAL BANK LIMITED
PSHBRUMM,PSHBRUMMXXX,INDUSTRIAL AGRICULTURAL BANK LIMITED (PROMSELHOZBANK LTD.)
PSOCRU2P,PSOCRU2PXXX,PETERSBURG SOCIAL COMMERCIAL BANK
PSOCRUA1,PSOCRUA1MOS,PETERSBURG SOCIAL COMMERCIAL BANK
PSOCRUA1,PSOCRUA1XXX,PETERSBURG SOCIAL COMMERCIAL BANK
PSOJRU41,PSOJRU41XXX,"PSB BANK, OJSC"
PSOORU21,PSOORU21XXX,NON-BANKING CREDIT ORGANIZATION 'PROMSVYAZINVEST' LLC
PTCBRU8V,PTCBRU8VXXX,PRIMTERCOMBANK OOO
PVRBRU4V,PVRBRU4VXXX,"PERVOURALSKBANK, JSC"
RCACRUMM,RCACRUMMXXX,REPUBLIC CREDIT ALLIANCE COMMERCIAL BANK
RCAMRUM1,RCAMRUM1XXX,RENAISSANCE CAPITAL ASSET MANAGEMENT COMPANY
REBRRUMM,REBRRUMMCST,RENAISSANCE BROKER LIMITED
REBRRUMM,REBRRUMMOPR,RENAISSANCE BROKER LIMITED
REBRRUMM,REBRRUMMTRD,RENAISSANCE BROKER LIMITED
REBRRUMM,REBRRUMMXXX,RENAISSANCE BROKER LIMITED
RECBRUMX,RECBRUMXXXX,"AO CITIBANK, MOSCOW"
REDVRU21,REDVRU21RND,BANK OF REGION DEVELOPMENT
REDVRU21,REDVRU21XXX,BANK OF REGION DEVELOPMENT
REGVRU21,REGVRU21001,LIMITED LIABILITY COMPANY PROFESSIONAL CREDIT BANK
REGVRU21,REGVRU21XXX,LIMITED LIABILITY COMPANY PROFESSIONAL CREDIT BANK
RETLRUMM,RETLRUMMXXX,'RESO CREDIT' BANK
RETNRUM1,RETNRUM1XXX,CLOSED JOINT STOCK COMPANY 'RDC PARITET'
RICIRUMM,RICIRUMMXXX,RUSSITA BANK INTERNATIONAL COMMERCIAL INVESTMENT BANK
RISBRUM1,RISBRUM1XXX,JOINT-STOCK COMPANY COMMERCIAL BANK INDUSTRIAL SAVINGS BANK
RMGSRUM1,RMGSRUM1XXX,"RYE, MAN AND GOR SECURITIES"
RNCORUMM,RNCORUMMXXX,RUSSIAN NATIONAL COMMERCIAL BANK
RNMGRUM1,RNMGRUM1XXX,RUSSIAN NATIONAL SWIFT ASSOCIATION
ROOARU21,ROOARU21XXX,ROSTPROMSTROYBANK
ROSFRU2A,ROSFRU2AXXX,LLC OF COMMERCIAL BANK ROSTFINANCE
ROSORUMM,ROSORUMMXXX,ROSDORBANK
ROSYRU2P,ROSYRU2PBEL,BANK 'ROSSIYA'
ROSYRU2P,ROSYRU2PCNT,BANK 'ROSSIYA'
ROSYRU2P,ROSYRU2PKRD,BANK 'ROSSIYA'
ROSYRU2P,ROSYRU2PKRL,BANK 'ROSSIYA'
ROSYRU2P,ROSYRU2PKRV,BANK 'ROSSIYA'
ROSYRU2P,ROSYRU2PKUR,BANK 'ROSSIYA'
ROSYRU2P,ROSYRU2PLIP,BANK 'ROSSIYA'
ROSYRU2P,ROSYRU2PMSK,BANK 'ROSSIYA'
ROSYRU2P,ROSYRU2PNNV,BANK 'ROSSIYA'
ROSYRU2P,ROSYRU2PORL,BANK 'ROSSIYA'
ROSYRU2P,ROSYRU2PPNZ,BANK 'ROSSIYA'
ROSYRU2P,ROSYRU2PPRM,BANK 'ROSSIYA'
ROSYRU2P,ROSYRU2PRZN,BANK 'ROSSIYA'
ROSYRU2P,ROSYRU2PSML,BANK 'ROSSIYA'
ROSYRU2P,ROSYRU2PTMB,BANK 'ROSSIYA'
ROSYRU2P,ROSYRU2PTUL,BANK 'ROSSIYA'
ROSYRU2P,ROSYRU2PTVR,BANK 'ROSSIYA'
ROSYRU2P,ROSYRU2PUFA,BANK 'ROSSIYA'
ROSYRU2P,ROSYRU2PVLG,BANK 'ROSSIYA'
ROSYRU2P,ROSYRU2PVOR,BANK 'ROSSIYA'
ROSYRU2P,ROSYRU2PXXX,BANK 'ROSSIYA'
RRCNRUM1,RRCNRUM1XXX,RUSSIAN REGISTRY OF CARBON UNITS FCGS 'ECOLOGY'
RRDBRUM1,RRDBRUM1KND,JOINT STOCK COMPANY RUSSIAN REGIONAL DEVELOPMENT BANK
RRDBRUM1,RRDBRUM1NFY,JOINT STOCK COMPANY RUSSIAN REGIONAL DEVELOPMENT BANK
RRDBRUM1,RRDBRUM1NVS,JOINT STOCK COMPANY RUSSIAN REGIONAL DEVELOPMENT BANK
RRDBRUM1,RRDBRUM1SMR,JOINT STOCK COMPANY RUSSIAN REGIONAL DEVELOPMENT BANK
RRDBRUM1,RRDBRUM1SPB,JOINT STOCK COMPANY RUSSIAN REGIONAL DEVELOPMENT BANK
RRDBRUMM,RRDBRUMMXXX,JOINT STOCK COMPANY RUSSIAN REGIONAL DEVELOPMENT BANK
RSBNRUMM,RSBNRUMM001,TBANK
RSBNRUMM,RSBNRUMMAUT,TBANK
RSBNRUMM,RSBNRUMMCUS,TBANK
RSBNRUMM,RSBNRUMMDOM,TBANK
RSBNRUMM,RSBNRUMMDVB,TBANK
RSBNRUMM,RSBNRUMMEKT,TBANK
RSBNRUMM,RSBNRUMMKRD,TBANK
RSBNRUMM,RSBNRUMMKRY,TBANK
RSBNRUMM,RSBNRUMMNNV,TBANK
RSBNRUMM,RSBNRUMMRND,TBANK
RSBNRUMM,RSBNRUMMSGV,TBANK
RSBNRUMM,RSBNRUMMSZF,TBANK
RSBNRUMM,RSBNRUMMXXX,TBANK
RSIRRUM1,RSIRRUM1XXX,RUSSIAN INTERNET NETWORK DEVELOPMENT BANK (LIMITED LIABILITY COMPANY)
RSIRRUM2,RSIRRUM2XXX,RUSSIAN INTERNET NETWORK DEVELOPMENT BANK (LIMITED LIABILITY COMPANY)
RSJSRUMM,RSJSRUMMXXX,RUSSIAN STANDARD BANK
RTSBRUMM,RTSBRUMMXXX,PUBLIC JOINT STOCK COMPANY SPB BANK
RTSRRU31,RTSRRU31XXX,RTS BANK
RUAGRUMM,RUAGRUMM001,JSC ROSSELKHOZBANK
RUAGRUMM,RUAGRUMM002,JSC ROSSELKHOZBANK
RUAGRUMM,RUAGRUMM003,JSC ROSSELKHOZBANK
RUAGRUMM,RUAGRUMM004,JSC ROSSELKHOZBANK
RUAGRUMM,RUAGRUMM005,JSC ROSSELKHOZBANK
RUAGRUMM,RUAGRUMM006,JSC ROSSELKHOZBANK
RUAGRUMM,RUAGRUMM007,JSC ROSSELKHOZBANK
RUAGRUMM,RUAGRUMM008,JSC ROSSELKHOZBANK
RUAGRUMM,RUAGRUMM009,JSC ROSSELKHOZBANK
RUAGRUMM,RUAGRUMM010,JSC ROSSELKHOZBANK
RUAGRUMM,RUAGRUMM011,JSC ROSSELKHOZBANK
RUAGRUMM,RUAGRUMM012,JSC ROSSELKHOZBANK
RUAGRUMM,RUAGRUMM013,JSC ROSSELKHOZBANK
RUAGRUMM,RUAGRUMM014,JSC ROSSELKHOZBANK
RUAGRUMM,RUAGRUMM015,JSC ROSSELKHOZBANK
RUAGRUMM,RUAGRUMM016,JSC ROSSELKHOZBANK
RUAGRUMM,RUAGRUMM018,JSC ROSSELKHOZBANK
RUAGRUMM,RUAGRUMM019,JSC ROSSELKHOZBANK
RUAGRUMM,RUAGRUMM020,JSC ROSSELKHOZBANK
RUAGRUMM,RUAGRUMM021,JSC ROSSELKHOZBANK
RUAGRUMM,RUAGRUMM022,JSC ROSSELKHOZBANK
RUAGRUMM,RUAGRUMM023,JSC ROSSELKHOZBANK
RUAGRUMM,RUAGRUMM024,JSC ROSSELKHOZBANK
RUAGRUMM,RUAGRUMM025,JSC ROSSELKHOZBANK
RUAGRUMM,RUAGRUMM026,JSC ROSSELKHOZBANK
RUAGRUMM,RUAGRUMM027,JSC ROSSELKHOZBANK
RUAGRUMM,RUAGRUMM028,JSC ROSSELKHOZBANK
RUAGRUMM,RUAGRUMM030,JSC ROSSELKHOZBANK
RUAGRUMM,RUAGRUMM031,JSC ROSSELKHOZBANK
RUAGRUMM,RUAGRUMM032,JSC ROSSELKHOZBANK
RUAGRUMM,RUAGRUMM034,JSC ROSSELKHOZBANK
RUAGRUMM,RUAGRUMM035,JSC ROSSELKHOZBANK
RUAGRUMM,RUAGRUMM037,JSC ROSSELKHOZBANK
RUAGRUMM,RUAGRUMM038,JSC ROSSELKHOZBANK
RUAGRUMM,RUAGRUMM039,JSC ROSSELKHOZBANK
RUAGRUMM,RUAGRUMM040,JSC ROSSELKHOZBANK
RUAGRUMM,RUAGRUMM041,JSC ROSSELKHOZBANK
RUAGRUMM,RUAGRUMM042,JSC ROSSELKHOZBANK
RUAGRUMM,RUAGRUMM043,JSC ROSSELKHOZBANK
RUAGRUMM,RUAGRUMM044,JSC ROSSELKHOZBANK
RUAGRUMM,RUAGRUMM045,JSC ROSSELKHOZBANK
RUAGRUMM,RUAGRUMM046,JSC ROSSELKHOZBANK
RUAGRUMM,RUAGRUMM047,JSC ROSSELKHOZBANK
RUAGRUMM,RUAGRUMM048,JSC ROSSELKHOZBANK
RUAGRUMM,RUAGRUMM049,JSC ROSSELKHOZBANK
RUAGRUMM,RUAGRUMM051,JSC ROSSELKHOZBANK
RUAGRUMM,RUAGRUMM052,JSC ROSSELKHOZBANK
RUAGRUMM,RUAGRUMM053,JSC ROSSELKHOZBANK
RUAGRUMM,RUAGRUMM054,JSC ROSSELKHOZBANK
RUAGRUMM,RUAGRUMM055,JSC ROSSELKHOZBANK
RUAGRUMM,RUAGRUMM056,JSC ROSSELKHOZBANK
RUAGRUMM,RUAGRUMM057,JSC ROSSELKHOZBANK
RUAGRUMM,RUAGRUMM058,JSC ROSSELKHOZBANK
RUAGRUMM,RUAGRUMM059,JSC ROSSELKHOZBANK
RUAGRUMM,RUAGRUMM060,JSC ROSSELKHOZBANK
RUAGRUMM,RUAGRUMM061,JSC ROSSELKHOZBANK
RUAGRUMM,RUAGRUMM062,JSC ROSSELKHOZBANK
RUAGRUMM,RUAGRUMM063,JSC ROSSELKHOZBANK
RUAGRUMM,RUAGRUMM064,JSC ROSSELKHOZBANK
RUAGRUMM,RUAGRUMM065,JSC ROSSELKHOZBANK
RUAGRUMM,RUAGRUMM066,JSC ROSSELKHOZBANK
RUAGRUMM,RUAGRUMM067,JSC ROSSELKHOZBANK
RUAGRUMM,RUAGRUMM068,JSC ROSSELKHOZBANK
RUAGRUMM,RUAGRUMM069,JSC ROSSELKHOZBANK
RUAGRUMM,RUAGRUMM071,JSC ROSSELKHOZBANK
RUAGRUMM,RUAGRUMM072,JSC ROSSELKHOZBANK
RUAGRUMM,RUAGRUMM073,JSC ROSSELKHOZBANK
RUAGRUMM,RUAGRUMM074,JSC ROSSELKHOZBANK
RUAGRUMM,RUAGRUMM075,JSC ROSSELKHOZBANK
RUAGRUMM,RUAGRUMM076,JSC ROSSELKHOZBANK
RUAGRUMM,RUAGRUMM078,JSC ROSSELKHOZBANK
RUAGRUMM,RUAGRUMM079,JSC ROSSELKHOZBANK
RUAGRUMM,RUAGRUMMXXX,JSC ROSSELKHOZBANK
RUDLRUMM,RUDLRUMMBNL,BANK OTKRITIE FINANCIAL CORPORATION (PUBLIC JOINT-STOCK COMPANY)
RUDLRUMM,RUDLRUMMNSB,BANK OTKRITIE FINANCIAL CORPORATION (PUBLIC JOINT-STOCK COMPANY)
RUDLRUMM,RUDLRUMMPET,BANK OTKRITIE FINANCIAL CORPORATION (PUBLIC JOINT-STOCK COMPANY)
RUDLRUMM,RUDLRUMMXXX,BANK OTKRITIE FINANCIAL CORPORATION (PUBLIC JOINT-STOCK COMPANY)
RUDLRUMM,RUDLRUMMZSF,BANK OTKRITIE FINANCIAL CORPORATION (PUBLIC JOINT-STOCK COMPANY)
RUDVRUMM,RUDVRUMMXXX,JSC 'RUSSIAN BANK FOR SMALL AND MEDIUM ENTERPRISES SUPPORT'
RUECRUMM,RUECRUMMXXX,COMMERCIAL BANK AGORA
RUGERUM1,RUGERUM1XXX,JOINT STOCK COMPANY OTP BANK
RUIDRUMM,RUIDRUMMEKT,ROSGOSSTRAKH BANK PUBLIC JOINT-STOCK COMPANY
RUIDRUMM,RUIDRUMMKHA,ROSGOSSTRAKH BANK PUBLIC JOINT-STOCK COMPANY
RUIDRUMM,RUIDRUMMNNG,ROSGOSSTRAKH BANK PUBLIC JOINT-STOCK COMPANY
RUIDRUMM,RUIDRUMMNSK,ROSGOSSTRAKH BANK PUBLIC JOINT-STOCK COMPANY
RUIDRUMM,RUIDRUMMROV,ROSGOSSTRAKH BANK PUBLIC JOINT-STOCK COMPANY
RUIDRUMM,RUIDRUMMSPB,ROSGOSSTRAKH BANK PUBLIC JOINT-STOCK COMPANY
RUIDRUMM,RUIDRUMMSTA,ROSGOSSTRAKH BANK PUBLIC JOINT-STOCK COMPANY
RUIDRUMM,RUIDRUMMUFA,ROSGOSSTRAKH BANK PUBLIC JOINT-STOCK COMPANY
RUIDRUMM,RUIDRUMMXXX,ROSGOSSTRAKH BANK PUBLIC JOINT-STOCK COMPANY
RUNARU21,RUNARU21XXX,RUSSKY NATZIONALNY BANK
RUNBRUMM,RUNBRUMMBEL,JSC RUSNARBANK
RUNBRUMM,RUNBRUMMXXX,JSC RUSNARBANK
RUNIRUMM,RUNIRUMMXXX,COMMERCIAL BANK 'RUSSIAN UNIVERSAL BANK' (LIMITED LIABILITY COMPANY)
RUSARU71,RUSARU71XXX,RUSBSBANK
RZBMRUMM,RZBMRUMMXXX,JOINT STOCK COMPANY RAIFFEISENBANK
SABRRU2P,SABRRU2P920,SBERBANK (SEVERO-ZAPADNY HEAD OFFICE)
SABRRU2P,SABRRU2PXXX,SBERBANK (SEVERO-ZAPADNY HEAD OFFICE)
SABRRU66,SABRRU66CHT,SAVINGS BANK OF THE RUSSIAN FEDERATION (BAIKALSKY OFFICE)
SABRRU66,SABRRU66XXX,SAVINGS BANK OF THE RUSSIAN FEDERATION (BAIKALSKY OFFICE)
SABRRU8K,SABRRU8KBLG,SBERBANK (DALNEVOSTOCHNY HEAD OFFI CE)
SABRRU8K,SABRRU8KBRB,SBERBANK (DALNEVOSTOCHNY HEAD OFFI CE)
SABRRU8K,SABRRU8KVLD,SBERBANK (DALNEVOSTOCHNY HEAD OFFI CE)
SABRRU8K,SABRRU8KXXX,SBERBANK (DALNEVOSTOCHNY HEAD OFFI CE)
SABRRUM3,SABRRUM3XXX,SBERBANK (SREDNERUSSKY HEAD OFFICE)
SABRRUMM,SABRRUMM011,SBERBANK
SABRRUMM,SABRRUMM012,SBERBANK
SABRRUMM,SABRRUMMBNT,SBERBANK
SABRRUMM,SABRRUMMCIB,SBERBANK
SABRRUMM,SABRRUMMCOM,SBERBANK
SABRRUMM,SABRRUMMD02,SBERBANK
SABRRUMM,SABRRUMMD03,SBERBANK
SABRRUMM,SABRRUMMDRV,SBERBANK
SABRRUMM,SABRRUMMEA1,SBERBANK
SABRRUMM,SABRRUMMFXT,SBERBANK
SABRRUMM,SABRRUMMKEY,SBERBANK
SABRRUMM,SABRRUMMKR1,SBERBANK
SABRRUMM,SABRRUMMMA1,SBERBANK
SABRRUMM,SABRRUMMMMT,SBERBANK
SABRRUMM,SABRRUMMNA1,SBERBANK
SABRRUMM,SABRRUMMNH1,SBERBANK
SABRRUMM,SABRRUMMRA1,SBERBANK
SABRRUMM,SABRRUMMSE1,SBERBANK
SABRRUMM,SABRRUMMSMT,SBERBANK
SABRRUMM,SABRRUMMSP1,SBERBANK
SABRRUMM,SABRRUMMTN1,SBERBANK
SABRRUMM,SABRRUMMTRD,SBERBANK
SABRRUMM,SABRRUMMVH1,SBERBANK
SABRRUMM,SABRRUMMXXX,SBERBANK
SAOARU2P,SAOARU2PXXX,PJSC FINSTAR BANK
SARORU2S,SARORU2SXXX,JOINT-STOCK BANK SAROVBUSINESSBANK
SCBGRU21,SCBGRU21XXX,NIZHNIY NOVGOROD SOCIAL COMMERCIAL BANK GUARANTEE
SCBMRUMM,SCBMRUMMXXX,PJSC SCB METALLINVESTBANK
SCSARU41,SCSARU41XXX,COMMERCIAL BANK 'STROYLESBANK' LTD
SDCGRUMM,SDCGRUMMXXX,LLC 'SPECIALIZED DEPOSITORY COMPANY 'GARANT'
SEBPRU2P,SEBPRU2PCUS,SEB BANK
SEBPRU2P,SEBPRU2PSEC,SEB BANK
SEBPRU2P,SEBPRU2PXXX,SEB BANK
SECTRUM1,SECTRUM1940,LIMITED LIABILITY COMPANY SAMSUNG ELECTRONICS RUS COMPANY
SECTRUM1,SECTRUM1941,LIMITED LIABILITY COMPANY SAMSUNG ELECTRONICS RUS COMPANY
SECTRUM1,SECTRUM1990,LIMITED LIABILITY COMPANY SAMSUNG ELECTRONICS RUS COMPANY
SECTRUM1,SECTRUM19E0,LIMITED LIABILITY COMPANY SAMSUNG ELECTRONICS RUS COMPANY
SECTRUM1,SECTRUM1XXX,LIMITED LIABILITY COMPANY SAMSUNG ELECTRONICS RUS COMPANY
SELARU21,SELARU21XXX,COMMERCIAL BANK 'SELMASHBANK' (PUBLIC JOINT-STOCK COMPANY)
SENRRU31,SENRRU31XXX,SEVERNY NARODNY BANK
SEZARUM2,SEZARUM2XXX,BANK 'SERVICE RESERVE' (JOINT-STOCK COMPANY)
SFRNRUM1,SFRNRUM1XXX,COMMERCIAL BANK 'SOFRINO' (CLOSED JOINT STOCK COMPANY)
SGAZRU22,SGAZRU22ARK,JOINT-STOCK COMPANY 'SEVERGAZBANK'
SGAZRU22,SGAZRU22CHE,JOINT-STOCK COMPANY 'SEVERGAZBANK'
SGAZRU22,SGAZRU22GRY,JOINT-STOCK COMPANY 'SEVERGAZBANK'
SGAZRU22,SGAZRU22IVA,JOINT-STOCK COMPANY 'SEVERGAZBANK'
SGAZRU22,SGAZRU22KOT,JOINT-STOCK COMPANY 'SEVERGAZBANK'
SGAZRU22,SGAZRU22NOV,JOINT-STOCK COMPANY 'SEVERGAZBANK'
SGAZRU22,SGAZRU22SNG,JOINT-STOCK COMPANY 'SEVERGAZBANK'
SGAZRU22,SGAZRU22SPB,JOINT-STOCK COMPANY 'SEVERGAZBANK'
SGAZRU22,SGAZRU22SYK,JOINT-STOCK COMPANY 'SEVERGAZBANK'
SGAZRU22,SGAZRU22UGL,JOINT-STOCK COMPANY 'SEVERGAZBANK'
SGAZRU22,SGAZRU22UHT,JOINT-STOCK COMPANY 'SEVERGAZBANK'
SGAZRU22,SGAZRU22UST,JOINT-STOCK COMPANY 'SEVERGAZBANK'
SGAZRU22,SGAZRU22VOR,JOINT-STOCK COMPANY 'SEVERGAZBANK'
SGAZRU22,SGAZRU22VYT,JOINT-STOCK COMPANY 'SEVERGAZBANK'
SGAZRU22,SGAZRU22XXX,JOINT-STOCK COMPANY 'SEVERGAZBANK'
SGAZRU22,SGAZRU22YAR,JOINT-STOCK COMPANY 'SEVERGAZBANK'
SGUBRU5S,SGUBRU5S052,JOINT STOCK COMPANY SURGUTNEFTEGASBANK
SGUBRU5S,SGUBRU5S053,JOINT STOCK COMPANY SURGUTNEFTEGASBANK
SGUBRU5S,SGUBRU5S054,JOINT STOCK COMPANY SURGUTNEFTEGASBANK
SGUBRU5S,SGUBRU5SDU1,JOINT STOCK COMPANY SURGUTNEFTEGASBANK
SGUBRU5S,SGUBRU5SXXX,JOINT STOCK COMPANY SURGUTNEFTEGASBANK
SIBRRUM1,SIBRRUM1XXX,SIBBROK
SIFMRUM1,SIFMRUM1XXX,SOLID INVESTMENT FINANTIAL COMPANY
SIIKRU21,SIIKRU21XXX,LIMITED LIABILITY COMPANY SIMBIRSK-UGOL
SINYRU21,SINYRU21XXX,SINERGIYA BANK
SISERUMM,SISERUMMXXX,SMLT BANK LIMITED LIABILITY COMPANY
SISNRU55,SISNRU55XXX,SIBSOCBANK
SJSCRUMM,SJSCRUMMEKA,SDM-BANK PJSC
SJSCRUMM,SJSCRUMMKRA,SDM-BANK PJSC
SJSCRUMM,SJSCRUMMNNG,SDM-BANK PJSC
SJSCRUMM,SJSCRUMMPRM,SDM-BANK PJSC
SJSCRUMM,SJSCRUMMRND,SDM-BANK PJSC
SJSCRUMM,SJSCRUMMSPB,SDM-BANK PJSC
SJSCRUMM,SJSCRUMMTVR,SDM-BANK PJSC
SJSCRUMM,SJSCRUMMVRN,SDM-BANK PJSC
SJSCRUMM,SJSCRUMMXXX,SDM-BANK PJSC
SJSMRUM1,SJSMRUM1LBR,JOINT STOCK COMMERCIAL BANK 'SLAVIA'
SJSMRUM1,SJSMRUM1NNV,JOINT STOCK COMMERCIAL BANK 'SLAVIA'
SJSMRUM1,SJSMRUM1PSV,JOINT STOCK COMMERCIAL BANK 'SLAVIA'
SJSMRUM1,SJSMRUM1SPB,JOINT STOCK COMMERCIAL BANK 'SLAVIA'
SJSMRUMM,SJSMRUMMXXX,JOINT STOCK COMMERCIAL BANK 'SLAVIA'
SJSORU21,SJSORU21XXX,STELLA-BANK OAO AKB
SKBERU4E,SKBERU4EXXX,JOINT-STOCK COMPANY BANK SINARA
SKSBRUMM,SKSBRUMMXXX,SKS BANK LIMITED LIABILITY COMPANY
SLABRU21,SLABRU21XXX,JOINT STOCK COMPANY NOVGOROD COMMERCIAL BANK SLAVYANBANK
SLABRU2V,SLABRU2VXXX,JOINT STOCK COMPANY NOVGOROD COMMERCIAL BANK SLAVYANBANK
SLAKRUM1,SLAKRUM1XXX,AUTOTORGBANK LLC
SLDBRUMM,SLDBRUMMXXX,JSC SOLID BANK
SLDRRU3S,SLDRRU3SXXX,JSC CB SOLIDARNOST
SMBCRUMM,SMBCRUMMXXX,JSC SUMITOMO MITSUI RUS BANK
SMBKRUMM,SMBKRUMMXXX,SMP BANK
SMJORU21,SMJORU21XXX,PUBLIC JOINT STOCK COMPANY COMMERCIAL BANK 'SMOLEVICH'
SNEZRU4C,SNEZRU4CXXX,BANK SNEZHINSKIY JSC
SNKBRUMM,SNKBRUMMXXX,"SINKO-BANK, LTD"
SNRIRUMM,SNRIRUMMXXX,CREDIT UNION ASIAPAY (LIMITED LIABILITY COMPANY)
SNRZRUMM,SNRZRUMMXXX,SETTLEMENT NONBANKING CREDIT ORGANIZATION EURO-ASIAN SETTLEMENT (JOINT STOCK COMPANY)
SOKORUMM,SOKORUMMXXX,JOINT STOCK COMPANY COMMERCIAL BANK 'SOKOLOVSKY'
SOLLRUM1,SOLLRUM1XXX,SOVLINK LLC
SOMRRUMM,SOMRRUMM010,SOVCOMBANK
SOMRRUMM,SOMRRUMM020,SOVCOMBANK
SOMRRUMM,SOMRRUMM030,SOVCOMBANK
SOMRRUMM,SOMRRUMMBRD,SOVCOMBANK
SOMRRUMM,SOMRRUMMCNT,SOVCOMBANK
SOMRRUMM,SOMRRUMMCOR,SOVCOMBANK
SOMRRUMM,SOMRRUMMIVN,SOVCOMBANK
SOMRRUMM,SOMRRUMMKST,SOVCOMBANK
SOMRRUMM,SOMRRUMMSAR,SOVCOMBANK
SOMRRUMM,SOMRRUMMVLD,SOVCOMBANK
SOMRRUMM,SOMRRUMMVLG,SOVCOMBANK
SOMRRUMM,SOMRRUMMVRN,SOVCOMBANK
SOMRRUMM,SOMRRUMMXXX,SOVCOMBANK
SOMRRUMM,SOMRRUMMYAR,SOVCOMBANK
SPEDRUM1,SPEDRUM1XXX,OAO 'SPECIALIZED DEPOSITARY' INFINITUM
SPETRUM1,SPETRUM1XXX,SPECSTROYBANK
SPRCRU2P,SPRCRU2PXXX,"PETERSBURG SETTLEMENT CENTER LIMITED, PSC LTD"
STAJRU22,STAJRU22XXX,BANK STAVR PUBLIC JOINT-STOCK COMPANY
STMORUM1,STMORUM1XXX,'MODERN STANDARDS OF BUSINESS' COMMERCIAL BANK LLC
SVIBRUMM,SVIBRUMMXXX,BANK ROUND LLC
TAGARU21,TAGARU21XXX,JOINT-STOCK COMPANY 'JOINT STOCK CITY BANK' TAGANROGBANK'
TAMBRU21,TAMBRU21XXX,TAMBOVKREDITPROMBANK
TAOORU51,TAOORU51XXX,TAIDON BANK OOO
TARYRU21,TARYRU21KUZ,TARKHANY REGIONAL BANK OAO
TARYRU21,TARYRU21MOS,TARKHANY REGIONAL BANK OAO
TARYRU21,TARYRU21SAR,TARKHANY REGIONAL BANK OAO
TARYRU21,TARYRU21SER,TARKHANY REGIONAL BANK OAO
TARYRU21,TARYRU21XXX,TARKHANY REGIONAL BANK OAO
TCZBRUMM,TCZBRUMMXXX,ZIRAAT BANK (MOSCOW)
TDICRUMM,TDICRUMMXXX,JSC SBERBANK CIB
TEJCRUMB,TEJCRUMBXXX,JOINT STOCK COMMERCIAL BANK 'TENDER-BANK' (JOINT STOCK COMPANY)
TICSRUMM,TICSRUMMXXX,TBANK
TJSBRUMM,TJSBRUMMXXX,JOINT STOCK COMPANY GUTA-BANK
TJSCRUM1,TJSCRUM1BRN,TRANSKAPITALBANK
TJSCRUM1,TJSCRUM1EKT,TRANSKAPITALBANK
TJSCRUM1,TJSCRUM1KAL,TRANSKAPITALBANK
TJSCRUM1,TJSCRUM1KHV,TRANSKAPITALBANK
TJSCRUM1,TJSCRUM1KLG,TRANSKAPITALBANK
TJSCRUM1,TJSCRUM1KLN,TRANSKAPITALBANK
TJSCRUM1,TJSCRUM1KOR,TRANSKAPITALBANK
TJSCRUM1,TJSCRUM1KRD,TRANSKAPITALBANK
TJSCRUM1,TJSCRUM1NIZ,TRANSKAPITALBANK
TJSCRUM1,TJSCRUM1NVS,TRANSKAPITALBANK
TJSCRUM1,TJSCRUM1PER,TRANSKAPITALBANK
TJSCRUM1,TJSCRUM1POD,TRANSKAPITALBANK
TJSCRUM1,TJSCRUM1RST,TRANSKAPITALBANK
TJSCRUM1,TJSCRUM1RZN,TRANSKAPITALBANK
TJSCRUM1,TJSCRUM1SAM,TRANSKAPITALBANK
TJSCRUM1,TJSCRUM1SPB,TRANSKAPITALBANK
TJSCRUM1,TJSCRUM1SYK,TRANSKAPITALBANK
TJSCRUM1,TJSCRUM1TYU,TRANSKAPITALBANK
TJSCRUM1,TJSCRUM1VRN,TRANSKAPITALBANK
TJSCRUM1,TJSCRUM1YAR,TRANSKAPITALBANK
TJSCRUMM,TJSCRUMMXXX,TRANSKAPITALBANK
TKCCRUM1,TKCCRUM1XXX,TKB CAPITAL CJSC
TMKPRU5T,TMKPRU5TXXX,PJSC TOMSKPROMSTROYBANK
TOGLRU3T,TOGLRU3TXXX,TOGLIATTIKHIMBANK
TORZRU22,TORZRU22XXX,PUBLIC JOINT STOCK COMPANY 'TORZHOKUNIVERSALBANK'
TOYBRUMM,TOYBRUMMXXX,TOYOTA BANK
TRCBRU2K,TRCBRU2KXXX,ENERGOBANK
TRSNRUMM,TRSNRUMMXXX,JOINT STOCK COMMERCIAL BANK TRANSSTROIBANK(JOINT STOCK COMPANY)
TRUKRU61,TRUKRU61XXX,KRONA-BANK
TSDBRU21,TSDBRU21XXX,JSC BANK OF SOCIAL DEVELOPMENT OF TATARSTAN 'TATSOTSBANK'
TSDBRU22,TSDBRU22XXX,JSC BANK OF SOCIAL DEVELOPMENT OF TATARSTAN 'TATSOTSBANK'
TUPRRU21,TUPRRU21XXX,PUBLIC JOINT STOCK COMPANY COMMERCIAL BANK 'TULSKIY PROMISHLENNIK'
TYUMRU41,TYUMRU41XXX,PUBLIC JOINT-STOCK COMPANY BANK URALSIB
UBRDRU41,UBRDRU41CHE,"THE URAL BANK FOR RECONSTRUCTION AND DEVELOPMENT (UBRD, PJSC)"
UBRDRU41,UBRDRU41KIR,"THE URAL BANK FOR RECONSTRUCTION AND DEVELOPMENT (UBRD, PJSC)"
UBRDRU41,UBRDRU41KRS,"THE URAL BANK FOR RECONSTRUCTION AND DEVELOPMENT (UBRD, PJSC)"
UBRDRU41,UBRDRU41MOS,"THE URAL BANK FOR RECONSTRUCTION AND DEVELOPMENT (UBRD, PJSC)"
UBRDRU41,UBRDRU41NOV,"THE URAL BANK FOR RECONSTRUCTION AND DEVELOPMENT (UBRD, PJSC)"
UBRDRU41,UBRDRU41NVS,"THE URAL BANK FOR RECONSTRUCTION AND DEVELOPMENT (UBRD, PJSC)"
UBRDRU41,UBRDRU41OZY,"THE URAL BANK FOR RECONSTRUCTION AND DEVELOPMENT (UBRD, PJSC)"
UBRDRU41,UBRDRU41PRM,"THE URAL BANK FOR RECONSTRUCTION AND DEVELOPMENT (UBRD, PJSC)"
UBRDRU41,UBRDRU41SER,"THE URAL BANK FOR RECONSTRUCTION AND DEVELOPMENT (UBRD, PJSC)"
UBRDRU41,UBRDRU41SPB,"THE URAL BANK FOR RECONSTRUCTION AND DEVELOPMENT (UBRD, PJSC)"
UBRDRU41,UBRDRU41SSB,"THE URAL BANK FOR RECONSTRUCTION AND DEVELOPMENT (UBRD, PJSC)"
UBRDRU41,UBRDRU41UFA,"THE URAL BANK FOR RECONSTRUCTION AND DEVELOPMENT (UBRD, PJSC)"
UBRDRU41,UBRDRU41VRN,"THE URAL BANK FOR RECONSTRUCTION AND DEVELOPMENT (UBRD, PJSC)"
UBRDRU41,UBRDRU41XXX,"THE URAL BANK FOR RECONSTRUCTION AND DEVELOPMENT (UBRD, PJSC)"
UBRDRU4E,UBRDRU4EXXX,"THE URAL BANK FOR RECONSTRUCTION AND DEVELOPMENT (UBRD, PJSC)"
UBSWRUMM,UBSWRUMMXXX,UBS BANK OOO
UGZARU55,UGZARU55XXX,COALMETBANK
UITBRUMM,UITBRUMMXXX,JOINT STOCK COMPANY HOUSING FINANCE BANK
UMTNRUMM,UMTNRUMMXXX,UNISTREAM COMMERCIAL BANK
UNCLRU21,UNCLRU21XXX,BANK UNITED CAPITAL
UNCLRU2P,UNCLRU2PXXX,BANK UNITED CAPITAL
UNEPRU8V,UNEPRU8VXXX,PJSC BANK PRIMORYE
UNRSRUM1,UNRSRUM1XXX,UNITED RESERVE BANK
UNSKRUMM,UNSKRUMMXXX,UNIVERSAL STOCK BANK LTD
UPBCRU41,UPBCRU41XXX,'URALS INDUSTRIAL BANK' (JOINT- STOCK COMPANY)
UPBCRU43,UPBCRU43XXX,'URALS INDUSTRIAL BANK' (JOINT- STOCK COMPANY)
URACRU41,URACRU41XXX,LIMITED LIABILITY COMPANY COMMERCIAL BANK URALSKY KAPITAL
URCERU41,URCERU41XXX,URALS REGIONAL CURRENCY EXCHANGE
URCORU41,URCORU41XXX,URALFINANCE COMMERCIAL BANK
USSURU81,USSURU81XXX,JOINT STOCK COMPANY BANK USSURI
VAKORU21,VAKORU21XXX,VAKOBANK
VEJSRU2U,VEJSRU2UXXX,"BANK VENETS, JSC"
VIATRU21,VIATRU21XXX,PJSC NORVIK BANK
VITARU2P,VITARU2PXXX,VITABANK JSC
VITYRUM1,VITYRUM1XXX,CB 'VITYAZ' LTD
VIZIRUMM,VIZIRUMMXXX,DEVELOPMENT CAPITAL BANK
VKNGRU2P,VKNGRU2PXXX,VIKING
VLADRU22,VLADRU22XXX,JOINT-STOCK COMPANY VLADBUSINESSBANK
VNESRU21,VNESRU21XXX,'VNESHFINBANK' LIMITED COMPANY
VNESRU2K,VNESRU2KXXX,'VNESHFINBANK' LIMITED COMPANY
VOLARU31,VOLARU31XXX,OPEN JOINT STOCK COMPANY INTERREGIONAL VOLGO-KAMSK BANK FOR RECONSTRUCTION AND DEVELOPMENT
VOLBRUM1,VOLBRUM1XXX,JOINT STOCK COMPANY 'VOLOGDABANK'
VOLJRU21,VOLJRU21XXX,JOINT STOCK COMPANY 'BANK 'VOLOGZHANIN'
VOLJRU2A,VOLJRU2AXXX,JOINT STOCK COMPANY 'BANK 'VOLOGZHANIN'
VOOARU61,VOOARU61XXX,JOINT STOCK COMPANY 'VOSTSIBTRANSKOMBANK'
VORCRU21,VORCRU21XXX,JOINT-STOCK COMPANY VOLGA-OKA COMMERCIAL BANK
VORNRU21,VORNRU21XXX,OPEN JOINT STOCK COMPANY CENTRAL BLACK EARTH REGIONAL INSTITUTE FOR DESIGNING WATER MANAGEMENT
VORZRUM1,VORZRUM1XXX,BANK VORONEZH
VSTARUMM,VSTARUMMXXX,BLANC BANK (LIMITED LIABILITY COMPANY)
VTBRRUM2,VTBRRUM2EK3,VTB BANK (PUBLIC JOINT-STOCK COMPANY)
VTBRRUM2,VTBRRUM2EKA,VTB BANK (PUBLIC JOINT-STOCK COMPANY)
VTBRRUM2,VTBRRUM2KD3,VTB BANK (PUBLIC JOINT-STOCK COMPANY)
VTBRRUM2,VTBRRUM2KH3,VTB BANK (PUBLIC JOINT-STOCK COMPANY)
VTBRRUM2,VTBRRUM2KHA,VTB BANK (PUBLIC JOINT-STOCK COMPANY)
VTBRRUM2,VTBRRUM2KRA,VTB BANK (PUBLIC JOINT-STOCK COMPANY)
VTBRRUM2,VTBRRUM2MOS,VTB BANK (PUBLIC JOINT-STOCK COMPANY)
VTBRRUM2,VTBRRUM2MS2,VTB BANK (PUBLIC JOINT-STOCK COMPANY)
VTBRRUM2,VTBRRUM2MS3,VTB BANK (PUBLIC JOINT-STOCK COMPANY)
VTBRRUM2,VTBRRUM2MSK,VTB BANK (PUBLIC JOINT-STOCK COMPANY)
VTBRRUM2,VTBRRUM2NIN,VTB BANK (PUBLIC JOINT-STOCK COMPANY)
VTBRRUM2,VTBRRUM2NS3,VTB BANK (PUBLIC JOINT-STOCK COMPANY)
VTBRRUM2,VTBRRUM2NWR,VTB BANK (PUBLIC JOINT-STOCK COMPANY)
VTBRRUM2,VTBRRUM2RND,VTB BANK (PUBLIC JOINT-STOCK COMPANY)
VTBRRUM2,VTBRRUM2SA3,VTB BANK (PUBLIC JOINT-STOCK COMPANY)
VTBRRUM2,VTBRRUM2SP3,VTB BANK (PUBLIC JOINT-STOCK COMPANY)
VTBRRUM2,VTBRRUM2STA,VTB BANK (PUBLIC JOINT-STOCK COMPANY)
VTBRRUM2,VTBRRUM2VR3,VTB BANK (PUBLIC JOINT-STOCK COMPANY)
VTBRRUM2,VTBRRUM2VRN,VTB BANK (PUBLIC JOINT-STOCK COMPANY)
VTBRRUMM,VTBRRUMMCSD,VTB BANK (PUBLIC JOINT-STOCK COMPANY)
VTBRRUMM,VTBRRUMML29,VTB BANK (PUBLIC JOINT-STOCK COMPANY)
VTBRRUMM,VTBRRUMMSEC,VTB BANK (PUBLIC JOINT-STOCK COMPANY)
VTBRRUMM,VTBRRUMMXXX,VTB BANK (PUBLIC JOINT-STOCK COMPANY)
VTCARUMM,VTCARUMMCUS,JSC VTB CAPITAL
VTCARUMM,VTCARUMMMT9,JSC VTB CAPITAL
VTCARUMM,VTCARUMMXXX,JSC VTB CAPITAL
VUZBRU41,VUZBRU41XXX,VUZ BANK JSC
WJCMRUMM,WJCMRUMMXXX,'WAYBANK' JOINT-STOCK COMPANY
WUMTRUMM,WUMTRUMMXXX,"NCO WESTERN UNION MT EAST, LTD"
XMICRUM1,XMICRUM1XXX,MOSCOW INTERBANK CURRENCY EXCHANGE (MICEX)
XPETRU21,XPETRU21XXX,ST. PETERSBURG STOCK EXCHANGE
XROVRU21,XROVRU21XXX,ROSTOV CURRENCY AND STOCK EXCHANGE
XRUSRUM1,XRUSRUM1XXX,"RUSSIAN EXCHANGE, THE"
XSAMRU31,XSAMRU31XXX,NON-BANKING CREDIT ORGANIZATION PAYMENTS AND SETTLEMENTS (JOINT- STOCK COMPANY)
XSIBRU51,XSIBRU51XXX,SIBERIAN STOCK EXCHANGE
XVLARU81,XVLARU81XXX,VLADIVOSTOK (RUSSIA) STOCK EXCHANGE
YARBRUM1,YARBRUM1XXX,SBI BANK LIMITED LIABILITY COMPANY
YARORU21,YARORU21XXX,PUBLIC JOINT-STOCK COMPANY BANK VVB
YAYORUM1,YAYORUM1XXX,YARSOTSBANK JSC
YJSCRU22,YJSCRU22XXX,JOINT-STOCK BANK YUG-INVESTBANK (JOINT-STOCK COMPANY)
YMKYRU21,YMKYRU21XXX,YMK BANK
YNDMRUM1,YNDMRUM1XXX,"YANDEX.MONEY, NBCO LLC"
YOSHRU21,YOSHRU21XXX,YOSHKAR-OLA BANK
ZAJCRU2K,ZAJCRU2KXXX,ZARECHYE BANK
ZAOKRUM1,ZAOKRUM1XXX,JOINT-STOCK COMPANY SBERBANK CIB
ZCOMRU2R,ZCOMRU2RXXX,LANDCOMBANK LLC
ZENIRUMM,ZENIRUMM001,PJSC BANK ZENIT
ZENIRUMM,ZENIRUMMALM,PJSC BANK ZENIT
ZENIRUMM,ZENIRUMMEKT,PJSC BANK ZENIT
ZENIRUMM,ZENIRUMMKUR,PJSC BANK ZENIT
ZENIRUMM,ZENIRUMMKZN,PJSC BANK ZENIT
ZENIRUMM,ZENIRUMMNNO,PJSC BANK ZENIT
ZENIRUMM,ZENIRUMMNVS,PJSC BANK ZENIT
ZENIRUMM,ZENIRUMMRND,PJSC BANK ZENIT
ZENIRUMM,ZENIRUMMSMR,PJSC BANK ZENIT
ZENIRUMM,ZENIRUMMSPB,PJSC BANK ZENIT
ZENIRUMM,ZENIRUMMXXX,PJSC BANK ZENIT
ZJSCRU51,ZJSCRU51XXX,ZERNOBANK JOINT STOCK COMMERCIAL BANK
ZJSCRU51,ZJSCRU51ZMD,ZERNOBANK JOINT STOCK COMMERCIAL BANK
