bic_8,bic,bank
AALCUA22,AALCUA22XXX,ALAN-REGISTER LLC
ABIOUA22,ABIOUA22XXX,AZOV-BLACK SEA INVESTMENT COMPANY IN THE FORM OF A LIMITED LIABILITY COMPANY
ACDCUAUK,ACDCUAUKXXX,'ACCORDBANK' COMMERCIAL BANK
ACJCUA2N,ACJCUA2NXXX,JOINT STOCK COMPANY 'VST BANK'
ADLCUAU2,ADLCUAU2XXX,"ALDARIS-INVEST, LLC"
AFLLUA22,AFLLUA22XXX,AFT LLC
AGRIUAUK,AGRIUAUKXXX,CREDIT AGRICOLE BANK JSC
AGSKUA22,AGSKUA22XXX,AGENCY OF SECURITIES KREDO-INVEST LIMITED
ALCJUAU2,ALCJUAU2XXX,"ALTANA CAPITAL, PJSC"
ALFJUAU2,ALFJUAU2XXX,ALTERA FINANCE PJSC
ALJJUAU1,ALJJUAU1XXX,BANK ALLIANCE PJSC
ALJSUAUK,ALJSUAUKXXX,JOINT STOCK COMPANY BANK ALLIANCE
ARLLUA22,ARLLUA22XXX,"ARTEL-FINANCE, LLC"
AROOUA21,AROOUA21XXX,ARGO LTD
ARULUAU2,ARULUAU2XXX,"ART-CAPITAL CUSTODY, LLC"
ASTRUAUK,ASTRUAUKXXX,JOINT STOCK COMPANY 'AGROPROSPERIS BANK'
ASVBUA2C,ASVBUA2CXXX,JOINT STOCK COMPANY ASVIO BANK
AVALUAUK,AVALUAUKXXX,RAIFFEISEN BANK JOINT STOCK COMPANY
AVGDUAUK,AVGDUAUKXXX,JSC BANK AVANGARD
AVRKUA22,AVRKUA22XXX,LLC 'ABC-REGISTER'
AVTOUA22,AVTOUA22XXX,JSC ALTBANK
AXBNUA21,AXBNUA21XXX,PUBLIC JOINT-STOCK COMPANY 'COMMERCIAL BANK 'AXIOM'
BATSUA21,BATSUA21XXX,PJSC BAT PRILUCKY TOBACCO COMPANY
BBLPUA22,BBLPUA22XXX,BENEFIT BROK LIMITED LIABILITY COMPANY (BENEFIT BROK LLC)
BFGLUA22,BFGLUA22XXX,"BALTIC FINANCE GROUP, LLC"
BFISUAUK,BFISUAUKXXX,BANK FOR INVESTMENTS AND SAVINGS
BKVKUAUK,BKVKUAUKXXX,JSC 'BANK 3/4'
BSMUUAU1,BSMUUAU1XXX,BRITISH AMERICAN TOBACCO SALES AND MARKETING UKRAINE LIMITED LIABILITY COMPANY
BTOLUAU2,BTOLUAU2XXX,"BTC BROKER, LLC"
BUCCUA22,BUCCUA22XXX,"BUL-SPRED, LLC"
BUITUAU2,BUITUAU2XXX,"BUREAU OF INVESTMENT TECHNOLOGIES, LIMITED"
BUSVUA22,BUSVUA22XXX,LLC IC 'BUSINESS-INVEST'
CESUUAU2,CESUUAU2XXX,COMEX SECURITIES LLC
CHRKUA21,CHRKUA21XXX,CHERNIGIV BANK
CIBFUAUK,CIBFUAUKXXX,JSC 'COMINBANK'
CITIUAUK,CITIUAUKXXX,JOINT STOCK COMPANY 'CITIBANK'
CLHSUAUX,CLHSUAUXXXX,JSB 'CLEARING HOUSE'
COSBUAUK,COSBUAUKCHG,JOINT STOCK COMPANY 'STATE SAVINGS BANK OF UKRAINE'
COSBUAUK,COSBUAUKCHK,JOINT STOCK COMPANY 'STATE SAVINGS BANK OF UKRAINE'
COSBUAUK,COSBUAUKCHV,JOINT STOCK COMPANY 'STATE SAVINGS BANK OF UKRAINE'
COSBUAUK,COSBUAUKCRI,JOINT STOCK COMPANY 'STATE SAVINGS BANK OF UKRAINE'
COSBUAUK,COSBUAUKDNI,JOINT STOCK COMPANY 'STATE SAVINGS BANK OF UKRAINE'
COSBUAUK,COSBUAUKDON,JOINT STOCK COMPANY 'STATE SAVINGS BANK OF UKRAINE'
COSBUAUK,COSBUAUKIVF,JOINT STOCK COMPANY 'STATE SAVINGS BANK OF UKRAINE'
COSBUAUK,COSBUAUKKHA,JOINT STOCK COMPANY 'STATE SAVINGS BANK OF UKRAINE'
COSBUAUK,COSBUAUKKHE,JOINT STOCK COMPANY 'STATE SAVINGS BANK OF UKRAINE'
COSBUAUK,COSBUAUKKHM,JOINT STOCK COMPANY 'STATE SAVINGS BANK OF UKRAINE'
COSBUAUK,COSBUAUKKIE,JOINT STOCK COMPANY 'STATE SAVINGS BANK OF UKRAINE'
COSBUAUK,COSBUAUKKIR,JOINT STOCK COMPANY 'STATE SAVINGS BANK OF UKRAINE'
COSBUAUK,COSBUAUKLUH,JOINT STOCK COMPANY 'STATE SAVINGS BANK OF UKRAINE'
COSBUAUK,COSBUAUKLVI,JOINT STOCK COMPANY 'STATE SAVINGS BANK OF UKRAINE'
COSBUAUK,COSBUAUKMYK,JOINT STOCK COMPANY 'STATE SAVINGS BANK OF UKRAINE'
COSBUAUK,COSBUAUKODE,JOINT STOCK COMPANY 'STATE SAVINGS BANK OF UKRAINE'
COSBUAUK,COSBUAUKPOL,JOINT STOCK COMPANY 'STATE SAVINGS BANK OF UKRAINE'
COSBUAUK,COSBUAUKRIV,JOINT STOCK COMPANY 'STATE SAVINGS BANK OF UKRAINE'
COSBUAUK,COSBUAUKSUM,JOINT STOCK COMPANY 'STATE SAVINGS BANK OF UKRAINE'
COSBUAUK,COSBUAUKTER,JOINT STOCK COMPANY 'STATE SAVINGS BANK OF UKRAINE'
COSBUAUK,COSBUAUKVIN,JOINT STOCK COMPANY 'STATE SAVINGS BANK OF UKRAINE'
COSBUAUK,COSBUAUKVOL,JOINT STOCK COMPANY 'STATE SAVINGS BANK OF UKRAINE'
COSBUAUK,COSBUAUKXXX,JOINT STOCK COMPANY 'STATE SAVINGS BANK OF UKRAINE'
COSBUAUK,COSBUAUKZAK,JOINT STOCK COMPANY 'STATE SAVINGS BANK OF UKRAINE'
COSBUAUK,COSBUAUKZAP,JOINT STOCK COMPANY 'STATE SAVINGS BANK OF UKRAINE'
COSBUAUK,COSBUAUKZHI,JOINT STOCK COMPANY 'STATE SAVINGS BANK OF UKRAINE'
CRBPUAUK,CRBPUAUKXXX,JOINT-STOCK COMPANY 'CRYSTALBANK'
CRDEUA2N,CRDEUA2NXXX,JSC 'BANK CREDIT DNIPRO'
CREWUAUK,CREWUAUKXXX,JOINT STOCK COMPANY 'WEST FINANCE AND CREDIT BANK'
CTLCUAU2,CTLCUAU2XXX,"CUSTODY-BROK, LLC"
CUGLUA22,CUGLUA22XXX,"CUSTODIAN GARANT, LLC"
CXLLUAU2,CXLLUAU2XXX,"COMEX-FINANCE, LLC"
DELTUAU1,DELTUAU1XXX,DELTA BANK
DEUTUAUK,DEUTUAUKXXX,JSC DEUTSCHE BANK DBU
DKSLUA22,DKSLUA22XXX,SLAVUTYCH-CAPITAL LLC
DOBYUA2T,DOBYUA2TXXX,PRIVATE JOINT STOCK COMPANY 'BANK FAMILNY'
DOTAUAU2,DOTAUAU2XXX,"DOMINANT TRAIDE, LIMITED"
DRAOUAU1,DRAOUAU1XXX,DRAGON CAPITAL JV
DRCPUAU1,DRCPUAU1XXX,DRAGON CAPITAL
EACJUA21,EACJUA21XXX,'EAST-INDUSTRIAL COMMERCIAL BANK ' JSC
EACPUAU2,EACPUAU2XXX,PJSC IVEX CAPITAL
ELCLUAU2,ELCLUAU2XXX,"ELLIOTT CAPITAL, LLC"
EPJSUA22,EPJSUA22XXX,PRIVATE JOINT STOCK COMPANY 'EXPERT-CAPITAL' (PJSC 'EXPERT- CAPITAL')
ERKLUAU2,ERKLUAU2XXX,ENERGY REGISTRATION COMPANY LLC
ESSEUAUK,ESSEUAUKXXX,JSC SEB CORPORATE BANK
ETALUAU1,ETALUAU1XXX,KYIV REGIONAL DIRECTORATE OF RAIFFEISEN BANK AVAL JSC
EUOMUA2X,EUOMUA2XXXX,EUROPEAN INDUSTRIAL BANK JOINT-STOCK COMPANY
EXBSUAUX,EXBSUAUXXXX,JOINT STOCK COMPANY THE STATE EXPORT-IMPORT BANK OF UKRAINE - 'JSC UKREXIMBANK'
FAIPUAU2,FAIPUAU2XXX,FAVORIT FOUNDATION COMPANY LLC
FBHLUAUK,FBHLUAUKXXX,JOINT STOCK COMPANY NEXENT BANK
FCPCUAU2,FCPCUAU2XXX,"FINANCIAL COMPANY PROFFINANCE, LLC"
FFIFUAU2,FFIFUAU2XXX,"THE FIRST FINANCIAL INTERMEDIARY FINANC.COMP.,LLC"
FGIFUA22,FGIFUA22XXX,FGI LLC
FIBMUAU2,FIBMUAU2XXX,"FINASTA, LIMITED LIABILITY COMPANY"
FIBXUAUK,FIBXUAUKXXX,JOINT STOCK COMPANY 'FIRST INVESTMENT BANK'
FIKLUA22,FIKLUA22XXX,"FINANSOVA KOMPANIYA-OBERIG, LLC"
FIKUUAU2,FIKUUAU2XXX,"FINANSOVA KOMPANIIA KUB, LIMITED"
FKDCUAU2,FKDCUAU2XXX,DALIZ-FINANCE FC LLC
FKDLUA22,FKDLUA22XXX,DEKRA FINANCIAL COMPANY LIMITED LIABILITY COMPANY (FC DEKRA LLC)
FKECUA22,FKECUA22XXX,"FONDOVA KOMPANIIA EMISIIA, LLC"
FKELUA22,FKELUA22XXX,DELTA FC LLC
FKLLUA22,FKLLUA22XXX,FC LIVADIA LLC
FKSLUAU2,FKSLUAU2XXX,FC SOCRATES LLC
FKTIUA22,FKTIUA22XXX,CENTER-INVEST STOCK COMPANY LLC
FMAPUAUA,FMAPUAUAXXX,LIMITED LIABILITY COMPANY ''FINANCIAL COMPANY 'ASAP''
FNLCUAU2,FNLCUAU2XXX,"FINTAIM, LLC"
FOAKUA22,FOAKUA22XXX,JSC FAID EAST-INVEST
FODLUAU2,FODLUAU2XXX,"FONDOVIY DEPOSITARIY, LLC"
FOLLUAU2,FOLLUAU2XXX,"FOND-MARKET, LLC"
FROLUA22,FROLUA22XXX,"FIRM MOTOR-DILER, LLC"
FSLCUA22,FSLCUA22XXX,FINANCYST LLC
FUIBUA2X,FUIBUA2XDNI,FIRST UKRAINIAN INTERNATIONAL BANK
FUIBUA2X,FUIBUA2XKHA,FIRST UKRAINIAN INTERNATIONAL BANK
FUIBUA2X,FUIBUA2XKIE,FIRST UKRAINIAN INTERNATIONAL BANK
FUIBUA2X,FUIBUA2XLVO,FIRST UKRAINIAN INTERNATIONAL BANK
FUIBUA2X,FUIBUA2XMPL,FIRST UKRAINIAN INTERNATIONAL BANK
FUIBUA2X,FUIBUA2XNIC,FIRST UKRAINIAN INTERNATIONAL BANK
FUIBUA2X,FUIBUA2XODE,FIRST UKRAINIAN INTERNATIONAL BANK
FUIBUA2X,FUIBUA2XXXX,FIRST UKRAINIAN INTERNATIONAL BANK
FUIBUA2X,FUIBUA2XZAP,FIRST UKRAINIAN INTERNATIONAL BANK
FUOZUAU2,FUOZUAU2XXX,FC ZENIT-DT LLC
GAVCUA22,GAVCUA22XXX,GARANT INVEST LLC
GJSAUAU1,GJSAUAU1XXX,PUBLIC JOINT STOCK COMPANY JOINT STOCK COMPANY UKRGASBANK (JSB UKRGASBANK)
GLIBUA22,GLIBUA22XXX,GLOBUS BANK
GOLLUA22,GOLLUA22XXX,"GOODWILL-BROKE, LLC"
GRBKUA2X,GRBKUA2X011,JSC EASTERN UKRAINIAN BANK GRANT
GRBKUA2X,GRBKUA2X012,JSC EASTERN UKRAINIAN BANK GRANT
GRBKUA2X,GRBKUA2XKIE,JSC EASTERN UKRAINIAN BANK GRANT
GRBKUA2X,GRBKUA2XXXX,JSC EASTERN UKRAINIAN BANK GRANT
IBCPUAU2,IBCPUAU2XXX,"IB CAPITAL, LIMITED"
ICBIUAUK,ICBIUAUKXXX,"PIRAEUS BANK ICB, JSC"
ICBNUA21,ICBNUA21XXX,PUBLIC JOINT STOCK COMPANY 'INTERCREDITBANK'
ICGCUAU2,ICGCUAU2XXX,"INVESTMENT COMPANYC GOOD CAPITAL, LLC"
ICULUAU2,ICULUAU2XXX,"INVESTMENT CAPITAL UKRAINE, LLC"
IDBAUAUK,IDBAUAUKXXX,JSC IDEA BANK
IECLUAU2,IECLUAU2XXX,"INVEST-M, LLC"
IELCUA22,IELCUA22XXX,"INVEST-TREID 2007, LLC"
IELLUAU2,IELLUAU2XXX,"K2 INVEST, LLC"
IILLUAU2,IILLUAU2XXX,"INVINTUM, LLC"
IINBUAUK,IINBUAUKXXX,JOINT STOCK COMPANY MIZHNARODNYI INVESTYTSIINYI BANK
IJSOUA2N,IJSOUA2NDNI,PJSC JOINT-STOCK COMMERCIAL BANK 'INDUSTRIALBANK'
IJSOUA2N,IJSOUA2NKHE,PJSC JOINT-STOCK COMMERCIAL BANK 'INDUSTRIALBANK'
IJSOUA2N,IJSOUA2NKIE,PJSC JOINT-STOCK COMMERCIAL BANK 'INDUSTRIALBANK'
IJSOUA2N,IJSOUA2NKRE,PJSC JOINT-STOCK COMMERCIAL BANK 'INDUSTRIALBANK'
IJSOUA2N,IJSOUA2NLUH,PJSC JOINT-STOCK COMMERCIAL BANK 'INDUSTRIALBANK'
IJSOUA2N,IJSOUA2NLVI,PJSC JOINT-STOCK COMMERCIAL BANK 'INDUSTRIALBANK'
IJSOUA2N,IJSOUA2NRIV,PJSC JOINT-STOCK COMMERCIAL BANK 'INDUSTRIALBANK'
IJSOUA2N,IJSOUA2NSUM,PJSC JOINT-STOCK COMMERCIAL BANK 'INDUSTRIALBANK'
IJSOUA2N,IJSOUA2NXXX,PJSC JOINT-STOCK COMMERCIAL BANK 'INDUSTRIALBANK'
IJSOUA2N,IJSOUA2NZAP,PJSC JOINT-STOCK COMMERCIAL BANK 'INDUSTRIALBANK'
INFYUAU1,INFYUAU1XXX,INTERREGIONAL FINANCIAL COMPANY
INGBUAUK,INGBUAUKXXX,JSC ING BANK UKRAINE
INLBUA22,INLBUA22XXX,INTER-SERVIS-REGISTER LIMITED LIABILITY
INYPUAU2,INYPUAU2XXX,ROMEKS-INVEST INVESTMENT COMPANY
IPLLUAU2,IPLLUAU2XXX,"IP SECURITIES, LLC"
IRSUUAUK,IRSUUAUKXXX,JSC SETTLEMENT CENTER
ISGLUA22,ISGLUA22XXX,INVESTMENT STANDARD GROUP LLC
ITDCUAU2,ITDCUAU2XXX,LIMITED LIABILITY COMPANY DEPOSITARY-CONSULTING COMPANY INTELLECT-INVESTMENTS
ITLCUAU2,ITLCUAU2XXX,GLOBAL IDC LLC
ITPRUAU2,ITPRUAU2XXX,IC 'ITT-INVEST' PRJSC
IVILUA22,IVILUA22XXX,"INVEST INSITI, LLC"
IVLCUAU2,IVLCUAU2XXX,"I-NVEST, LLC"
JESLUAU2,JESLUAU2XXX,"JEROME SECURITIES, LLC"
JORCUA22,JORCUA22XXX,UNITED REGISTRATION COMPANY LLC
JSCJUAU1,JSCJUAU1XXX,PC BANK JSC
JSOTUAU1,JSOTUAU1XXX,JOINT STOCK COMPANY TMM-BANK
JSOUUAU1,JSOUUAU1XXX,JSB OLUMPIC UKRAINE
KHABUA2K,KHABUA2KXXX,UKRSIBBANK
KIBBUA21,KIBBUA21XXX,JOINT-STOCK BANK 'INVEST-BANK UKRAINE'
KINOUAU2,KINOUAU2XXX,"KINTO, LIMITED"
KRBRUA22,KRBRUA22XXX,"KREMIN' BROK,LLC"
KRLLUA22,KRLLUA22XXX,"KRAZ-CAPITAL, LLC"
LCCPUAUU,LCCPUAUUXXX,LIMITED LIABILITY COMPANY 'COMMERCE CREDIT PROFIT'
LCFCUAU2,LCFCUAU2XXX,LIMITED LIABILITY COMPANY 'FINANCIA L COMPANY 'KIEV INVEST CAPITAL'
LCSTUA22,LCSTUA22XXX,LIMITED LIABILITY COMPANY 'STOCK TRADING 'FIRST GLOBAL INITIATIVE'
LLCOUAU2,LLCOUAU2XXX,LIMITED LIABILITY COMPANY 'FOUNDATION COMPANY 'EA INVEST'
LVIVUA2X,LVIVUA2XXXX,LVIV BANK
MABPUAU2,MABPUAU2XXX,PJSC 'MASTER BROK'
MAHNUA22,MAHNUA22XXX,"MANAGEMENT TECHNOLOGIES, LIMITED"
MAUGUA22,MAUGUA22XXX,MANAGEMENT TRADE TRADING LIMITED
MDTLUA22,MDTLUA22XXX,INTER-INDUSTRY DEPOSITORY CENTER LIMITED LIABILITY COMPANY
MIFCUAUK,MIFCUAUKXXX,PROCREDIT BANK JOINT STOCK COMPANY
MLRBUA21,MLRBUA21XXX,PUBLIC JOINT-STOCK COMPANY 'MELIOR BANK'
MOOJUA2Z,MOOJUA2ZXXX,JSC 'MOTOR-BANK'
MTBAUA2D,MTBAUA2DXXX,PUBLIC JOINT STOCK COMPANY 'MTB BANK'
MTLGUA2N,MTLGUA2NXXX,JOINT STOCK COMPANY 'METABANK'
MUNIUA22,MUNIUA22XXX,TASCOMBANK JSC
NADUUAUK,NADUUAUKXXX,NATIONAL DEPOSITORY OF UKRAINE
NALLUA22,NALLUA22XXX,"NAFTA-INVEST, LLC"
NAVOUAU2,NAVOUAU2XXX,"NAVIGATOR-INVEST, LIMITED"
NBUAUAU1,NBUAUAU1PMU,NATIONAL BANK OF UKRAINE
NBUAUAUX,NBUAUAUXXXX,NATIONAL BANK OF UKRAINE
NERKUAU1,NERKUAU1XXX,NATIONAL ELECTRONIC REGISTRY OF UKRAINE
NOLCUAU2,NOLCUAU2XXX,"NOVAVEST, LIMITED LIABILITY COMPANY"
NRALUA22,NRALUA22XXX,LLC 'HP' AVERS'
NVMLUAU2,NVMLUAU2XXX,"NVP MAHISTR, LLC"
ODBKUA21,ODBKUA21XXX,ODESSA BANK
OKCIUA2X,OKCIUA2XXXX,"OKCI BANK, JSC"
ONCAUAU2,ONCAUAU2XXX,ON-LINE CAPITAL LIMITED LIABILITY COMPANY (ONLINE CAPITAL LLC)
ONLCUA22,ONLCUA22XXX,"ONIKS-IVA, LLC"
OPJSUAU2,OPJSUAU2XXX,"OKMA, PRIVATE JOINT STOCK COMPANY"
OSSEUAU2,OSSEUAU2XXX,OSNOVA-TSP LLC
OTPVUAU1,OTPVUAU1002,JOINT-STOCK COMPANY OTP BANK
OTPVUAU1,OTPVUAU1003,JOINT-STOCK COMPANY OTP BANK
OTPVUAU1,OTPVUAU1004,JOINT-STOCK COMPANY OTP BANK
OTPVUAU1,OTPVUAU1005,JOINT-STOCK COMPANY OTP BANK
OTPVUAU1,OTPVUAU1100,JOINT-STOCK COMPANY OTP BANK
OTPVUAU1,OTPVUAU1200,JOINT-STOCK COMPANY OTP BANK
OTPVUAU1,OTPVUAU1300,JOINT-STOCK COMPANY OTP BANK
OTPVUAU1,OTPVUAU1400,JOINT-STOCK COMPANY OTP BANK
OTPVUAU1,OTPVUAU1500,JOINT-STOCK COMPANY OTP BANK
OTPVUAU1,OTPVUAU1700,JOINT-STOCK COMPANY OTP BANK
OTPVUAU1,OTPVUAU1XXX,JOINT-STOCK COMPANY OTP BANK
OTPVUAUK,OTPVUAUKXXX,JOINT-STOCK COMPANY OTP BANK
PALYUAU2,PALYUAU2XXX,"PARUSOND, LIMITED LIABILITY COMPANY"
PBANUA2X,PBANUA2XCGF,JOINT-STOCK COMPANY COMMERCIAL BANK PRIVATBANK
PBANUA2X,PBANUA2XCHK,JOINT-STOCK COMPANY COMMERCIAL BANK PRIVATBANK
PBANUA2X,PBANUA2XCHR,JOINT-STOCK COMPANY COMMERCIAL BANK PRIVATBANK
PBANUA2X,PBANUA2XCVF,JOINT-STOCK COMPANY COMMERCIAL BANK PRIVATBANK
PBANUA2X,PBANUA2XHAF,JOINT-STOCK COMPANY COMMERCIAL BANK PRIVATBANK
PBANUA2X,PBANUA2XHMF,JOINT-STOCK COMPANY COMMERCIAL BANK PRIVATBANK
PBANUA2X,PBANUA2XHRN,JOINT-STOCK COMPANY COMMERCIAL BANK PRIVATBANK
PBANUA2X,PBANUA2XIFF,JOINT-STOCK COMPANY COMMERCIAL BANK PRIVATBANK
PBANUA2X,PBANUA2XK2F,JOINT-STOCK COMPANY COMMERCIAL BANK PRIVATBANK
PBANUA2X,PBANUA2XK3F,JOINT-STOCK COMPANY COMMERCIAL BANK PRIVATBANK
PBANUA2X,PBANUA2XKGF,JOINT-STOCK COMPANY COMMERCIAL BANK PRIVATBANK
PBANUA2X,PBANUA2XKIE,JOINT-STOCK COMPANY COMMERCIAL BANK PRIVATBANK
PBANUA2X,PBANUA2XKMF,JOINT-STOCK COMPANY COMMERCIAL BANK PRIVATBANK
PBANUA2X,PBANUA2XKOF,JOINT-STOCK COMPANY COMMERCIAL BANK PRIVATBANK
PBANUA2X,PBANUA2XKRI,JOINT-STOCK COMPANY COMMERCIAL BANK PRIVATBANK
PBANUA2X,PBANUA2XKTF,JOINT-STOCK COMPANY COMMERCIAL BANK PRIVATBANK
PBANUA2X,PBANUA2XLUT,JOINT-STOCK COMPANY COMMERCIAL BANK PRIVATBANK
PBANUA2X,PBANUA2XLVI,JOINT-STOCK COMPANY COMMERCIAL BANK PRIVATBANK
PBANUA2X,PBANUA2XMKR,JOINT-STOCK COMPANY COMMERCIAL BANK PRIVATBANK
PBANUA2X,PBANUA2XMYK,JOINT-STOCK COMPANY COMMERCIAL BANK PRIVATBANK
PBANUA2X,PBANUA2XNIF,JOINT-STOCK COMPANY COMMERCIAL BANK PRIVATBANK
PBANUA2X,PBANUA2XNVF,JOINT-STOCK COMPANY COMMERCIAL BANK PRIVATBANK
PBANUA2X,PBANUA2XODF,JOINT-STOCK COMPANY COMMERCIAL BANK PRIVATBANK
PBANUA2X,PBANUA2XPAV,JOINT-STOCK COMPANY COMMERCIAL BANK PRIVATBANK
PBANUA2X,PBANUA2XPOL,JOINT-STOCK COMPANY COMMERCIAL BANK PRIVATBANK
PBANUA2X,PBANUA2XRIV,JOINT-STOCK COMPANY COMMERCIAL BANK PRIVATBANK
PBANUA2X,PBANUA2XSUF,JOINT-STOCK COMPANY COMMERCIAL BANK PRIVATBANK
PBANUA2X,PBANUA2XTEF,JOINT-STOCK COMPANY COMMERCIAL BANK PRIVATBANK
PBANUA2X,PBANUA2XVIF,JOINT-STOCK COMPANY COMMERCIAL BANK PRIVATBANK
PBANUA2X,PBANUA2XXXX,JOINT-STOCK COMPANY COMMERCIAL BANK PRIVATBANK
PBANUA2X,PBANUA2XZAP,JOINT-STOCK COMPANY COMMERCIAL BANK PRIVATBANK
PBANUA2X,PBANUA2XZHF,JOINT-STOCK COMPANY COMMERCIAL BANK PRIVATBANK
PBANUA2X,PBANUA2XZHO,JOINT-STOCK COMPANY COMMERCIAL BANK PRIVATBANK
PBANUA2X,PBANUA2XZRR,JOINT-STOCK COMPANY COMMERCIAL BANK PRIVATBANK
PCSLUAU2,PCSLUAU2XXX,"PRO CAPITAL SECURITIES, LLC"
PDALUAU2,PDALUAU2XXX,"PERSHYI DEPOZYTARNYI ALLIANCE, LLC"
PDULUAU2,PDULUAU2XXX,"PERSHA DEPOZYTARNA USTANOVA, LLC"
PEBLUA22,PEBLUA22XXX,"PERSHE REIESTRATSIINE BYURO, LLC"
PERCUAU1,PERCUAU1XXX,PJSC RODOVID BANK
PFLCUA22,PFLCUA22XXX,PRFD LLC
PIOLUA22,PIOLUA22XXX,ROSAN-SECURITIES ENTERPRISE LIMITED LIABILTY COMPANY
PIVDUA22,PIVDUA22XXX,PUBLIC COMPANY JOINT-STOCK BANK PIVDENNYI
PLICUA22,PLICUA22XXX,POLICOMBANK
POECUAU2,POECUAU2XXX,POLAR REGISTER LLC
POELUA22,POELUA22XXX,"POLOHIVSKYI REIESTRATOR, LLC"
POIVUA22,POIVUA22XXX,PORTFOLIO INVESTOR LLC
POLTUA2X,POLTUA2XXXX,POLTAVA-BANK JOINT STOCK COMPANY
PRAVUAUK,PRAVUAUKXXX,'PRAVEX BANK' JOINT-STOCK COMPANY
PRDKUA22,PRDKUA22XXX,SOUTHERN REGIONAL DEPOSITORY AND TRADE STOCK CENTER LIMITED LIABILITY COMPANY
PRYDUA22,PRYDUA22XXX,"DC PRYDNIPROVYA, LIMITED"
PTPLUAU2,PTPLUAU2XXX,PKTB-SECURITIES LLC
PYLLUA22,PYLLUA22XXX,"RK PRYDNIPROVIE, LLC"
RACLUA22,RACLUA22XXX,"REAKOMP-INVEST, LLC"
RADAUA2N,RADAUA2NXXX,'RADABANK' JOINT STOCK BANK
REGBUA2K,REGBUA2KXXX,"SKY BANK, JOINT STOCK COMPANY"
RELOUA22,RELOUA22XXX,"REGRAN, LIMITED LIABILITY COMPANY"
REPPUAU2,REPPUAU2XXX,REVIVAL CAPITAL LIMITED
RILCUA22,RILCUA22XXX,"RIF-NR, LIMITED LIABILITY COMPANY"
ROICUAU2,ROICUAU2XXX,"ROYAL CAPITAL, LLC"
RWSPUAUK,RWSPUAUKXXX,JSC RWS BANK
SECTUAU1,SECTUAU1960,SAMSUNG ELECTRONICS UKRAINE COMPANY LLC
SECTUAU1,SECTUAU1962,SAMSUNG ELECTRONICS UKRAINE COMPANY LLC
SECTUAU1,SECTUAU1XXX,SAMSUNG ELECTRONICS UKRAINE COMPANY LLC
SENSUAUK,SENSUAUKXXX,JSC SENSE BANK
SEPSUAU1,SEPSUAU1XXX,JSC UKRPOSHTA
SGLLUAU2,SGLLUAU2XXX,"SIGNIFER, LLC"
SICHUAUK,SICHUAUKXXX,BANK SICH
SLAPUAU1,SLAPUAU1XXX,"BANK PRESTIGE, JSB"
SNLLUAU2,SNLLUAU2XXX,"STANDART-REGISTER, LLC"
SODCUA22,SODCUA22XXX,"SOLID DNIPRO, LLC"
SPDEUA22,SPDEUA22XXX,"SPRED, LIMITED"
STLOUAU2,STLOUAU2XXX,"STANDART, LIMITED LIABILITY COMPANY"
SUFTUA22,SUFTUA22XXX,"SUMSKYI FONDOVYI TSENTR,LLC"
TALCUAU2,TALCUAU2XXX,"TASK-BROKER, LLC"
TANCUAU2,TANCUAU2XXX,"T AND C, LIMITED"
TATPUAU2,TATPUAU2XXX,"TAVRIYS'KI TSINNI PAPERY,LLC"
TCBNUAUK,TCBNUAUKXXX,JSC BANK TRUST-CAPITAL
TCNCUAU2,TCNCUAU2XXX,"TESLA CAPITAL MANAGEMENT, LLC"
TILLUAU2,TILLUAU2XXX,"TI-INVEST, LLC"
TOVTUAU2,TOVTUAU2XXX,TOV ANALITIK-REGISTRATOR
TRFOUAU2,TRFOUAU2XXX,TRANSFERT STOCK COMPANY LLC
TSFKUAU2,TSFKUAU2XXX,"TSENTRALNO-SKHIDNA FINANSOVA KOMPANIYA, LIMITED"
TSPRUA22,TSPRUA22XXX,LLC 'STOCK COMPANY' TCST-KSTL RST
UCTBUAUK,UCTBUAUKXXX,JSC BTA BANK
UFCPUAU2,UFCPUAU2XXX,UKRNAFTOGAZ FINANCIAL COMPANY PRIVATE JSC
UGASUAUK,UGASUAUKXXX,PUBLIC JOINT-STOCK COMPANY JOINT STOCK BANK 'UKRGASBANK'
UICLUA22,UICLUA22XXX,"UKRAINSKII INVESTYTSIINYI CLUB, LLC"
UKCAUAUK,UKCAUAUKXXX,JSC 'BANK 'UKRAINIAN CAPITAL'
UKCBUAU1,UKCBUAU102V,JOINT STOCK COMPANY 'ACCENT-BANK'
UKCBUAUK,UKCBUAUKXXX,JOINT STOCK COMPANY 'ACCENT-BANK'
UKLCUA22,UKLCUA22XXX,"UKRAINA-CAPITAL, LLC"
UKRDUAUK,UKRDUAUKXXX,JOINT-STOCK COMPANY 'UKRAINIAN BANK FOR RECONSTRUCTION AND DEVELOPMENT'
UKREUAU2,UKREUAU2XXX,"UKREKOBUDINVEST,LLC"
UNAPUAU2,UNAPUAU2XXX,"UNIVER CAPITAL, LIMITED"
UNCCUA21,UNCCUA21FEO,UNITED COMMERCIAL BANK
UNCCUA21,UNCCUA21SEV,UNITED COMMERCIAL BANK
UNCCUA21,UNCCUA21XXX,UNITED COMMERCIAL BANK
UNCCUA21,UNCCUA21YAL,UNITED COMMERCIAL BANK
UNJSUAUK,UNJSUAUKXXX,UNIVERSAL BANK JSC
UNJTUAUK,UNJTUAUKXXX,JOINT STOCK COMPANY UNEX BANK
UNNLUAU2,UNNLUAU2XXX,"UNIBUD FINANCE, LLC"
UPRFUAU2,UPRFUAU2XXX,"UPR-FINANCE,LLC"
URKRUA22,URKRUA22XXX,UKRREESTR-KHARKIV LLC
USEUUAU1,USEUUAU1XXX,JSC 'UKRPOSHTA'
VOPJUA22,VOPJUA22XXX,"VOSTOK-INVEST, PJSC"
WFCLUA22,WFCLUA22XXX,WESTINVEST FINANCIAL COMPANY LLC
WUCBUA2X,WUCBUA2XXXX,JSC KREDOBANK (FORMERLY JSC KREDYT BANK (UKRAINA))
XKHRUA21,XKHRUA21XXX,KHARKIV COMMODITY EXCHANGE
XKIEUAU1,XKIEUAU1XXX,KIEV UNIVERSAL EXCHANGE
XODEUA21,XODEUA21XXX,ODESSA COMMODITY EXCHANGE
XPRIUA21,XPRIUA21XXX,PRIDNEPROVSK COMMODITY EXCHANGE
XUKCUAU1,XUKCUAU1XXX,UKRAINIAN COMMODITY EXCHANGE
XUKRUAU1,XUKRUAU1XXX,UNIVERSAL COMMODITY EXCHANGE HOUSE OF CONTRACTS UICE
ZAPJUA22,ZAPJUA22XXX,"ZAPORIZHSTAL-AG, PJSC"
ZBLLUA22,ZBLLUA22XXX,"ZBERIGACH-KAPITAL, LLC"
