bic_8,bic,bank
ACTVPTPL,ACTVPTPLXXX,BANCO ACTIVOBANK S.A.
AIFCPTP1,AIFCPTP1XXX,"ATRIUM INVESTIMENTOS-SOCIEDADE FINANCEIRA DE CORRETAGEM, SA"
ALPOPTP1,ALPOPTP1XXX,"COMPANHIA DE SEGUROS ALLIANZ PORTUGAL, S.A."
APSVPTP1,APSVPTP1XXX,AGEAS PORTUGAL - COMPANHIA DE SEGUROS DE VIDA S.A.
AUOEPTP1,AUOEPTP1XXX,"VOLKSWAGEN AUTOEUROPA, LDA"
AVPEPTP1,AVPEPTP1XXX,"VOLKSWAGEN GROUP SERVICES, UNIPESSOAL, LDA"
AXLPPTP1,AXLPPTP1XXX,AXA INVESTMENT MANAGERS (AXA IM)
BAIPPTPL,BAIPPTPLSIC,"BANCO BAI EUROPA, SA"
BAIPPTPL,BAIPPTPLXXX,"BANCO BAI EUROPA, SA"
BAPAPTPL,BAPAPTPLSIC,"BANCO ATLANTICO EUROPA, SA"
BAPAPTPL,BAPAPTPLXXX,"BANCO ATLANTICO EUROPA, SA"
BARCPTPC,BARCPTPCXXX,BARCLAYS BANK IRELAND PLC - SUCURSAL EM PORTUGAL
BBLAPTP1,BBLAPTP1XXX,BANCO DE BOSTON LATINO AMERICANO S.A.
BBPIPTPL,BBPIPTPLGLF,"BANCO BPI, S.A."
BBPIPTPL,BBPIPTPLXXX,"BANCO BPI, S.A."
BBRUPTPL,BBRUPTPLMGS,"ING BANK NV, SUCURSAL EM PORTUGAL"
BBRUPTPL,BBRUPTPLXXX,"ING BANK NV, SUCURSAL EM PORTUGAL"
BBVAPTPL,BBVAPTPLTG2,"BANCO BILBAO VIZCAYA ARGENTARIA S.A., SUCURSAL EM PORTUGAL"
BBVAPTPL,BBVAPTPLXXX,"BANCO BILBAO VIZCAYA ARGENTARIA S.A., SUCURSAL EM PORTUGAL"
BCOMPTPL,BCOMPTPLB01,"BANCO COMERCIAL PORTUGUES, S.A."
BCOMPTPL,BCOMPTPLB07,"BANCO COMERCIAL PORTUGUES, S.A."
BCOMPTPL,BCOMPTPLDIF,"BANCO COMERCIAL PORTUGUES, S.A."
BCOMPTPL,BCOMPTPLDRI,"BANCO COMERCIAL PORTUGUES, S.A."
BCOMPTPL,BCOMPTPLFUN,"BANCO COMERCIAL PORTUGUES, S.A."
BCOMPTPL,BCOMPTPLINT,"BANCO COMERCIAL PORTUGUES, S.A."
BCOMPTPL,BCOMPTPLLES,"BANCO COMERCIAL PORTUGUES, S.A."
BCOMPTPL,BCOMPTPLLEU,"BANCO COMERCIAL PORTUGUES, S.A."
BCOMPTPL,BCOMPTPLOFI,"BANCO COMERCIAL PORTUGUES, S.A."
BCOMPTPL,BCOMPTPLOTP,"BANCO COMERCIAL PORTUGUES, S.A."
BCOMPTPL,BCOMPTPLPLC,"BANCO COMERCIAL PORTUGUES, S.A."
BCOMPTPL,BCOMPTPLSFE,"BANCO COMERCIAL PORTUGUES, S.A."
BCOMPTPL,BCOMPTPLXXX,"BANCO COMERCIAL PORTUGUES, S.A."
BDIGPTPL,BDIGPTPLCLM,BANCO DE INVESTIMENTO GLOBAL S.A.
BDIGPTPL,BDIGPTPLXXX,BANCO DE INVESTIMENTO GLOBAL S.A.
BESAPTPA,BESAPTPAXXX,"NOVO BANCO DOS ACORES, SA"
BESCPTPL,BESCPTPLCLM,"NOVO BANCO, SA"
BESCPTPL,BESCPTPLISA,"NOVO BANCO, SA"
BESCPTPL,BESCPTPLOPR,"NOVO BANCO, SA"
BESCPTPL,BESCPTPLOSF,"NOVO BANCO, SA"
BESCPTPL,BESCPTPLXXX,"NOVO BANCO, SA"
BESZPTPL,BESZPTPLXXX,BEST-BANCO ELECTRONICO DE SERVICO TOTAL S.A.
BFIAPTPL,BFIAPTPLMC2,BANCO FINANTIA S.A
BFIAPTPL,BFIAPTPLSEC,BANCO FINANTIA S.A
BFIAPTPL,BFIAPTPLXXX,BANCO FINANTIA S.A
BGALPTPL,BGALPTPLCCB,BANCO DE PORTUGAL
BGALPTPL,BGALPTPLCON,BANCO DE PORTUGAL
BGALPTPL,BGALPTPLDCP,BANCO DE PORTUGAL
BGALPTPL,BGALPTPLFDR,BANCO DE PORTUGAL
BGALPTPL,BGALPTPLFG1,BANCO DE PORTUGAL
BGALPTPL,BGALPTPLFGD,BANCO DE PORTUGAL
BGALPTPL,BGALPTPLFR1,BANCO DE PORTUGAL
BGALPTPL,BGALPTPLFR2,BANCO DE PORTUGAL
BGALPTPL,BGALPTPLGPF,BANCO DE PORTUGAL
BGALPTPL,BGALPTPLPTP,BANCO DE PORTUGAL
BGALPTPL,BGALPTPLXXX,BANCO DE PORTUGAL
BGALPTTG,BGALPTTGBAC,BANCO DE PORTUGAL
BGALPTTG,BGALPTTGCBC,BANCO DE PORTUGAL
BGALPTTG,BGALPTTGCCB,BANCO DE PORTUGAL
BGALPTTG,BGALPTTGDET,BANCO DE PORTUGAL
BGALPTTG,BGALPTTGIBC,BANCO DE PORTUGAL
BGALPTTG,BGALPTTGIPS,BANCO DE PORTUGAL
BGALPTTG,BGALPTTGMGS,BANCO DE PORTUGAL
BGALPTTG,BGALPTTGMMI,BANCO DE PORTUGAL
BGALPTTG,BGALPTTGMRR,BANCO DE PORTUGAL
BGALPTTG,BGALPTTGPTP,BANCO DE PORTUGAL
BGALPTTG,BGALPTTGSIT,BANCO DE PORTUGAL
BGALPTTG,BGALPTTGSSB,BANCO DE PORTUGAL
BGALPTTG,BGALPTTGTIP,BANCO DE PORTUGAL
BGALPTTG,BGALPTTGXXX,BANCO DE PORTUGAL
BIFDPTP1,BIFDPTP1XXX,BBVA INSTITUICAO FINANCEIRA DE CREDITO S.A
BKBKPTPL,BKBKPTPLMCA,BANKINTER SA- SUCURSAL EM PORTUGAL
BKBKPTPL,BKBKPTPLXXX,BANKINTER SA- SUCURSAL EM PORTUGAL
BKCHPTPL,BKCHPTPLXXX,BANK OF CHINA ( EUROPE) S.A. LISBON BRANCH-SUCURSAL EM PORTUGAL
BLJCPTPT,BLJCPTPTSIC,"BANCO L.J. CARREGOSA, S.A."
BLJCPTPT,BLJCPTPTXXX,"BANCO L.J. CARREGOSA, S.A."
BMPBPTPP,BMPBPTPPXXX,UNICREDIT NV/SA - SUCURSAL EM PORTUGAL
BNFIPTPL,BNFIPTPLSIC,"BISON BANK, S.A."
BNFIPTPL,BNFIPTPLXXX,"BISON BANK, S.A."
BNICPTPL,BNICPTPL001,"BNI - BANCO DE NEGOCIOS INTERNACIONAL (EUROPA), S.A."
BNICPTPL,BNICPTPLXXX,"BNI - BANCO DE NEGOCIOS INTERNACIONAL (EUROPA), S.A."
BNPAPTPL,BNPAPTPLLIS,BNP PARIBAS
BNPAPTPL,BNPAPTPLXXX,BNP PARIBAS
BNPAPTPP,BNPAPTPPXXX,"BNP PARIBAS PERSONAL FINANCE, S.A.- SUCURSAL EM PORTUGAL"
BOTKPTP1,BOTKPTP1XXX,"BANK OF TOKYO-MITSUBISHI UFJ, LTD., THE"
BPGAPTP1,BPGAPTP1XXX,BPI GESTAO DE ACTIVOS
BPGPPTPL,BPGPPTPL001,"BANCO PORTUGUES DE GESTAO, S.A."
BPGPPTPL,BPGPPTPLXXX,"BANCO PORTUGUES DE GESTAO, S.A."
BPNPPTPL,BPNPPTPLSFE,"ABANCA PORTUGAL, S.A."
BPNPPTPL,BPNPPTPLSIC,"ABANCA PORTUGAL, S.A."
BPNPPTPL,BPNPPTPLXXX,"ABANCA PORTUGAL, S.A."
BPWMPTP1,BPWMPTP1XXX,BNP PARIBAS WEALTH MANAGEMENT SA - SUCURSAL EM PORTUGAL
BRASPTPL,BRASPTPLSIC,BANCO DO BRASIL AG SUCURSAL EM PORTUGAL
BRASPTPL,BRASPTPLXXX,BANCO DO BRASIL AG SUCURSAL EM PORTUGAL
BSABPTPL,BSABPTPL001,"BANCO DE SABADELL S.A., SUCURSAL EM PORTUGAL"
BSABPTPL,BSABPTPLXXX,"BANCO DE SABADELL S.A., SUCURSAL EM PORTUGAL"
CAEOPTP1,CAEOPTP1XXX,CAIXA ECONOMICA SOCIAL
CAEPPTP1,CAEPPTP1XXX,CAIXA ECONOMICA DO PORTO ANEXA A A BENEFICENCIA FAMILIAR-ASSOCIACAO DE SOCORROS MUTUOS
CAGLPTP1,CAGLPTP1LBU,"ABANCA PORTUGAL, S.A."
CAGLPTPL,CAGLPTPLXXX,"ABANCA PORTUGAL, S.A."
CAOGPTP1,CAOGPTP1XXX,CAIXA AGRICOLA GESTIONE
CCCHPTP1,CCCHPTP1XXX,"CAIXA DE CREDITO AGRICOLA MUTUO DA CHAMUSCA, C.R.L"
CCCMPTPL,CCCMPTPLSCO,CAIXA CENTRAL CREDITO AGRICOLA MUTUO
CCCMPTPL,CCCMPTPLXXX,CAIXA CENTRAL CREDITO AGRICOLA MUTUO
CCIEPTP1,CCIEPTP1XXX,ST- GALLER KANTONALBANK AG SUCURSAL EM PORTUGAL
CDCTPTP2,CDCTPTP2SIC,"CAIXA DE CREDITO AGRICOLA MUTUO DE LEIRIA, CRL"
CDCTPTP2,CDCTPTP2XXX,"CAIXA DE CREDITO AGRICOLA MUTUO DE LEIRIA, CRL"
CDOTPTP1,CDOTPTP1XXX,CAIXA DE CREDITO AGRICOLA MUTUO DE MAFRA CRL
CDOTPTPP,CDOTPTPPCGS,CAIXA DE CREDITO AGRICOLA MUTUO DE MAFRA CRL
CDOTPTPP,CDOTPTPPXXX,CAIXA DE CREDITO AGRICOLA MUTUO DE MAFRA CRL
CEARPTP1,CEARPTP1XXX,CAIXA ECONOMICA DA ASSOCIACAO DE SOCORROS MUTUOS
CEMAPTP2,CEMAPTP2SIC,"CAIXA ECONOMICA DA MISERICORDIA DE ANGRA DO HEROISMO, CAIXA ECONOMICA BANCARIA S.A."
CEMAPTP2,CEMAPTP2XXX,"CAIXA ECONOMICA DA MISERICORDIA DE ANGRA DO HEROISMO, CAIXA ECONOMICA BANCARIA S.A."
CERTPTP1,CERTPTP1XXX,CAIXA DE CREDITO AGRICOLA MUTUO DE BOMBARRAL CRL
CETMPTP1,CETMPTP1XXX,"BANCO BNP PARIBAS PERSONAL FINANCE, S.A."
CFFIPTP1,CFFIPTP1XXX,COFIDIS
CGDIPTPL,CGDIPTPLMRS,CAIXA GERAL DE DEPOSITOS
CGDIPTPL,CGDIPTPLOPR,CAIXA GERAL DE DEPOSITOS
CGDIPTPL,CGDIPTPLOSF,CAIXA GERAL DE DEPOSITOS
CGDIPTPL,CGDIPTPLXXX,CAIXA GERAL DE DEPOSITOS
CIEDPTP1,CIEDPTP1XXX,321 CREDITO INSTITUICAO FINANCEIRA DE CREDITO S.A.
CISFPTP1,CISFPTP1XXX,BANCO COMERCIAL PORTUGUES
CITIPTP1,CITIPTP1001,CITIBANK EUROPE PLC PORTUGAL BRANCH
CITIPTP1,CITIPTP1002,CITIBANK EUROPE PLC PORTUGAL BRANCH
CITIPTP1,CITIPTP1003,CITIBANK EUROPE PLC PORTUGAL BRANCH
CITIPTP1,CITIPTP1004,CITIBANK EUROPE PLC PORTUGAL BRANCH
CITIPTP1,CITIPTP1005,CITIBANK EUROPE PLC PORTUGAL BRANCH
CITIPTP1,CITIPTP1006,CITIBANK EUROPE PLC PORTUGAL BRANCH
CITIPTP1,CITIPTP1007,CITIBANK EUROPE PLC PORTUGAL BRANCH
CITIPTP1,CITIPTP1008,CITIBANK EUROPE PLC PORTUGAL BRANCH
CITIPTP1,CITIPTP1009,CITIBANK EUROPE PLC PORTUGAL BRANCH
CITIPTP1,CITIPTP1010,CITIBANK EUROPE PLC PORTUGAL BRANCH
CITIPTP1,CITIPTP1011,CITIBANK EUROPE PLC PORTUGAL BRANCH
CITIPTP1,CITIPTP1012,CITIBANK EUROPE PLC PORTUGAL BRANCH
CITIPTP1,CITIPTP1013,CITIBANK EUROPE PLC PORTUGAL BRANCH
CITIPTP1,CITIPTP1014,CITIBANK EUROPE PLC PORTUGAL BRANCH
CITIPTP1,CITIPTP1015,CITIBANK EUROPE PLC PORTUGAL BRANCH
CITIPTP1,CITIPTP1016,CITIBANK EUROPE PLC PORTUGAL BRANCH
CITIPTP1,CITIPTP1XXX,CITIBANK EUROPE PLC PORTUGAL BRANCH
CITIPTPX,CITIPTPXSEC,CITIBANK EUROPE PLC PORTUGAL BRANCH
CITIPTPX,CITIPTPXXXX,CITIBANK EUROPE PLC PORTUGAL BRANCH
CMACPTP1,CMACPTP1OPR,BANCO COMERCIAL DE MACAU S.A
CMACPTP1,CMACPTP1XXX,BANCO COMERCIAL DE MACAU S.A
COOGPTP1,COOGPTP1XXX,"ARC RATINGS, S.A."
CROMPTP1,CROMPTP1XXX,CAIXA DE CREDITO AGRICOLA MUTUO DE ALJEZUR CRL
CRRCPTP1,CRRCPTP1XXX,BANCO BNP PARIBAS PERSONAL FINANCE S.A.
CRRSPTP1,CRRSPTP1XXX,BANCO COMERCIAL PORTUGUES S.A.
CSULPTP1,CSULPTP1XXX,"CRYPTEEX - SGPS, UNIPESSOAL LDA"
CTCUPTP1,CTCUPTP1XXX,CAIXA DE CREDITO AGRICOLA MUTUO DE VILA DO BISPO CRL
CTGFPTP1,CTGFPTP1XXX,"CAIXA GESTAO DE ATIVOS SOCIEDADE GESTORA FUNDOS DE INVESTIMENTO, S.A."
CTIUPTP1,CTIUPTP1XXX,"CAIXA DE CREDITO AGRICOLA MUTUO DE TORRES VEDRAS, C.R.L."
CTIUPTPP,CTIUPTPPCTV,"CAIXA DE CREDITO AGRICOLA MUTUO DE TORRES VEDRAS, C.R.L."
CTIUPTPP,CTIUPTPPXXX,"CAIXA DE CREDITO AGRICOLA MUTUO DE TORRES VEDRAS, C.R.L."
CTLOPTP1,CTLOPTP1XXX,CAIXA DE CREDITO AGRICOLA MUTUO DOS ACORES CRL
CTLUPTP1,CTLUPTP1XXX,"CAIXA DE CREDITO AGRICOLA MUTUO DE TERRAS DE VIRIATO, CRL"
CTTPPTP1,CTTPPTP1XXX,"CTT-CORREIOS DE PORTUGAL, S.A."
CTTVPTPL,CTTVPTPLSIC,"BANCO CTT, S.A."
CTTVPTPL,CTTVPTPLXXX,"BANCO CTT, S.A."
CXBIPTPL,CXBIPTPLMCA,"CAIXA BANCO DE INVESTIMENTO, S.A"
CXBIPTPL,CXBIPTPLMOB,"CAIXA BANCO DE INVESTIMENTO, S.A"
CXBIPTPL,CXBIPTPLXXX,"CAIXA BANCO DE INVESTIMENTO, S.A"
DBRCPTP1,DBRCPTP1XXX,"DIF BROKER-SOCIEDADE FINANCEIRA DE CORRETAGEM, SA"
DEUTPTPL,DEUTPTPLFUN,DEUTSCHE BANK AG PORTUGAL BRANCH
DEUTPTPL,DEUTPTPLSIC,DEUTSCHE BANK AG PORTUGAL BRANCH
DEUTPTPL,DEUTPTPLXXX,DEUTSCHE BANK AG PORTUGAL BRANCH
EBPBPTP2,EBPBPTP2XXX,EBURY PARTNERS BELGIUM - SUCURSAL EM PORTUGAL
EBPNPTP1,EBPNPTP1XXX,EBURY PARTNERS UK LIMITED
EFIMPTP1,EFIMPTP1XXX,"GNB - SOCIEDADE GESTORA DE FUNDOS DE INVESTIMENTO IMOBILIARIO, S.A."
ESDEPTP1,ESDEPTP1XXX,"HAITONG BANK, S.A."
ESFPPTP1,ESFPPTP1XXX,GNB - SOCIEDADE GESTORA DE FUNDOS DE PENSOES S.A
ESGPPTP1,ESGPPTP1XXX,"ESAF - ES GESTAO DE PATRIMONIOS, SA"
ESSIPTPL,ESSIPTPLSIC,"HAITONG BANK, S.A."
ESSIPTPL,ESSIPTPLXXX,"HAITONG BANK, S.A."
EXATPTP1,EXATPTP1XXX,BANCO COMERCIAL PORTUGUES S.A.
FCEFPTP1,FCEFPTP1XXX,FCE BANK PLC
FCPIPTP1,FCPIPTP1XXX,FCA CAPITAL PORTUGAL INSTITUICAO FINANCEIRA DE CREDITO SA
FGCAPTP1,FGCAPTP1XXX,FUNDO DE GARANTIA DE CREDITO AGRICOLA MUTUO
FICCPTP1,FICCPTP1XXX,PATRIS CORRETORA S.A.
FIDEPTP2,FIDEPTP2XXX,"FIDELIDADE - COMPANHIA DE SEGUROS, S.A."
FIVRPTP1,FIVRPTP1XXX,"MONTEPIO VALOR - SOCIEDADE GESTORA DE FUNDOS DE INVESTIMENTO, S.A."
FPEAPTP2,FPEAPTP2XXX,FINANCIERE DES PAIEMENTS ELECTRONIQUE SAS - SUCURSAL EM PORTUGAL
FUGDPTP1,FUGDPTP1XXX,FUNDO DE GARANTIA DE DEPOSITOS
FURSPTP1,FURSPTP1XXX,FUNDO DE RESOLUCAO
GAFSPTP1,GAFSPTP1XXX,"MONTEPIO GESTAO DE ACTIVOS - SOCIEDADE GESTORA DE FUNDOS DE INVESTIMENTO, S.A."
GASGPTP1,GASGPTP1XXX,IM GESTAO DE ATIVOS SOCIEDADE GESTORA DE FUNDOS DE INVESTIMENTO SA
GBSCPTP1,GBSCPTP1XXX,GOLDEN BROKER SOCIEDADE CORRETORA SA
IBLSPTPP,IBLSPTPP101,"INTERBOLSA - S.G.S.L.S.C.V.M., S.A."
IBLSPTPP,IBLSPTPP998,"INTERBOLSA - S.G.S.L.S.C.V.M., S.A."
IBLSPTPP,IBLSPTPP999,"INTERBOLSA - S.G.S.L.S.C.V.M., S.A."
IBLSPTPP,IBLSPTPPCUG,"INTERBOLSA - S.G.S.L.S.C.V.M., S.A."
IBLSPTPP,IBLSPTPPXXX,"INTERBOLSA - S.G.S.L.S.C.V.M., S.A."
IBNBPTP1,IBNBPTP1XXX,BANCO SANTANDER CONSUMER PORTUGAL SA
IFLDPTP2,IFLDPTP2XXX,IFTHENPAY LDA
IGCPPTPL,IGCPPTPLBRA,"AGENCIA DE GESTAO DA TESOURARIA E DA DIVIDA PUBLICA, IGCP EPE"
IGCPPTPL,IGCPPTPLCAB,"AGENCIA DE GESTAO DA TESOURARIA E DA DIVIDA PUBLICA, IGCP EPE"
IGCPPTPL,IGCPPTPLXXX,"AGENCIA DE GESTAO DA TESOURARIA E DA DIVIDA PUBLICA, IGCP EPE"
IGFCPT21,IGFCPT21XXX,IGFCSS
INIOPTP1,INIOPTP1XXX,BANCO DE INVESTIMENTO IMOBILIARIO SA
IPAGPTPL,IPAGPTPLXXX,IPAGOO LLP PORTUGAL BRANCH
ISGAPTP1,ISGAPTP1XXX,INVESTQUEST SOCIETA GESTORA PATRIMONIOS
ITAUPTPP,ITAUPTPPXXX,"ITAU BBA EUROPE, S.A."
ITCAPTP1,ITCAPTP1XXX,"BIZ VALOR - SOCIEDADE CORRETORA, S.A."
IVVSPTPL,IVVSPTPL002,"BANCO INVEST, SA"
IVVSPTPL,IVVSPTPLXXX,"BANCO INVEST, SA"
LBSCPTP1,LBSCPTP1XXX,LISBON BROKERS SOCIEDADE CORRETO RA S.A.
LIPDPTP2,LIPDPTP2XXX,"LUSOPAY INSTITUICAO DE PAGAMENTO, LDA"
LLIUPTP2,LLIUPTP2XXX,DE LAGE LANDEN INTERNATIONAL B.V. SUCURSAL EM PORTUGAL
LPSCPTP1,LPSCPTP1XXX,LUSO PARTNERS - SOCIEDADE CORRETORA SA
MAPGPTP1,MAPGPTP1XXX,"CARAVELA-COMPANHIA DE SEGUROS, S.A."
MASNPTP1,MASNPTP1XXX,BANCO MADESANT - SOCIEDADE UNIPESSO AL SA
MBGFPTP1,MBGFPTP1XXX,"IM GESTAO DE ATIVOS, SOCIEDADE GESTORA DE FUNDOS DE INVESTIMENTO, S.A."
MEIIPTP1,MEIIPTP1XXX,"BANCO ACTIVOBANK, S.A."
MEIMPTP1,MEIMPTP1XXX,BANCO COMERCIAL PORTUGUES S.A.
MEOLPTP1,MEOLPTP1XXX,BANCO COMERCIAL PORTUGUES S.A.
MIISPTP1,MIISPTP1XXX,"BANCO COFIDIS, SA"
MPIOPTPL,MPIOPTPLSIC,"CAIXA ECONOMICA MONTEPIO GERAL, CAIXA ECONOMICA BANCARIA, S.A"
MPIOPTPL,MPIOPTPLTIT,"CAIXA ECONOMICA MONTEPIO GERAL, CAIXA ECONOMICA BANCARIA, S.A"
MPIOPTPL,MPIOPTPLXXX,"CAIXA ECONOMICA MONTEPIO GERAL, CAIXA ECONOMICA BANCARIA, S.A"
OMICPTPL,OMICPTPLASA,"OMICLEAR, C.C., S.A."
OMICPTPL,OMICPTPLCLI,"OMICLEAR, C.C., S.A."
OMICPTPL,OMICPTPLXXX,"OMICLEAR, C.C., S.A."
ONIFPTP1,ONIFPTP1XXX,ONEY-INSTITUICAO FINANCEIRA DE CREDITO S.A.
OVSCPTP1,OVSCPTP1XXX,"OREY FINANCIAL-INSTITUICAO FINANCEIRA DE CREDITO, S.A."
PANXPTP2,PANXPTP2XXX,UNIFIEDPOST PAYMENTS - BRANCH IN PORTUGAL
PAYYPTP1,PAYYPTP1XXX,PT PAY SA
PCBIPTP1,PCBIPTP1XXX,CREDITO AGRICOLA DEALER - S.F.C.
PETGPTP1,PETGPTP1XXX,PORTUGUESE EMISSION TRADING REGISTRY
PEXSPTP1,PEXSPTP1XXX,PEXSETTLE
PGPAPTP1,PGPAPTP1XXX,"BMO PORTUGAL, GESTAO DE PATRIMONIOS, S.A"
PMTSPTP1,PMTSPTP1XXX,"MTS PORTUGAL SGMR, SA"
PRIBPTPX,PRIBPTPXXXX,EDMOND DE ROTHSCHILD EUROPE - SUCURSAL PORTUGUESA
PRUUPTP1,PRUUPTP1XXX,"BANCO PRIMUS, S.A."
PSABPTP1,PSABPTP1XXX,BANQUE PSA FINANCE
PSTIPTPM,PSTIPTPMXXX,"PAUL STRICKER, S.A."
RAUVPTP2,RAUVPTP2XXX,MONTEPIO INVESTIMENTO SA
RBOSPTP1,RBOSPTP1XXX,THE ROYAL BANK OF SCOTLAND N.V. - SUCURSAL EM PORTUGAL
REVOPTP2,REVOPTP2LIQ,REVOLUT BANK UAB - SUCURSAL EM PORTUGAL
REVOPTP2,REVOPTP2MCA,REVOLUT BANK UAB - SUCURSAL EM PORTUGAL
REVOPTP2,REVOPTP2XXX,REVOLUT BANK UAB - SUCURSAL EM PORTUGAL
SAGCPTP1,SAGCPTP1XXX,SANTANDER GESTAO DE ACTIVOS
SGFEPTP1,SGFEPTP1XXX,SOCIEDADE GESTORA DOS FUNDOS DE PENSOES DO BANCO DE PORTUGAL S.A.
SGFPPTPL,SGFPPTPLPBD,SOCIEDADE GESTORA DOS FUNDOS DE PENSOES DO BANCO DE PORTUGAL S.A.
SGFPPTPL,SGFPPTPLPCD,SOCIEDADE GESTORA DOS FUNDOS DE PENSOES DO BANCO DE PORTUGAL S.A.
SGFPPTPL,SGFPPTPLXXX,SOCIEDADE GESTORA DOS FUNDOS DE PENSOES DO BANCO DE PORTUGAL S.A.
SIAOPTP1,SIAOPTP1XXX,"SIBS PAGAMENTOS, S.A."
SISRPTP1,SISRPTP1XXX,SIBS FORWARD PAYMENT SOLUTIONS SA
SISRPTPL,SISRPTPLXXX,SIBS FORWARD PAYMENT SOLUTIONS SA
SONVPTP1,SONVPTP1XXX,"SFS-FINANCIAL SERVICES, IME, SA"
TBPTPTP1,TBPTPTP1XXX,X-TRADE BROKERS D.M. S.A.
TOTAPTPL,TOTAPTPLCOV,"BANCO SANTANDER TOTTA, SA"
TOTAPTPL,TOTAPTPLEMI,"BANCO SANTANDER TOTTA, SA"
TOTAPTPL,TOTAPTPLMOB,"BANCO SANTANDER TOTTA, SA"
TOTAPTPL,TOTAPTPLSIC,"BANCO SANTANDER TOTTA, SA"
TOTAPTPL,TOTAPTPLXXX,"BANCO SANTANDER TOTTA, SA"
TRBKPTP2,TRBKPTP2XXX,TRADE REPUBLIC BANK GMBH SUCURSAL EM PORTUGAL
UIFCPTP1,UIFCPTP1XXX,"UNICRE - INSTITUICAO FINANCEIRA DE CREDITO, S.A."
UIFCPTPT,UIFCPTPTXXX,"UNICRE - INSTITUICAO FINANCEIRA DE CREDITO, S.A."
UNNGPTP2,UNNGPTP2XXX,"UNICAMBIO - INSTITUICAO DE PAGAMENTO, S.A."
UVBDPTP1,UVBDPTP1XXX,UNIVERSO-BANCO DIRECTO
VFXXPTP1,VFXXPTP1XXX,VFX FINANCIAL PLC
VPAYPTP2,VPAYPTP2XXX,VIVA PAYMENT SERVICES S.A. SUCURSAL EM PORTUGAL
WZNKPTPL,WZNKPTPLSCO,WIZINK BANK S.A.U. SUCURSAL EM PORTUGAL
WZNKPTPL,WZNKPTPLXXX,WIZINK BANK S.A.U. SUCURSAL EM PORTUGAL
XBDPPTP1,XBDPPTP1XXX,BOLSA DE DERIVADOS DO PORTO
XLISPTP1,XLISPTP1XXX,EURONEXT LISBON - SOCIEDADE GESTORA DE MERCADOS REGULAMENTADOS S.A.
