bic_8,bic,bank
AAGEBRSB,AAGEBRSBXXX,ASA ASSET 2 GESTAO DE RECURSOS LTDA ('ASA')
ABCBBRSP,ABCBBRSPXXX,BANCO ABC BRASIL S.A.
ABNABRSP,ABNABRSPXXX,BANCO ABN AMRO CLEARING S.A.
ACCVBRS1,ACCVBRS1XXX,"ARC CORRETORA DE CAMBIO, ASSOCIADOS GOUVEIA, CAMPEDELLI S.A."
ACTCBRR1,ACTCBRR1XXX,ATIVA INVESTIMENTOS S/A CTCV
ACUVBRS2,ACUVBRS2XXX,AGORA CORRETORA DE TITULOS E VALORES MOBILIARIOS SA
ADDRBRS2,ADDRBRS2XXX,ADVANCED CORRETORA DE CAMBIO LTDA
AEIBBRS1,AEIBBRS1XXX,"AMERICAN EXPRESS BANK, BRASIL"
AGKCBRS1,AGKCBRS1XXX,AGK CORRETORA DE CAMBIO S.A.
ALCCBRS1,ALCCBRS1XXX,ALFA CCVM S/A
ALPVBRS1,ALPVBRS1XXX,"ALPES CORRETORA DE CAMBIO, TITULOS E VALORES MOBILIARIOS LTDA"
AMABBRAB,AMABBRABXXX,BANCO DA AMAZONIA S.A.
ANBRBRS2,ANBRBRS2XXX,BANCO ANDBANK (BRASIL) S.A.
ARBBBRRJ,ARBBBRRJXXX,BANCO ARBI S.A.
ARBBBRS1,ARBBBRS10RJ,BANCO ARBI S.A.
ARBBBRS1,ARBBBRS10RS,BANCO ARBI S.A.
ARBBBRS1,ARBBBRS1XXX,BANCO ARBI S.A.
ASEFBRSP,ASEFBRSPXXX,ASA SOCIEDADE DE CREDITO FINANCIAMENTO E INVESTIMENTO S.A.
ASNRBRS1,ASNRBRS1XXX,GS ASSET MANAGEMENT BRASIL LTD
ATCTBRR1,ATCTBRR1XXX,ATIVA INVESTIMENTOS S.A. CORRETORA DE TITULOS CAMBIO E VALORES
ATVABRRJ,ATVABRRJXXX,"ATIVA INVESTIMENTOS S/A CORRETORA DE TITULOS, CAMBIO E VALORES"
AVSDBRS2,AVSDBRS2XXX,AVENUE SECURITIES DTVM LTDA
BAGBBRSP,BAGBBRSPXXX,BANCO CREDIT AGRICOLE BRASIL S.A.
BAVOBRSP,BAVOBRSPCST,BANCO VOTORANTIM S.A.
BAVOBRSP,BAVOBRSPXXX,BANCO VOTORANTIM S.A.
BBDCBRS1,BBDCBRS1XXX,BRADESCO S.A. CTVM
BBDEBRSP,BBDEBRSPBEX,BANCO BRADESCO SA
BBDEBRSP,BBDEBRSPBGS,BANCO BRADESCO SA
BBDEBRSP,BBDEBRSPBHE,BANCO BRADESCO SA
BBDEBRSP,BBDEBRSPBLM,BANCO BRADESCO SA
BBDEBRSP,BBDEBRSPBNU,BANCO BRADESCO SA
BBDEBRSP,BBDEBRSPBSA,BANCO BRADESCO SA
BBDEBRSP,BBDEBRSPCAS,BANCO BRADESCO SA
BBDEBRSP,BBDEBRSPCON,BANCO BRADESCO SA
BBDEBRSP,BBDEBRSPCSH,BANCO BRADESCO SA
BBDEBRSP,BBDEBRSPCTA,BANCO BRADESCO SA
BBDEBRSP,BBDEBRSPDAC,BANCO BRADESCO SA
BBDEBRSP,BBDEBRSPENQ,BANCO BRADESCO SA
BBDEBRSP,BBDEBRSPFAC,BANCO BRADESCO SA
BBDEBRSP,BBDEBRSPFLA,BANCO BRADESCO SA
BBDEBRSP,BBDEBRSPJVE,BANCO BRADESCO SA
BBDEBRSP,BBDEBRSPMNS,BANCO BRADESCO SA
BBDEBRSP,BBDEBRSPMTZ,BANCO BRADESCO SA
BBDEBRSP,BBDEBRSPNHO,BANCO BRADESCO SA
BBDEBRSP,BBDEBRSPOCO,BANCO BRADESCO SA
BBDEBRSP,BBDEBRSPPAE,BANCO BRADESCO SA
BBDEBRSP,BBDEBRSPPCY,BANCO BRADESCO SA
BBDEBRSP,BBDEBRSPRCE,BANCO BRADESCO SA
BBDEBRSP,BBDEBRSPRJO,BANCO BRADESCO SA
BBDEBRSP,BBDEBRSPSDR,BANCO BRADESCO SA
BBDEBRSP,BBDEBRSPSPO,BANCO BRADESCO SA
BBDEBRSP,BBDEBRSPSTS,BANCO BRADESCO SA
BBDEBRSP,BBDEBRSPTES,BANCO BRADESCO SA
BBDEBRSP,BBDEBRSPVTA,BANCO BRADESCO SA
BBDEBRSP,BBDEBRSPXXX,BANCO BRADESCO SA
BBDMBRSB,BBDMBRSBXXX,BANCO BRADESCO SA
BBGABRRB,BBGABRRBXXX,BB GESTAO DE RECURSOS-DISTR. DE TITULOS E VALORES MOB. S.A
BBINBRR1,BBINBRR10SP,BANCO BOCOM BBM S.A
BBINBRRJ,BBINBRRJXXX,BANCO BOCOM BBM S.A
BBMFBRSP,BBMFBRSPDBL,BANCO B3 S.A.
BBMFBRSP,BBMFBRSPXXX,BANCO B3 S.A.
BBONBRS2,BBONBRS2XXX,BANCO BS2 S.A.
BBONBRSP,BBONBRSPXXX,BANCO BS2 S.A.
BBRCBRS1,BBRCBRS1XXX,BROKER BRASIL CORRETORA DE CAMBIO LTDA
BBVABRSP,BBVABRSPXXX,BBVA BRASIL BANCO DE INVESTIMENTO S.A.
BCBBBRPR,BCBBBRPRBHE,BANCO BRADESCO SA
BCBBBRPR,BCBBBRPRBLM,BANCO BRADESCO SA
BCBBBRPR,BCBBBRPRBNU,BANCO BRADESCO SA
BCBBBRPR,BCBBBRPRCAS,BANCO BRADESCO SA
BCBBBRPR,BCBBBRPRCGB,BANCO BRADESCO SA
BCBBBRPR,BCBBBRPRCOR,BANCO BRADESCO SA
BCBBBRPR,BCBBBRPRCTA,BANCO BRADESCO SA
BCBBBRPR,BCBBBRPRFDS,BANCO BRADESCO SA
BCBBBRPR,BCBBBRPRFLA,BANCO BRADESCO SA
BCBBBRPR,BCBBBRPRJVE,BANCO BRADESCO SA
BCBBBRPR,BCBBBRPRMNS,BANCO BRADESCO SA
BCBBBRPR,BCBBBRPRNET,BANCO BRADESCO SA
BCBBBRPR,BCBBBRPROFS,BANCO BRADESCO SA
BCBBBRPR,BCBBBRPRPAE,BANCO BRADESCO SA
BCBBBRPR,BCBBBRPRPNG,BANCO BRADESCO SA
BCBBBRPR,BCBBBRPRRCE,BANCO BRADESCO SA
BCBBBRPR,BCBBBRPRRJO,BANCO BRADESCO SA
BCBBBRPR,BCBBBRPRSDR,BANCO BRADESCO SA
BCBBBRPR,BCBBBRPRSPO,BANCO BRADESCO SA
BCBBBRPR,BCBBBRPRSTS,BANCO BRADESCO SA
BCBBBRPR,BCBBBRPRTSY,BANCO BRADESCO SA
BCBBBRPR,BCBBBRPRVTA,BANCO BRADESCO SA
BCBBBRPR,BCBBBRPRXXX,BANCO BRADESCO SA
BCBRBRDF,BCBRBRDFINT,BANCO CENTRAL DO BRASIL
BCBRBRDF,BCBRBRDFORG,BANCO CENTRAL DO BRASIL
BCBRBRDF,BCBRBRDFXXX,BANCO CENTRAL DO BRASIL
BCDTBRS1,BCDTBRS1XXX,BRASCAN S/A CORRETORA DE TITULOS E
BCIIBRSP,BCIIBRSPXXX,STATE STREET BRASIL S.A. - BANCO COMERCIAL
BCITBRSP,BCITBRSPXXX,INTESA SANPAOLO BRASIL S.A. BANCO MULTIPLO
BCRSBRS1,BCRSBRS1XXX,BANCO ZOGBI SA
BCSIBRRS,BCSIBRRSXXX,BANCO COOPERATIVO SICREDI SA
BCSLBRS1,BCSLBRS1XXX,BANCO CRUZEIRO DO SUL S.A.
BCUEBRS1,BCUEBRS1XXX,BANCO CACIQUE S.A.
BCXPBRSP,BCXPBRSPXXX,BANCO XP S.A.
BDAOBRR1,BDAOBRR1XXX,BANCO DIMENSAO
BDMGBRRB,BDMGBRRBXXX,BDMG - BANCO DE DESENVOLVIMENTO DE MINAS GERAIS
BDOEBRR1,BDOEBRR1XXX,BANCO DE DESENVOLVIMENTO DO ESPIRIT O SANTO SA - BANDES
BEPABRAB,BEPABRABXXX,BANCO DO ESTADO DO PARA S/A
BESBBRSP,BESBBRSPBES,HAITONG BANCO DE INVESTIMENTO DO BRASIL S.A.
BESBBRSP,BESBBRSPXXX,HAITONG BANCO DE INVESTIMENTO DO BRASIL S.A.
BEXSBRSP,BEXSBRSPXXX,EBURY BANCO DE CAMBIO S.A
BFATBRS1,BFATBRS1XXX,BANCO FATOR SA
BGLDBRR1,BGLDBRR1XXX,BGC LIQUIDEZ DTVM LTDA
BIAIBRR1,BIAIBRR1XXX,BANCO INTER-ATLANTICO DE INVESTIMEN TO
BIBRBRSP,BIBRBRSPXXX,BANCO INDUSTRIAL DO BRASIL S/A
BICBBRSP,BICBBRSPXXX,BANK OF CHINA (BRASIL) BANCO MULTIPLO S/A
BIGABRRJ,BIGABRRJ045,BANCO DE INVESTIMENTOS UBS (BRASIL) S.A.
BIGABRRJ,BIGABRRJABT,BANCO DE INVESTIMENTOS UBS (BRASIL) S.A.
BIGABRRJ,BIGABRRJHGF,BANCO DE INVESTIMENTOS UBS (BRASIL) S.A.
BIGABRRJ,BIGABRRJSPO,BANCO DE INVESTIMENTOS UBS (BRASIL) S.A.
BIGABRRJ,BIGABRRJXXX,BANCO DE INVESTIMENTOS UBS (BRASIL) S.A.
BKCHBRSP,BKCHBRSPXXX,BANK OF CHINA BRASIL S.A.
BKCOBRSP,BKCOBRSPXXX,TRAVELEX BANCO DE CAMBIO S.A.
BLBCBRSP,BLBCBRSPXXX,BANCO LUSO BRASILEIRO S.A.
BMAXBRRJ,BMAXBRRJXXX,BANCO MASTER S/A
BMBCBRSP,BMBCBRSPXXX,BANCO BMG S/A
BMBOBRC1,BMBOBRC1XXX,BANCO MERCANTIL S.A
BMBRBRRB,BMBRBRRBXXX,BANCO MERCANTIL DO BRASIL S.A
BNBRBRCF,BNBRBRCFBHE,BANCO DO NORDESTE DO BRASIL SA
BNBRBRCF,BNBRBRCFFLA,BANCO DO NORDESTE DO BRASIL SA
BNBRBRCF,BNBRBRCFMCO,BANCO DO NORDESTE DO BRASIL SA
BNBRBRCF,BNBRBRCFNTL,BANCO DO NORDESTE DO BRASIL SA
BNBRBRCF,BNBRBRCFRCE,BANCO DO NORDESTE DO BRASIL SA
BNBRBRCF,BNBRBRCFRJO,BANCO DO NORDESTE DO BRASIL SA
BNBRBRCF,BNBRBRCFSDR,BANCO DO NORDESTE DO BRASIL SA
BNBRBRCF,BNBRBRCFSPO,BANCO DO NORDESTE DO BRASIL SA
BNBRBRCF,BNBRBRCFXXX,BANCO DO NORDESTE DO BRASIL SA
BNPABRSP,BNPABRSPB2S,BANCO BNP PARIBAS BRASIL S/A
BNPABRSP,BNPABRSPCWM,BANCO BNP PARIBAS BRASIL S/A
BNPABRSP,BNPABRSPXXX,BANCO BNP PARIBAS BRASIL S/A
BNSGBRSP,BNSGBRSPXXX,BANCOSEGURO S.A.
BOMGBRS1,BOMGBRS1XXX,BANCO BTG PACTUAL S.A.
BORIBRSP,BORIBRSPXXX,BANCO ORIGINAL S.A.
BOTKBRSX,BOTKBRSXXXX,BANCO MUFG BRASIL S.A.
BPABBRRJ,BPABBRRJXXX,BANCO BTG PACTUAL S.A
BPBMBRSP,BPBMBRSPXXX,BANCO CREFISA S.A.
BRASBRRJ,BRASBRRJADR,BANCO DO BRASIL S.A.
BRASBRRJ,BRASBRRJBHE,BANCO DO BRASIL S.A.
BRASBRRJ,BRASBRRJBNU,BANCO DO BRASIL S.A.
BRASBRRJ,BRASBRRJBSA,BANCO DO BRASIL S.A.
BRASBRRJ,BRASBRRJCAS,BANCO DO BRASIL S.A.
BRASBRRJ,BRASBRRJCGR,BANCO DO BRASIL S.A.
BRASBRRJ,BRASBRRJCTA,BANCO DO BRASIL S.A.
BRASBRRJ,BRASBRRJGFN,BANCO DO BRASIL S.A.
BRASBRRJ,BRASBRRJIBR,BANCO DO BRASIL S.A.
BRASBRRJ,BRASBRRJOCO,BANCO DO BRASIL S.A.
BRASBRRJ,BRASBRRJPAE,BANCO DO BRASIL S.A.
BRASBRRJ,BRASBRRJPPC,BANCO DO BRASIL S.A.
BRASBRRJ,BRASBRRJRCE,BANCO DO BRASIL S.A.
BRASBRRJ,BRASBRRJRJ1,BANCO DO BRASIL S.A.
BRASBRRJ,BRASBRRJRJ3,BANCO DO BRASIL S.A.
BRASBRRJ,BRASBRRJRJO,BANCO DO BRASIL S.A.
BRASBRRJ,BRASBRRJRPO,BANCO DO BRASIL S.A.
BRASBRRJ,BRASBRRJSBO,BANCO DO BRASIL S.A.
BRASBRRJ,BRASBRRJSDR,BANCO DO BRASIL S.A.
BRASBRRJ,BRASBRRJSPO,BANCO DO BRASIL S.A.
BRASBRRJ,BRASBRRJSUP,BANCO DO BRASIL S.A.
BRASBRRJ,BRASBRRJXXX,BANCO DO BRASIL S.A.
BRBSBRD1,BRBSBRD1SPA,BRB-BANCO DE BRASILIA S.A.
BRBSBRDF,BRBSBRDFXXX,BRB-BANCO DE BRASILIA S.A.
BRCTBRS1,BRCTBRS1XXX,BRADESCO S/A CTVM
BRGSBRRS,BRGSBRRSPAE,BANCO DO ESTADO DO RIO GRANDE DO SUL S/A
BRGSBRRS,BRGSBRRSXXX,BANCO DO ESTADO DO RIO GRANDE DO SUL S/A
BRPOBRS1,BRPOBRS1XXX,BANCO RIBEIRAO PRETO S.A
BSBSBRSP,BSBSBRSPXXX,BANCO SOFISA S.A.
BSCHBRSP,BSCHBRSPAST,BANCO SANTANDER (BRASIL) S.A.
BSCHBRSP,BSCHBRSPBKR,BANCO SANTANDER (BRASIL) S.A.
BSCHBRSP,BSCHBRSPCRT,BANCO SANTANDER (BRASIL) S.A.
BSCHBRSP,BSCHBRSPGEB,BANCO SANTANDER (BRASIL) S.A.
BSCHBRSP,BSCHBRSPSEC,BANCO SANTANDER (BRASIL) S.A.
BSCHBRSP,BSCHBRSPSPO,BANCO SANTANDER (BRASIL) S.A.
BSCHBRSP,BSCHBRSPXXX,BANCO SANTANDER (BRASIL) S.A.
BSOGBRSP,BSOGBRSPXXX,BANCO SOCIETE GENERALE BRASIL S/A
BSUABRS1,BSUABRS1XXX,BANCO SUL AMERICA S.A.
BTPABRPR,BTPABRPRXXX,EBANX INSTITUICAO DE PAGAMENTOS LTDA
BVOLBRSP,BVOLBRSPXXX,BANCO VOLKSWAGEN S.A.
CAKCBRS1,CAKCBRS1XXX,CM CAPITAL MARKETS CCTVM LTDA.
CBBABRSP,CBBABRSPBHE,ITAU UNIBANCO S.A
CBBABRSP,CBBABRSPCAS,ITAU UNIBANCO S.A
CBBABRSP,CBBABRSPPAE,ITAU UNIBANCO S.A
CBBABRSP,CBBABRSPRJO,ITAU UNIBANCO S.A
CBBABRSP,CBBABRSPXXX,ITAU UNIBANCO S.A
CCRLBRB1,CCRLBRB1XXX,COOPERATIVA DE CREDITO RURAL DO OESTE LTDA
CCVCBRS1,CCVCBRS1XXX,TULLETT PREBON BRASIL CORRETORA DE VALORES E CAMBIO LTDA
CDOABRP2,CDOABRP2XXX,CORRETORA DE CAMBIO ACORIANA LIMITADA
CDTVBRS1,CDTVBRS1XXX,COTACAO DISTRIBUIDORA DE TITULOS E VALORES MOBS S/A
CEESBRR1,CEESBRR1XXX,BANCO DO ESTADO DO RIO GRANDE DO SUL S.A
CEFXBRSP,CEFXBRSPXXX,CAIXA ECONOMICA FEDERAL
CETIBRR1,CETIBRR1XXX,"B3 S.A. - BRASIL, BOLSA, BALCAO"
CGDIBRSP,CGDIBRSPXXX,BANCO CAIXA GERAL-BRASIL S/A
CGMBBRS1,CGMBBRS1XXX,CITIGROUP GLOBAL MARKETS BRASIL CCTVM SA
CHASBRSP,CHASBRSPDCC,BANCO JP MORGAN S.A.
CHASBRSP,CHASBRSPGCC,BANCO JP MORGAN S.A.
CHASBRSP,CHASBRSPLPQ,BANCO JP MORGAN S.A.
CHASBRSP,CHASBRSPTSM,BANCO JP MORGAN S.A.
CHASBRSP,CHASBRSPXXX,BANCO JP MORGAN S.A.
CIMBBRS1,CIMBBRS1XXX,BANDEIRANTES CREDITO IMOBILIARIO
CITIBRBR,CITIBRBRXXX,BANCO CITIBANK SA
CITIBRSP,CITIBRSPHOF,CITIBANK NA - BRAZIL
CITIBRSP,CITIBRSPRJO,CITIBANK NA - BRAZIL
CITIBRSP,CITIBRSPSEC,CITIBANK NA - BRAZIL
CITIBRSP,CITIBRSPXXX,CITIBANK NA - BRAZIL
CITIBRSX,CITIBRSXXXX,CITIBANK NA - BRAZIL
CLCBBRRJ,CLCBBRRJXXX,COMPANHIA BRASILEIRA DE LIQUIDACAO E CUSTODIA
CNCVBRR1,CNCVBRR1001,NECTON INVESTIMENTOS S.A. CORRETORA DE VALORES MOBILIARIOS E COMMODITIES
CNCVBRR1,CNCVBRR1XXX,NECTON INVESTIMENTOS S.A. CORRETORA DE VALORES MOBILIARIOS E COMMODITIES
COCCBRS1,COCCBRS1XXX,COINVALORES CCVM LTDA.
COMEBRRS,COMEBRRSXXX,NOVO BANCO CONTINENTAL S.A.BANCO MULTIPLO(FORM.NBC BANK BRASIL S.A.)
CPBNBRDF,CPBNBRDFXXX,BANCO COOPERATIVO SICOOB S/A - BANCO SICOOB
CSFBBRS1,CSFBBRS1XXX,CREDIT SUISSE (BRASIL) S.A. CORRETORA DE TITULOS E VALORES MOBILIARIOS
CSIXBRSP,CSIXBRSPXXX,BANCO C6 S.A.
CTIPBRR1,CTIPBRR1XXX,CETIP S.A. BALCAO ORGANIZADO DE ATIVOS E DERIVATIVOS
DAYCBRSP,DAYCBRSPXXX,BANCO DAYCOVAL S/A
DBDIBRS1,DBDIBRS1XXX,BANCO DIGIBANCO S.A.
DEUTBRS1,DEUTBRS1XXX,DEUTSCHE BANK CV S/A
DEUTBRSP,DEUTBRSPCUS,DEUTSCHE BANK S.A.- BANCO ALEMAO
DEUTBRSP,DEUTBRSPRJO,DEUTSCHE BANK S.A.- BANCO ALEMAO
DEUTBRSP,DEUTBRSPSPO,DEUTSCHE BANK S.A.- BANCO ALEMAO
DEUTBRSP,DEUTBRSPXXX,DEUTSCHE BANK S.A.- BANCO ALEMAO
EBCTBRD1,EBCTBRD1XXX,EMPRESA BRASILEIRA DE CORREIOS E TELEGRAFOS - ECT
ELCCBRR1,ELCCBRR1XXX,ELITE CCVM LTDA
FATOBRS1,FATOBRS1XXX,FATOR S/A COR DE VAL E CAM
FDTVBRS1,FDTVBRS1XXX,FIBRA DISTRIBUIDORA DE TITULOS E VALORES MOBILIARIOS LTDA
FIBIBRSP,FIBIBRSPXXX,BANCO FIBRA S.A
FLCEBRS1,FLCEBRS1XXX,GENIAL INSTITUCIONAL CCTVM S.A.
FNBBBRB1,FNBBBRB1RJO,BANCO ITAUBANK S.A.
FNBBBRB1,FNBBBRB1SPO,BANCO ITAUBANK S.A.
FNBBBRB1,FNBBBRB1XXX,BANCO ITAUBANK S.A.
FNBBBRS1,FNBBBRS1XXX,"BANKBOSTON N.A.,BRAZIL"
FRIPBRR1,FRIPBRR1XXX,FITCH RATINGS BRASIL LTDA
GAIVBRR1,GAIVBRR1XXX,GAVEA INVESTIMENTOS LTDA
GBBDBRR1,GBBDBRR1XXX,GBM BRASIL DTVM S.A.
GERABRS1,GERABRS1XXX,GERACAO CORRETORA DE VALORES LTDA
GOLDBRSP,GOLDBRSPXXX,GOLDMAN SACHS DO BRASIL BANCO MULTIPLO S.A.
GOSMBRS1,GOSMBRS1XXX,GOLDMAN SACHS AND COMPANHIA
GRADBRS1,GRADBRS1XXX,GRADUAL C.C.T.V.M. LTDA
GRAPBRS1,GRAPBRS1XXX,J.P. MORGAN CORRETORA DE CAMBIO E VALORES MOBILIARIOS S.A.
GRBABRR1,GRBABRR1XXX,BANCO J.P. MORGAN S.A.
GSBCBRSP,GSBCBRSPXXX,GOLDMAN SACHS DO BRASIL CORRETORA DE TITULOS E VALORES MOBILIARIOS S/A
GSFVBRS1,GSFVBRS1XXX,GSI FUNDO INVESTIMENTO
GUAABRRJ,GUAABRRJXXX,BANCO GUANABARA SA
HCTVBRS1,HCTVBRS1XXX,BRADESCO-KIRTON CORRETORA DE TITULOS E VALORES MOBILIARIOS S.A.
HEDGBRS1,HEDGBRS1XXX,CREDIT SUISSE HEDGING-GRIFFO SERVICOS INTERNACIONAIS S.A.
HSBNBRSS,HSBNBRSSXXX,BANCO HSBC S.A.
HVBKBRSP,HVBKBRSPXXX,BANCO WOORI BANK DO BRASIL S.A.
ICBKBRSP,ICBKBRSPCLR,ICBC DO BRASIL BANCO MULTIPLO S.A.
ICBKBRSP,ICBKBRSPXXX,ICBC DO BRASIL BANCO MULTIPLO S.A.
IDTVBRS2,IDTVBRS2XXX,RB INVESTIMENTOS DISTRIBUIDORA DE TITULOS E VALORES MOBILIARIOS LIMITADA
IDVLBRSP,IDVLBRSPXXX,BANCO PLENO S.A.
IFCOBRSP,IFCOBRSPXXX,STONEX BANCO DE CAMBIO S.A.
INCVBRS1,INCVBRS1XXX,INTRA S/A CCV
ITAUBRSP,ITAUBRSPADR,ITAU UNIBANCO S.A
ITAUBRSP,ITAUBRSPBHE,ITAU UNIBANCO S.A
ITAUBRSP,ITAUBRSPBNU,ITAU UNIBANCO S.A
ITAUBRSP,ITAUBRSPCAS,ITAU UNIBANCO S.A
ITAUBRSP,ITAUBRSPCTA,ITAU UNIBANCO S.A
ITAUBRSP,ITAUBRSPINT,ITAU UNIBANCO S.A
ITAUBRSP,ITAUBRSPISS,ITAU UNIBANCO S.A
ITAUBRSP,ITAUBRSPJVE,ITAU UNIBANCO S.A
ITAUBRSP,ITAUBRSPLOC,ITAU UNIBANCO S.A
ITAUBRSP,ITAUBRSPNHO,ITAU UNIBANCO S.A
ITAUBRSP,ITAUBRSPPAE,ITAU UNIBANCO S.A
ITAUBRSP,ITAUBRSPRJO,ITAU UNIBANCO S.A
ITAUBRSP,ITAUBRSPSPO,ITAU UNIBANCO S.A
ITAUBRSP,ITAUBRSPXXX,ITAU UNIBANCO S.A
ITEMBRS2,ITEMBRS2XXX,BANCO INTER SA
ITEMBRSP,ITEMBRSPXXX,BANCO INTER SA
ITFDBRSP,ITFDBRSPXXX,INTL FCSTONE DTVM LTDA.
ITSABRS1,ITSABRS1XXX,ITAU ASSET MANAGEMENT LTDA
IVCCBRR1,IVCCBRR1XXX,XP INVESTIMENTOS CCTVM SA
JODIBRS1,JODIBRS1XXX,JP MORGAN DISTRIBUIDORA
JPCCBRS1,JPCCBRS1XXX,BANCO J. P. MORGAN S.A.
JPMCBRS1,JPMCBRS1XXX,JP MORGAN CORRETORA DE CAMBIO E VALORES MOBILIARIOS S/A
KODBBRSP,KODBBRSPXXX,BANCO KDB DO BRASIL S.A.
KOEXBRSP,KOEXBRSPXXX,BANCO KEB HANA DO BRASIL S.A.
LICTBRS1,LICTBRS1XXX,UBS BRASIL CCTVM
MACBBRS1,MACBBRS1XXX,MIRAE ASSET SECURITIES (BRASIL) C.T.V.M. LTDA
MAOVBRS1,MAOVBRS1XXX,MIRAE ASSET GLOBAL INVESTIMENTOS (BRASIL) GESTAO DE RECURSOS LTDA
MCALBRS1,MCALBRS1XXX,MAGLIANO S.A. CORRETORA DE CAMBIO E VALORES MOBILIARIOS
MCBMBRSP,MCBMBRSPXXX,MONEYCORP BANCO DE CAMBIO S.A.
MHCBBRSP,MHCBBRSPXXX,BANCO MIZUHO DO BRASIL S.A.
MIAEBRSP,MIAEBRSPXXX,MIRAE ASSET SECURITIES (BRASIL) C.T.V.M. LTDA
MINBBRR1,MINBBRR1XXX,ITAU UNIBANCO S.A.
MLBOBRSP,MLBOBRSPXXX,BANK OF AMERICA MERRILL LYNCH BANCO MULTIPLO S.A
MLBOBRSX,MLBOBRSXTRA,BANK OF AMERICA MERRILL LYNCH BANCO MULTIPLO S.A
MLBOBRSX,MLBOBRSXXXX,BANK OF AMERICA MERRILL LYNCH BANCO MULTIPLO S.A
MLCVBRS1,MLCVBRS1XXX,MERRILL LYNCH SA CVTM
MLDTBRS1,MLDTBRS1XXX,BANK OF AMERICA MERRILL LYNCH BANCO MULTIPLO S.A.
MOATBRS1,MOATBRS1XXX,MOODY'S AMERICA LATINA LTDA
MSBOBRPR,MSBOBRPRXXX,BRAZA BANK S.A BANCO DE CAMBIO
MSDWBRSP,MSDWBRSPTSY,BANCO MORGAN STANLEY S.A
MSDWBRSP,MSDWBRSPXXX,BANCO MORGAN STANLEY S.A
MSSPBRS1,MSSPBRS1XXX,MORGAN STANLEY
MUCVBRS1,MUCVBRS1XXX,MULTIPLIC CVM S/A
NACDBRRJ,NACDBRRJXXX,BANCO NACIONAL DE DESENVOLVIMENTO ECONOMICO E SOCIAL - BNDES
NACNBRSP,NACNBRSPXXX,BANCO DE LA NACION ARGENTINA
NCXXBRS1,NCXXBRS1XXX,BANCO NOSSA CAIXA S/A
NOCVBRS1,NOCVBRS1XXX,NOVINVEST S/A CVM
NOFVBRS1,NOFVBRS1XXX,NOVA FUTURA CORRETORA DE TITULOS E VALORES MOBILIARIOS LTDA
NOSCBRSP,NOSCBRSPXXX,SCOTIABANK BRASIL S.A. BANCO MULTIPLO
OURIBRSP,OURIBRSPXXX,OURIBANK S.A. BANCO MULTIPLO
OZCOBRS2,OZCOBRS2XXX,OZ CORRETORA DE CAMBIO S.A.
PACVBRS1,PACVBRS1XXX,BR PARTNERS C.T.V.M. S.A.
PAULBRSP,PAULBRSPXXX,BANCO PAULISTA S.A.
PBBRBRSP,PBBRBRSPXXX,BANCO PINE S.A.
PBSVBRR1,PBSVBRR1XXX,PRUDENTIAL DO BRASIL SEGUROS DE VIDA SA
PINMBRSP,PINMBRSPXXX,BR PARTNERS BANCO DE INVESTIMENTO S.A.
PLAEBRS1,PLAEBRS1XXX,PLANNER CORRETORA DE VALORES S.A.
PLURBRRJ,PLURBRRJXXX,BANCO GENIAL S.A.
PRBABRSP,PRBABRSPXXX,BANCO DE LA PROVINCIA DE BUENOS AIRES
QUCCBRR1,QUCCBRR1XXX,QUANTIA CCTVM LTDA
RABOBRSP,RABOBRSPXXX,BANCO RABOBANK INTERNATIONAL BRASIL S/A
RBOSBRS1,RBOSBRS1XXX,THE ROYAL BANK OF SCOTLAND BRASIL S.A. - BANCO DE INVESTIMENTO
RDESBRP1,RDESBRP10RF,BANCO REGIONAL DE DESENVOLVIMENTO D O EXTREMO SUL - BRDE
RDESBRP1,RDESBRP10RS,BANCO REGIONAL DE DESENVOLVIMENTO D O EXTREMO SUL - BRDE
RDESBRP1,RDESBRP1XXX,BANCO REGIONAL DE DESENVOLVIMENTO D O EXTREMO SUL - BRDE
RDTVBRS1,RDTVBRS1XXX,RENASCENCA DISTRIBUIDORA DE TITULOS E VALORES MOBILIARIOS LTDA.
RENDBRSP,RENDBRSPXXX,BANCO RENDIMENTO S/A
RUBABRR1,RUBABRR1SIM,BANCO RURAL S.A.
RUBABRR1,RUBABRR1XXX,BANCO RURAL S.A.
SABVBRS1,SABVBRS1XXX,SANTANDER BRASIL S/A CTVM
SAFRBRSP,SAFRBRSPRJO,BANCO SAFRA SA
SAFRBRSP,SAFRBRSPSPO,BANCO SAFRA SA
SAFRBRSP,SAFRBRSPXXX,BANCO SAFRA SA
SBCTBRS2,SBCTBRS2XXX,SCOTIABANK BRASIL SA CORRETORA DE TITULOS E VALORES MOBILIARIOS
SBLLBRS1,SBLLBRS1XXX,BANCO STANDARD DE INVESTIMENTOS S.A
SCBRBRS1,SCBRBRS1XXX,BANCO SUMITOMO MITSUI BRASILEIRO SA
SCHRBRS1,SCHRBRS1XXX,SCHRODER INVESTMENT MANAGEMENT BRASIL
SCPABRS1,SCPABRS1XXX,SOCOPA SOCIEDADE CORRETORA PAULISTA S/A.
SCVBBRS1,SCVBBRS1XXX,SLW CORRETORA DE VALORES E CAMBIO LTDA
SCVCBRS1,SCVCBRS1XXX,SPINELLI S/A - CORRETORA DE VALORES MOBILIARIOS E CAMBIO
SMEABRRB,SMEABRRBXXX,BANCO SEMEAR S.A.
SOCUBRR1,SOCUBRR1XXX,SOUZA CRUZ LTDA
SQINBRS1,SQINBRS1XXX,SQUANTO INVESTIMENTOS LTDA
SSCSBRR1,SSCSBRR1XXX,SPECIAL SYSTEM FOR SETTLEMENT AND CUSTODY (SELIC)
SSSBBRSP,SSSBBRSPNRI,S3 CACEIS BRASIL DISTRIBUIDORA DE TITULOS E VALORES MOBILIARIOS S.A
SSSBBRSP,SSSBBRSPXXX,S3 CACEIS BRASIL DISTRIBUIDORA DE TITULOS E VALORES MOBILIARIOS S.A
SUBRBRS1,SUBRBRS10DF,BANCO SUMITOMO MITSUI BRASILEIRO S.A.
SUBRBRS1,SUBRBRS10RB,BANCO SUMITOMO MITSUI BRASILEIRO S.A.
SUBRBRS1,SUBRBRS10RJ,BANCO SUMITOMO MITSUI BRASILEIRO S.A.
SUBRBRSP,SUBRBRSPXXX,BANCO SUMITOMO MITSUI BRASILEIRO S.A.
TATNBRS2,TATNBRS2XXX,BANCO TRATON BRASIL S.A.
TEGIBRR1,TEGIBRR1XXX,TESE CONSULTORIA FINANCEIRA LTDA
THECBRS1,THECBRS1XXX,"THECA CORRETORA DE CAMBIO, TITULOS E VALORES MOBILIARIOS LTDA"
TIDTBRS2,TIDTBRS2XXX,TERRA INVESTIMENTOS DTVM LTDA
TOPZBRRS,TOPZBRRSXXX,BANCO TOPAZIO S.A.
TROCBRS2,TROCBRS2XXX,TREVISO CORRETORA DE CAMBIO S.A.
UBSWBRSP,UBSWBRSPXXX,UBS BRASIL BANCO DE INVESTIMENTO S.A.
UNPABRPR,UNPABRPRXXX,SISPRIME DO BRASIL - COOPERATIVA DE CREDITO
WICABRS1,WICABRS1XXX,INTESA SANPAOLO BRASIL S.A. - BANCO MULTIPLO
XBMFBRBR,XBMFBRBRCRD,"B3 S.A. BRASIL, BOLSA, BALCAO"
XBMFBRBR,XBMFBRBRXXX,"B3 S.A. BRASIL, BOLSA, BALCAO"
XBMFBRSP,XBMFBRSPCRD,"B3 S.A. BRASIL, BOLSA, BALCAO"
XBMFBRSP,XBMFBRSPDBL,"B3 S.A. BRASIL, BOLSA, BALCAO"
XBMFBRSP,XBMFBRSPXXX,"B3 S.A. BRASIL, BOLSA, BALCAO"
XBSPBRS1,XBSPBRS1XXX,BOLSA DE VALORES DE SAO PAULO
XCMBBRSP,XCMBBRSPXXX,BANCO XCMG BRASIL S/A
XRIOBRR1,XRIOBRR1XXX,BOLSA DE VALORES DO RIO DE JANEIRO
