bic_8,bic,bank
ABHPDOS1,ABHPDOS1XXX,ASOCIACION BARAHONA DE AHORROS Y PRESTAMOS
ABHRDOSD,ABHRDOSDXXX,ASOCIACION BONAO DE AHORROS Y PRESTAMOS
ACAPDOS1,ACAPDOS1XXX,ASOCIACION COTUI DE AHORROS Y PRESTAMOS
ACAUDOS1,ACAUDOS1XXX,"BANCO DE AHORRO Y CREDITO ALTAS CUMBRES, S.A."
ACDGDOS1,ACDGDOS1XXX,"AGENTE DE CAMBIO DARIO GUZMAN,S.A."
ACEDDOS1,ACEDDOS1XXX,AGENTE DE CAMBIO EURODIVISAS DOMINI CANA S.A.
ACEODOS1,ACEODOS1XXX,"AGENTE DE CAMBIO CENTRO DOLLAR CD, S.A."
ACFEDOS1,ACFEDOS1XXX,"BANCO DE AHORRO Y CREDITO FONDESA, S.A. (BANFONDESA)"
ACFEDOSC,ACFEDOSCXXX,"BANCO DE AHORRO Y CREDITO FONDESA, S.A. (BANFONDESA)"
ACFPDOS1,ACFPDOS1XXX,AGENTE DE CAMBIO FIRST POINT
ACHADOS1,ACHADOS1XXX,AGENTE DE CAMBIO HNOS DE LOS SANTOS
ACIBDOS1,ACIBDOS1XXX,ASOCIACION CIBAO DE AHORROS Y PRESTAMOS
ACIBDOSX,ACIBDOSXXXX,ASOCIACION CIBAO DE AHORROS Y PRESTAMOS
ACNCDOS1,ACNCDOS1XXX,AGENTE DE CAMBIO LA NACIONAL C.POR.A
ACPHDOS1,ACPHDOS1XXX,AGENTE DE CAMBIO PATRICIO HIERRO S.A.
ACRDDOS1,ACRDDOS1XXX,"AGENTE DE CAMBIO REMESAS DOMINICANAS, S.A."
ACRSDOS1,ACRSDOS1XXX,"AGENTE DE CAMBIO RIJO AND ASOCIADOS ,S.A"
ACSLDOS1,ACSLDOS1XXX,"AGENTE DE CAMBIO SANTA LUCIA, S. A"
ACXADOS2,ACXADOS2XXX,"AGENTE DE CAMBIO EXTRANJERO A.C.E., S.A."
ADAPDOS1,ADAPDOS1XXX,ASOCIACION DOMINICANA DE AHORROS Y PRESTAMOS
ADUADOS1,ADUADOS1XXX,ASOCIACION DUARTE DE AHORROS Y PRESTAMOS
AFPIDOS1,AFPIDOS1XXX,"ADMINISTRADORA DE FONDOS DE PENSIONES SIEMBRA, S.A"
AFPSDOS1,AFPSDOS1XXX,"ADMINISTRADORA DE FONDOS DE PENSIONES RESERVAS, (AFP RESERVAS) S. A."
AGACDOS1,AGACDOS1XXX,"AGENTE DE CAMBIO C P Y R COMERCIAL, S.A."
AGADDOS1,AGADDOS1XXX,"AGENTE DE CAMBIO LA MOREDI, S.A"
AGATDOS1,AGATDOS1XXX,"AGENTE DE CAMBIO S.C.T.,S.A."
AGCDDOS1,AGCDDOS1XXX,"AGENTE DE CAMBIO PLACIDO IV, S.A"
AGCLDOS1,AGCLDOS1XXX,"AGENTE DE CAMBIO ALEYBRA, S.A."
AGCMDOS1,AGCMDOS1XXX,"VT AGENTE DE CAMBIO, S.A"
AGCNDOS1,AGCNDOS1XXX,"AGENTE DE CAMBIO LEONEL, S.A"
AGCRDOS1,AGCRDOS1XXX,AGENTE DE CAMBIO LOS PRIMOS
AGCTDOS1,AGCTDOS1XXX,"AGENTE DE CAMBIO TAVERAS,S.A"
AGMCDOS1,AGMCDOS1XXX,AGENTE DE CAMBIO CONCEPCION
AGMMDOS1,AGMMDOS1XXX,"AGENTE DE CAMBIO MARVE, S.A."
AHAPDOS1,AHAPDOS1XXX,ASOCIACION HIGUAMO DE AHORROS Y PRESTAMOS
AHCADOS1,AHCADOS1XXX,"BANCO DE AHORRO Y CREDITO ATLAS, S.A."
AHCDDOS1,AHCDDOS1XXX,"BANCO DE AHORRO Y CREDITO ADOPEM, S.A."
AHCDDOS2,AHCDDOS2XXX,"BANCO DE AHORRO Y CREDITO ADOPEM, S.A."
AHCEDOS1,AHCEDOS1XXX,"BANCO DE AHORRO Y CREDITO FEDERAL, S.A."
AHCGDOS1,AHCGDOS1XXX,"BANCO DE AHORRO Y CREDITO FIHOGAR, S.A."
AHCGDOS3,AHCGDOS3XXX,"BANCO DE AHORRO Y CREDITO FIHOGAR, S.A."
AHCMDOSD,AHCMDOSDXXX,BANCO MULTIPLE ADEMI. S.A
AHCODOS1,AHCODOS1XXX,"BANCO DE AHORRO Y CREDITO CONFISA, S.A."
AHCODOSM,AHCODOSMXXX,"BANCO DE AHORRO Y CREDITO CONFISA, S.A."
AHCSDOSD,AHCSDOSDXXX,"BANCO MULTIPLE DE LAS AMERICAS, S.A"
AHRCDOS1,AHRCDOS1XXX,"BANCO BACC DE AHORRO Y CREDITO DEL CARIBE, S.A"
AHREDOS1,AHREDOS1XXX,BANCO DE AHORRO Y CREDITO EMPIRE
AHRIDOS1,AHRIDOS1XXX,"BANCO MULTIPLE JMMB BANK, SA."
AHRIDOS2,AHRIDOS2XXX,"BANCO MULTIPLE JMMB BANK, SA."
AHRMDOS1,AHRMDOS1XXX,"BANCO DE AHORRO Y CREDITO MICRO, S.A."
ALVRDOS1,ALVRDOS1XXX,ASOCIACION LA VEGA REAL DE AHORROS Y PRESTAMOS
ALVRDOS2,ALVRDOS2XXX,ASOCIACION LA VEGA REAL DE AHORROS Y PRESTAMOS
AMAPDOS1,AMAPDOS1XXX,ASOCIACION MAGUANA DE AHORROS Y PRESTAMOS
AMARDOS1,AMARDOS1XXX,ASOCIACION MOCANA DE AHORROS Y PRESTAMOS
AMARDOS2,AMARDOS2XXX,ASOCIACION MOCANA DE AHORROS Y PRESTAMOS
ANAPDOS1,ANAPDOS1XXX,ASOCIACION NOROESTANA DE AHORROS Y PRESTAMOS
ANAYDOS1,ANAYDOS1XXX,ASOCIACION LA NACIONAL DE AHORROS Y PRESTAMOS
ANAYDOSD,ANAYDOSDXXX,ASOCIACION LA NACIONAL DE AHORROS Y PRESTAMOS
ANORDOS1,ANORDOS1XXX,ASOCIACION NORTENA DE AHORROS Y PRESTAMOS
APAPDOS1,APAPDOS1XXX,ASOCIACION LA PREVISORA DE AHORROS Y PRESTAMOS
APARDOS1,APARDOS1XXX,ASOCIACION PERAVIA DE AHORROS Y PRESTAMOS
APOPDOS1,APOPDOS1XXX,ASOCIACION POPULAR DE AHORROS Y PRESTAMOS (APAP)
APOPDOSX,APOPDOSXXXX,ASOCIACION POPULAR DE AHORROS Y PRESTAMOS (APAP)
ARAODOS1,ARAODOS1XXX,ASOCIACION ROMANA DE AHORROS Y PRESTAMOS
ARCVDOS1,ARCVDOS1XXX,"AGENTE DE REMESAS Y CAMBIO VIMENCA, S.A"
BAACDOS1,BAACDOS1XXX,"BANCO ATLANTICO DE AHORRO Y CREDITO, S.A."
BAACDOSD,BAACDOSDXXX,"BANCO ATLANTICO DE AHORRO Y CREDITO, S.A."
BACGDOS1,BACGDOS1XXX,BANCO DE AHORRO Y CREDITO GRUFICORP S.A.
BADODOS1,BADODOS1XXX,BONANZA BANCO DE AHORRO Y CREDITO
BAGRDOS1,BAGRDOS1XXX,BANCO AGRICOLA DE LA REPUBLICA DOMINICANA
BAGRDOSA,BAGRDOSAXXX,BANCO AGRICOLA DE LA REPUBLICA DOMINICANA
BANSDOSD,BANSDOSDXXX,"BANESCO BANCO MULTIPLE, S. A."
BBDIDOSD,BBDIDOSDXXX,"BANCO MULTIPLE BDI, S.A."
BCBHDOSD,BCBHDOSDXXX,BANCO MULTIPLE BHD S.A.
BCCEDOSD,BCCEDOSDXXX,BANCO MULTIPLE LAFISE S.A.
BCRDDOSX,BCRDDOSXOMA,CENTRAL BANK OF THE DOMINICAN REPUBLIC
BCRDDOSX,BCRDDOSXSBC,CENTRAL BANK OF THE DOMINICAN REPUBLIC
BCRDDOSX,BCRDDOSXXXX,CENTRAL BANK OF THE DOMINICAN REPUBLIC
BCVIDOS1,BCVIDOS1XXX,AGENTE DE CAMBIO VIMENCA
BELNDOSD,BELNDOSDXXX,"BANCO MULTIPLE JMMB BANK, SA."
BHDVDOSD,BHDVDOSDXXX,"BHD LEON PUESTO DE BOLSA, S. A."
BLDHDOSD,BLDHDOSDXXX,"BANCO MULTIPLE LOPEZ DE HARO, S.A."
BNVPDOS1,BNVPDOS1XXX,BANCO NACIONAL DE LAS EXPORTACIONES (BANDEX)
BODSDOS1,BODSDOS1XXX,"BANCO CONTINENTAL DE DESARROLLO,S.A"
BPDODOSX,BPDODOSXREM,"BANCO POPULAR DOMINICANO, S.A. BANCO MULTIPLE"
BPDODOSX,BPDODOSXXXX,"BANCO POPULAR DOMINICANO, S.A. BANCO MULTIPLE"
BPYMDOS1,BPYMDOS1XXX,BANCO MULTIPLE BHD LEON SA
BRRDDOSD,BRRDDOSDXXX,BANCO DE RESERVAS DE LA REPUBLICA DOMINICANA
BVPODOS1,BVPODOS1XXX,BITACORA VALORES PUESTO DE BOLSA
CAHCDOS1,CAHCDOS1XXX,"BANCO DOMINICANO DEL PROGRESO, S.A. BANCO MULTIP"
CCEEDOS1,CCEEDOS1XXX,CORPORACION DE CREDITO EL EFECTIVO
CCLCDOS1,CCLCDOS1XXX,"LEASING CONFISA,BANCO DE AHORRO Y CREDITO S.A."
CCLCDOSM,CCLCDOSMXXX,"LEASING CONFISA,BANCO DE AHORRO Y CREDITO S.A."
CCNPDOS1,CCNPDOS1XXX,"CORPORACION DE CREDITO NORDESTANA DE PRESTAMOS, S.A."
CCPSDOS1,CCPSDOS1XXX,"CCI PUESTO DE BOLSA, S.A"
CITIDOSD,CITIDOSD022,CITIBANK N.A. SUCURSAL REPUBLICA DOMINICANA
CITIDOSD,CITIDOSDCTV,CITIBANK N.A. SUCURSAL REPUBLICA DOMINICANA
CITIDOSD,CITIDOSDXXX,CITIBANK N.A. SUCURSAL REPUBLICA DOMINICANA
CITIDOT1,CITIDOT1XXX,CITINVERSIONES DE TITULOS Y VALORES S.A. PUESTO DE BOLSA
COCZDOS1,COCZDOS1XXX,"CORPORACION DE CREDITO FINANZAR, S.A."
CODODOS1,CODODOS1XXX,"CORPORACION DE CREDITO OFICORP, S.A."
CODPDOS1,CODPDOS1XXX,CORPORACION DE CREDITO PREINDESA
COEDDOS1,COEDDOS1XXX,CORPORACION DE CREDITO REIDCO SA
CRDLDOS1,CRDLDOS1XXX,"CORPORACION DE CREDITO MONUMENTAL, S.A."
CROLDOS1,CROLDOS1XXX,CORPORACION DE CREDITO ORIENTAL
CVDPDOSD,CVDPDOSDGAR,"CEVALDOM, S.A."
CVDPDOSD,CVDPDOSDXXX,"CEVALDOM, S.A."
EXPLDOD1,EXPLDOD1XXX,"EXCEL PUESTO DE BOLSA, S. A."
FSCODOS1,FSCODOS1XXX,"ALPHA SOCIEDAD DE VALORES, S.A. PUESTO DE BOLSA"
GBHDDOS1,GBHDDOS1XXX,"BANCO DE AHORRO Y CREDITO IDECOSA, S.A."
IPPBDOS1,IPPBDOS1XXX,"INVERSIONES POPULAR S. A., PUESTO DE BOLSA"
IRPLDOSD,IRPLDOSDXXX,INVERSIONES AND RESERVAS S.A.
ISCZDOS1,ISCZDOS1XXX,"INVERSIONES SANTA CRUZ, SA"
MCARDOSD,MCARDOSDXXX,"MOTOR CREDITO, S.A., BANCO DE AHORRO Y CREDITO"
MEEDDOS1,MEEDDOS1XXX,MERCADO ELECTRONICO DOMINICANO (PANAMA)
MIOVDOS2,MIOVDOS2XXX,"MIO MOVIL, S.A."
MPMUDOS1,MPMUDOS1XXX,"MPB MULTIVALORES, S.A."
NOABDOS1,NOABDOS1XXX,NORCA S.A. AGENTE DE CAMBIO
NOSCDOSD,NOSCDOSDXXX,"SCOTIABANK REPUBLICA DOMINICANA, S.A., BANCO MULTIPLE"
OPVADOS1,OPVADOS1XXX,"VERTEX VALORES PUESTO DE BOLSA, S.A."
PCMDDOS1,PCMDDOS1XXX,PLUS CAPITAL MARKET DOMINICANA - PCM DOMINICANA S.A.
PRHRDOSD,PRHRDOSDXXX,BANCO MULTIPLE PROMERICA DE LA REPUBLICA DOMINICANA
PVDLDOSD,PVDLDOSDXXX,"BANCO MULTIPLE ACTIVO DOMINICANA, S.A."
PVPBDOS1,PVPBDOS1XXX,PARALLAX VALORES PUESTO DE BOLSA S.A.
PVPODOS1,PVPODOS1XXX,"PRIMMA VALORES, S.A. PUESTO DE BOLSA"
PVPODOSD,PVPODOSDXXX,"PRIMMA VALORES, S.A. PUESTO DE BOLSA"
QDDMDOSD,QDDMDOSDXXX,"QIK BANCO DIGITAL DOMINICANO, S.A., BANCO MULTIPLE"
QUABDOS1,QUABDOS1XXX,"QUEZADA AGENTE DE CAMBIO, S. A."
SCRZDOSD,SCRZDOSDXXX,"BANCO MULTIPLE SANTA CRUZ, S.A."
SOEFDOS1,SOEFDOS1XXX,BANCA SOGEFINERG
STGODOSD,STGODOSDXXX,BANCO MULTIPLE CARIBE INTERNACIONAL S.A.
TENADOS1,TENADOS1XXX,TESORERIA NACIONAL
TESLDOS1,TESLDOS1XXX,TESORERIA DE LA SEGURIDAD SOCIAL
TIVADOS1,TIVADOS1XXX,TIVALSA
UCPODOS1,UCPODOS1XXX,UNITED CAPITAL PUESTO DE BOLSA
UNONDOSD,UNONDOSDXXX,BANCO DE AHORRO Y CREDITO UNION S.A.
VIMEDOSD,VIMEDOSDXXX,"BANCO MULTIPLE VIMENCA, S.A."
