bic_8,bic,bank
ABAPIE21,ABAPIE21XXX,ABBEY CAPITAL LTD
ABRNIE21,ABRNIE21XXX,PEOPLE FIRST CREDIT UNION LIMITED
ABRUIE21,ABRUIE21XXX,ABBEYFEALE CREDIT UNION LIMITED
ACCUIE21,ACCUIE21XXX,FIRST CHOICE CREDIT UNION LIMITED
ACMOIE21,ACMOIE21XXX,"ALLIED IRISH BANKS, PUBLIC LIMITED COMPANY"
ACRUIE21,ACRUIE21XXX,ST. ANTHONY'S AND CLADDAGH CREDIT UNION LIMITED
ADCUIE21,ADCUIE21XXX,ATHEA AND DISTRICT CREDIT UNION LIMITED
ADDUIE21,ADDUIE21XXX,W AND W INVESTMENT MANAGERS DESIGNATED ACTIVITY COMPANY
AFEEIE2D,AFEEIE2DXXX,ASSOCIATED FOREIGN EXCHANGE IRELAND LIMITED
AFMEIE22,AFMEIE22XXX,AFEX MARKETS EUROPE LIMITED
AFRNIE21,AFRNIE21XXX,ANP INTERNATIONAL FINANCE LTD
AFSIIE21,AFSIIE21XXX,APEX FUND SERVICES (IRELAND) LIMITED
AGCUIE21,AGCUIE21XXX,ST. AGNES CREDIT UNION LIMITED
AGITIE21,AGITIE21CUS,AIG INVESTMENTS IRELAND LIMITED
AGITIE21,AGITIE21XXX,AIG INVESTMENTS IRELAND LIMITED
AIBKIE2D,AIBKIE2DTPS,"AIB, PUBLIC LIMITED COMPANY"
AIBKIE2D,AIBKIE2DXXX,"AIB, PUBLIC LIMITED COMPANY"
AIBKIE2E,AIBKIE2EXXX,IQ EQ FUND MANAGEMENT (IRELAND) LIMITED
AIBKIE31,AIBKIE31XXX,IQ EQ FUND MANAGEMENT (IRELAND) LIMITED
AICMIE21,AICMIE21XXX,"ALLIED IRISH BANKS, PUBLIC LIMITED COMPANY"
AICUIE21,AICUIE21XXX,ST. AILBES CREDIT UNION LIMITED
AIFIIE21,AIFIIE21XXX,AIB FINANCE LIMITED
AIGCIE21,AIGCIE21XXX,"AIG EUROPE S.A., IRELAND BRANCH"
AIMBIE21,AIMBIE21XXX,AIB MORTGAGE BANK
ALHSIE2D,ALHSIE2DXXX,ALCHELYST LIMITED
AMUEIE22,AMUEIE22XXX,ARCHITAS MULTI-MANAGER EUROPE LIMITED
ANCUIE21,ANCUIE21XXX,ANNADUFF CREDIT UNION LIMITED
ANUNIE21,ANUNIE21XXX,A.N.S.A.C.CREDIT UNION LIMITED
ARCUIE21,ARCUIE21XXX,ARDEE CREDIT UNION LIMITED
ARIDIE22,ARIDIE22XXX,ARCH INSURANCE EU DAC
ARRIIE21,ARRIIE21XXX,ARAINN CREDIT UNION LIMITED
ARRNIE21,ARRNIE21XXX,CAHIR CREDIT UNION LIMITED
ARRPIE21,ARRPIE21XXX,ARCH REINSURANCE EUROPE
ARRUIE21,ARRUIE21XXX,ARKLOW CREDIT UNION LIMITED
ASPDIE21,ASPDIE21XXX,AUGHRIM STREET PARISH AND DISTRICT CREDIT UNION LIMITED
ASRNIE21,ASRNIE21XXX,A.S.T.I. CREDIT UNION LIMITED
ASTGIE21,ASTGIE21XXX,IIU ASSET STRATEGIES LIMITED
ATCUIE21,ATCUIE21XXX,ATHBOY CREDIT UNION LIMITED
ATEUIE21,ATEUIE21XXX,PEOPLE FIRST CREDIT UNION LIMITED
ATROIE21,ATROIE21XXX,ATHLONE CREDIT UNION LIMITED
ATRUIE21,ATRUIE21XXX,ATHENRY CREDIT UNION LIMITED
AVACIE21,AVACIE21XXX,AVA TRADE EU LIMITED
AVCUIE21,AVCUIE21XXX,ALTURA CREDIT UNION LIMITED
AYCUIE21,AYCUIE21XXX,AYRFIELD CREDIT UNION LIMITED
AZIVIE2D,AZIVIE2DXXX,AZIMUT INVESTMENTS LIMITED
AZLDIE22,AZLDIE22XXX,AZIMUT LIFE DAC
BARCIE2D,BARCIE2D4SF,BARCLAYS BANK IRELAND PLC
BARCIE2D,BARCIE2DCMA,BARCLAYS BANK IRELAND PLC
BARCIE2D,BARCIE2DGBS,BARCLAYS BANK IRELAND PLC
BARCIE2D,BARCIE2DMEM,BARCLAYS BANK IRELAND PLC
BARCIE2D,BARCIE2DPTM,BARCLAYS BANK IRELAND PLC
BARCIE2D,BARCIE2DSEC,BARCLAYS BANK IRELAND PLC
BARCIE2D,BARCIE2DTPS,BARCLAYS BANK IRELAND PLC
BARCIE2D,BARCIE2DTSY,BARCLAYS BANK IRELAND PLC
BARCIE2D,BARCIE2DXXX,BARCLAYS BANK IRELAND PLC
BARCIE2F,BARCIE2FXXX,BARCLAYS BANK IRELAND PLC
BARCIE3P,BARCIE3PXXX,BARCLAYS BANK IRELAND PLC
BAWAIE22,BAWAIE22XXX,"BAWAG P.S.K. BANK FUR ARBEIT UND WIRTSCHAFT UND OSTERREICHISCHE POSTSPARKASSE AG, IRISH BRANCH"
BBCUIE21,BBCUIE21XXX,ATHENRY CREDIT UNION LIMITED
BBDAIE31,BBDAIE31XXX,BANK OF BERMUDA (EUROPE) PLC
BBHFIE21,BBHFIE21XXX,"BROWN BROTHERS HARRIMAN FUND ADMINI STRATION SERVICES (IRELAND), LTD"
BBHTIE21,BBHTIE21XXX,"BROWN BROTHERS HARRIMAN TRUSTEE SER VICES (IRELAND), LTD."
BCDUIE21,BCDUIE21XXX,FIRST SOUTH CREDIT UNION LIMITED
BCPKIE21,BCPKIE21XXX,BCP STOCKBROKERS LTD.
BCRUIE21,BCRUIE21XXX,BALLINLOUGH CREDIT UNION LIMITED
BCUOIE21,BCUOIE21XXX,BALLINASLOE CREDIT UNION (OUR LADY OF LOURDES) LIMITED
BDCIIE21,BDCIIE21XXX,FIRST CHOICE CREDIT UNION LIMITED
BDCLIE21,BDCLIE21XXX,BALLYMOTE AND DISTRICT CREDIT UNION LIMITED
BDCUIE21,BDCUIE21XXX,BALLAGHADERREEN AND DISTRICT CREDIT UNION LIMITED
BDMSIE21,BDMSIE21XXX,BLACKSTONE ALTERNATIVE INVESTMENT FUNDS PLC - BLACKSTONE DIVERSIFIED MULTI-STRATEGY FUND
BDRIIE21,BDRIIE21XXX,BLESSINGTON AND DISTRICT CREDIT UNION LIMITED
BDRNIE21,BDRNIE21XXX,BLANCHARDSTOWN AND DISTRICT CREDIT UNION LIMITED
BEENIE21,BEENIE21XXX,THOMASTOWN CREDIT UNION LIMITED
BERIIE21,BERIIE21XXX,BEREHAVEN CREDIT UNION LIMITED
BERUIE21,BERUIE21XXX,TIPPERARY CREDIT UNION LIMITED
BESNIE21,BESNIE21XXX,BEAR STEARNS BANK PLC
BGCUIE21,BGCUIE21XXX,BAGENALSTOWN CREDIT UNION LIMITED
BGECIE21,BGECIE21XXX,ERVIA EMPLOYEES' CREDIT UNION LIMITED
BHCUIE21,BHCUIE21XXX,B.H.K. CREDIT UNION LIMITED
BIGTIE2D,BIGTIE2DXXX,BANK OF IRELAND HEAD OFFICE
BILLIE2D,BILLIE2DXXX,CACEIS IRELAND LIMITED
BIPEIE21,BIPEIE21XXX,BRANDES INVESTMENT PARTNERS (EUROPE
BIRIIE21,BIRIIE21XXX,BISHOPSTOWN CREDIT UNION LIMITED
BIRNIE21,BIRNIE21XXX,BIRR CREDIT UNION LIMITED
BIRUIE21,BIRUIE21XXX,LINK CREDIT UNION LIMITED
BKBKIE2D,BKBKIE2DXXX,BANKINTER SOCIEDAD ANONIMA IRELAND BRANCH
BKCHIE3D,BKCHIE3DXXX,BANK OF CHINA (EUROPE) S.A. DUBLIN BRANCH
BLCIIE21,BLCIIE21XXX,BALLINA CREDIT UNION LIMITED
BLCUIE21,BLCUIE21XXX,PROGRESSIVE CREDIT UNION LIMITED
BLDIIE21,BLDIIE21XXX,BALLYSHANNON AND KILLYBEGS CREDIT UNION LIMITED
BLDOIE21,BLDOIE21XXX,BALTINGLASS CREDIT UNION LIMITED
BLDUIE21,BLDUIE21XXX,CREDIT UNION PLUS LTD
BLENIE21,BLENIE21XXX,BALLYBAY CREDIT UNION LIMITED
BLFLIE2D,BLFLIE2DXXX,"LGT BANK AG, DUBLIN BRANCH"
BLIEIE21,BLIEIE21XXX,BLACKBEE INVESTMENTS LTD
BLIIIE21,BLIIIE21XXX,BLARNEY CREDIT UNION LIMITED
BLIOIE21,BLIOIE21XXX,BLACKPOOL CREDIT UNION LIMITED
BLIUIE21,BLIUIE21XXX,BLACKROCK CREDIT UNION LIMITED
BLRIIE21,BLRIIE21XXX,ST. COLMAN'S (CLAREMORRIS) CREDIT UNION LIMITED
BLRNIE21,BLRNIE21XXX,BALLINCOLLIG CREDIT UNION LIMITED
BLROIE21,BLROIE21XXX,CREDIT UNION PLUS LTD
BLRUIE21,BLRUIE21XXX,BALLINAMORE CREDIT UNION LIMITED
BLTIIE21,BLTIIE21XXX,ENNISCORTHY CREDIT UNION LIMITED
BLTNIE21,BLTNIE21XXX,BALLYGALL CREDIT UNION LIMITED
BLTOIE21,BLTOIE21XXX,BALLYCONNELL CREDIT UNION LIMITED
BLTUIE21,BLTUIE21XXX,BALLYFERMOT CREDIT UNION LIMITED
BMFEIE21,BMFEIE21XXX,BNY MELLON FUND SERVICES (IRELAND) DESIGNATED ACTIVITY COMPANY
BNCNIE21,BNCNIE21XXX,MUINTIR SKIBBEREEN CREDIT UNION LIMITED
BNPAIE2D,BNPAIE2DXXX,BNP PARIBAS SA
BNPBIE2D,BNPBIE2DAFW,"BNP PARIBAS PRIME BROKERAGE INTERNATIONAL, LIMITED"
BNPBIE2D,BNPBIE2DXXX,"BNP PARIBAS PRIME BROKERAGE INTERNATIONAL, LIMITED"
BNRUIE21,BNRUIE21XXX,BANTRY CREDIT UNION LIMITED
BNYMIE2D,BNYMIE2DXXX,"THE BANK OF NEW YORK MELLON SA/NV, DUBLIN BRANCH"
BOFAIE3X,BOFAIE3XBST,BANK OF AMERICA EUROPE DESIGNATED ACTIVITY COMPANY
BOFAIE3X,BOFAIE3XCRD,BANK OF AMERICA EUROPE DESIGNATED ACTIVITY COMPANY
BOFAIE3X,BOFAIE3XECL,BANK OF AMERICA EUROPE DESIGNATED ACTIVITY COMPANY
BOFAIE3X,BOFAIE3XEQU,BANK OF AMERICA EUROPE DESIGNATED ACTIVITY COMPANY
BOFAIE3X,BOFAIE3XFIC,BANK OF AMERICA EUROPE DESIGNATED ACTIVITY COMPANY
BOFAIE3X,BOFAIE3XFUT,BANK OF AMERICA EUROPE DESIGNATED ACTIVITY COMPANY
BOFAIE3X,BOFAIE3XGDS,BANK OF AMERICA EUROPE DESIGNATED ACTIVITY COMPANY
BOFAIE3X,BOFAIE3XGFD,BANK OF AMERICA EUROPE DESIGNATED ACTIVITY COMPANY
BOFAIE3X,BOFAIE3XIFS,BANK OF AMERICA EUROPE DESIGNATED ACTIVITY COMPANY
BOFAIE3X,BOFAIE3XLSG,BANK OF AMERICA EUROPE DESIGNATED ACTIVITY COMPANY
BOFAIE3X,BOFAIE3XLTS,BANK OF AMERICA EUROPE DESIGNATED ACTIVITY COMPANY
BOFAIE3X,BOFAIE3XPLX,BANK OF AMERICA EUROPE DESIGNATED ACTIVITY COMPANY
BOFAIE3X,BOFAIE3XPOR,BANK OF AMERICA EUROPE DESIGNATED ACTIVITY COMPANY
BOFAIE3X,BOFAIE3XSBL,BANK OF AMERICA EUROPE DESIGNATED ACTIVITY COMPANY
BOFAIE3X,BOFAIE3XTRD,BANK OF AMERICA EUROPE DESIGNATED ACTIVITY COMPANY
BOFAIE3X,BOFAIE3XTSY,BANK OF AMERICA EUROPE DESIGNATED ACTIVITY COMPANY
BOFAIE3X,BOFAIE3XVAM,BANK OF AMERICA EUROPE DESIGNATED ACTIVITY COMPANY
BOFAIE3X,BOFAIE3XXXX,BANK OF AMERICA EUROPE DESIGNATED ACTIVITY COMPANY
BOFIIE2D,BOFIIE2DXXX,BANK OF IRELAND HEAD OFFICE
BOFMIE2D,BOFMIE2DXXX,BANK OF MONTREAL EUROPE PLC
BORNIE21,BORNIE21XXX,BOYLE CREDIT UNION LIMITED
BORUIE21,BORUIE21XXX,BORRISOKANE CREDIT UNION LIMITED
BPEUIE21,BPEUIE21XXX,PROGRESSIVE CREDIT UNION LIMITED
BPFEIE21,BPFEIE21XXX,BELTANY PROPERTY FINANCE DESIGNATED ACTIVITY COMPANY
BPMIIE21,BPMIIE21XXX,BPM IRELAND PLC
BRCUIE21,BRCUIE21XXX,CARLOW DISTRICT CREDIT UNION LIMITED
BREEIE21,BREEIE21XXX,BROADSTONE C.I.E. EMPLOYEES' CREDIT UNION LIMITED
BREIIE21,BREIIE21XXX,ST. BRIGID'S CREDIT UNION LIMITED
BREOIE21,BREOIE21XXX,BLACK RAVEN CREDIT UNION LIMITED
BRROIE21,BRROIE21XXX,BRUFF CREDIT UNION LIMITED
BRRUIE21,BRRUIE21XXX,BRAY CREDIT UNION LIMITED
BSYSIE21,BSYSIE21XXX,BISYS FUND SERVICES (IRELAND) LTD
BTDLIE2D,BTDLIE2DXXX,HSBC CONTINENTAL EUROPE
BUICIE22,BUICIE22XXX,BRUMMER UMBRELLA ICAV C/O CARNE GROUP
BUNQIE22,BUNQIE22XXX,BUNQ B.V.
BURNIE21,BURNIE21XXX,NEW ROSS CREDIT UNION LIMITED
BURUIE21,BURUIE21XXX,BUNCRANA CREDIT UNION LIMITED
CADNIE21,CADNIE21XXX,CAHERCIVEEN CREDIT UNION LIMITED
CAHMIE21,CAHMIE21XXX,BANKIA SA IRISH BRANCH
CAMRIE21,CAMRIE21XXX,CAMPBELL O'CONNOR AND CO.
CANFIE2D,CANFIE2DXXX,CANTOR FITZGERALD IRELAND LIMITED
CAZAIE21,CAZAIE21XXX,CANTOR FITZGERALD IRELAND LIMITED
CBIBIE21,CBIBIE21XXX,CLOSE BROTHERS LIMITED IRELAND BRANCH
CBRNIE21,CBRNIE21XXX,CABRA CREDIT UNION LIMITED
CBRUIE21,CBRUIE21XXX,COBH CREDIT UNION LIMITED
CCFUIE22,CCFUIE22PAR,COHEN AND COMPANY FINANCIAL (EUROPE) LIMITED
CCFUIE22,CCFUIE22XXX,COHEN AND COMPANY FINANCIAL (EUROPE) LIMITED
CCGDIE21,CCGDIE21XXX,COMHAR CREIDMHEASA GHAOTH DOBHEIR TEORANTA
CCHCIE21,CCHCIE21XXX,COMHAR CREIDMHEASA CHOLM CILLE TEORANTA
CCHDIE21,CCHDIE21XXX,COMHAR CHREIDMHEASA CHORCA DHUIBHNE TEORANTA
CCHTIE21,CCHTIE21XXX,FIRST SOUTH CREDIT UNION LIMITED
CCRNIE21,CCRNIE21XXX,ST. COLMAN'S (CLAREMORRIS) CREDIT UNION LIMITED
CDCEIE21,CDCEIE21XXX,CASTLEREA AND DISTRICT CREDIT UNION LIMITED
CDCIIE21,CDCIIE21XXX,CARRICK-ON-SHANNON AND DISTRICT CREDIT UNION LIMITED
CDDCIE21,CDDCIE21XXX,CROI LAIGHEAN CREDIT UNION LIMITED
CDEIIE21,CDEIIE21XXX,LIMERICK AND DISTRICT CREDIT UNION LIMITED
CDEUIE21,CDEUIE21XXX,CARLOW DISTRICT CREDIT UNION LIMITED
CDRNIE21,CDRNIE21XXX,CELBRIDGE DISTRICT CREDIT UNION LIMITED
CFSHIE2D,CFSHIE2DFEC,CITCO FUND SERVICES IRELAND LIMITED
CFSHIE2D,CFSHIE2DGGY,CITCO FUND SERVICES IRELAND LIMITED
CFSHIE2D,CFSHIE2DMUR,CITCO FUND SERVICES IRELAND LIMITED
CFSHIE2D,CFSHIE2DPEG,CITCO FUND SERVICES IRELAND LIMITED
CFSHIE2D,CFSHIE2DSAM,CITCO FUND SERVICES IRELAND LIMITED
CFSHIE2D,CFSHIE2DSCA,CITCO FUND SERVICES IRELAND LIMITED
CFSHIE2D,CFSHIE2DSCU,CITCO FUND SERVICES IRELAND LIMITED
CFSHIE2D,CFSHIE2DSDU,CITCO FUND SERVICES IRELAND LIMITED
CFSHIE2D,CFSHIE2DSLU,CITCO FUND SERVICES IRELAND LIMITED
CFSHIE2D,CFSHIE2DSSY,CITCO FUND SERVICES IRELAND LIMITED
CFSHIE2D,CFSHIE2DSTB,CITCO FUND SERVICES IRELAND LIMITED
CFSHIE2D,CFSHIE2DSTO,CITCO FUND SERVICES IRELAND LIMITED
CFSHIE2D,CFSHIE2DVIL,CITCO FUND SERVICES IRELAND LIMITED
CFSHIE2D,CFSHIE2DXXX,CITCO FUND SERVICES IRELAND LIMITED
CHASIE2D,CHASIE2DARD,"J.P. MORGAN SE, DUBLIN BRANCH"
CHASIE2D,CHASIE2DBGI,"J.P. MORGAN SE, DUBLIN BRANCH"
CHASIE2D,CHASIE2DDEX,"J.P. MORGAN SE, DUBLIN BRANCH"
CHASIE2D,CHASIE2DFID,"J.P. MORGAN SE, DUBLIN BRANCH"
CHASIE2D,CHASIE2DFRT,"J.P. MORGAN SE, DUBLIN BRANCH"
CHASIE2D,CHASIE2DUSS,"J.P. MORGAN SE, DUBLIN BRANCH"
CHASIE2D,CHASIE2DVAN,"J.P. MORGAN SE, DUBLIN BRANCH"
CHASIE2D,CHASIE2DXXX,"J.P. MORGAN SE, DUBLIN BRANCH"
CHASIE2X,CHASIE2XBGI,"J.P. MORGAN SE, DUBLIN BRANCH"
CHASIE2X,CHASIE2XENQ,"J.P. MORGAN SE, DUBLIN BRANCH"
CHASIE2X,CHASIE2XXXX,"J.P. MORGAN SE, DUBLIN BRANCH"
CHASIE4L,CHASIE4LCPL,"J.P. MORGAN SE, DUBLIN BRANCH"
CHASIE4L,CHASIE4LWPL,"J.P. MORGAN SE, DUBLIN BRANCH"
CHASIE4L,CHASIE4LXXX,"J.P. MORGAN SE, DUBLIN BRANCH"
CHCUIE21,CHCUIE21XXX,CAHIR CREDIT UNION LIMITED
CHRUIE21,CHRUIE21XXX,CHARLEVILLE CREDIT UNION LIMITED
CIDUIE21,CIDUIE21XXX,CORE CREDIT UNION LIMITED
CIENIE21,CIENIE21XXX,CARRICKMACROSS CREDIT UNION LIMITED
CIEOIE21,CIEOIE21XXX,CARRICK-ON-SUIR CREDIT UNION LIMITED
CITCIE2D,CITCIE2DXXX,CITCO BANK NEDERLAND NV BRANCH
CITIIE2B,CITIIE2BXXX,CITIBANK EUROPE PLC
CITIIE2X,CITIIE2XAMS,CITIBANK EUROPE PLC
CITIIE2X,CITIIE2XBRU,CITIBANK EUROPE PLC
CITIIE2X,CITIIE2XCB2,CITIBANK EUROPE PLC
CITIIE2X,CITIIE2XCPH,CITIBANK EUROPE PLC
CITIIE2X,CITIIE2XCTI,CITIBANK EUROPE PLC
CITIIE2X,CITIIE2XDBK,CITIBANK EUROPE PLC
CITIIE2X,CITIIE2XDEN,CITIBANK EUROPE PLC
CITIIE2X,CITIIE2XFFT,CITIBANK EUROPE PLC
CITIIE2X,CITIIE2XFIN,CITIBANK EUROPE PLC
CITIIE2X,CITIIE2XFLD,CITIBANK EUROPE PLC
CITIIE2X,CITIIE2XGAT,CITIBANK EUROPE PLC
CITIIE2X,CITIIE2XLIS,CITIBANK EUROPE PLC
CITIIE2X,CITIIE2XMAD,CITIBANK EUROPE PLC
CITIIE2X,CITIIE2XMIL,CITIBANK EUROPE PLC
CITIIE2X,CITIIE2XNOR,CITIBANK EUROPE PLC
CITIIE2X,CITIIE2XNWY,CITIBANK EUROPE PLC
CITIIE2X,CITIIE2XPAR,CITIBANK EUROPE PLC
CITIIE2X,CITIIE2XRES,CITIBANK EUROPE PLC
CITIIE2X,CITIIE2XSIG,CITIBANK EUROPE PLC
CITIIE2X,CITIIE2XTI0,CITIBANK EUROPE PLC
CITIIE2X,CITIIE2XTI1,CITIBANK EUROPE PLC
CITIIE2X,CITIIE2XTRD,CITIBANK EUROPE PLC
CITIIE2X,CITIIE2XVIE,CITIBANK EUROPE PLC
CITIIE2X,CITIIE2XXXX,CITIBANK EUROPE PLC
CITIIE3D,CITIIE3DXXX,CITIBANK EUROPE PLC
CITIIE4X,CITIIE4XITA,CITIBANK EUROPE PLC
CITIIE4X,CITIIE4XXXX,CITIBANK EUROPE PLC
CITIIEA1,CITIIEA1001,CITIBANK EUROPE PLC
CITIIEA1,CITIIEA1002,CITIBANK EUROPE PLC
CITIIEA1,CITIIEA1003,CITIBANK EUROPE PLC
CITIIEA1,CITIIEA1004,CITIBANK EUROPE PLC
CITIIEA1,CITIIEA1005,CITIBANK EUROPE PLC
CITIIEA1,CITIIEA1006,CITIBANK EUROPE PLC
CITIIEA1,CITIIEA1007,CITIBANK EUROPE PLC
CITIIEA1,CITIIEA1008,CITIBANK EUROPE PLC
CITIIEA1,CITIIEA1009,CITIBANK EUROPE PLC
CITIIEA1,CITIIEA1010,CITIBANK EUROPE PLC
CITIIEA1,CITIIEA1011,CITIBANK EUROPE PLC
CITIIEA1,CITIIEA1012,CITIBANK EUROPE PLC
CITIIEA1,CITIIEA1013,CITIBANK EUROPE PLC
CITIIEA1,CITIIEA1014,CITIBANK EUROPE PLC
CITIIEA1,CITIIEA1015,CITIBANK EUROPE PLC
CITIIEA1,CITIIEA1016,CITIBANK EUROPE PLC
CITIIEA1,CITIIEA1017,CITIBANK EUROPE PLC
CITIIEA1,CITIIEA1018,CITIBANK EUROPE PLC
CITIIEA1,CITIIEA1019,CITIBANK EUROPE PLC
CITIIEA1,CITIIEA1020,CITIBANK EUROPE PLC
CITIIEA1,CITIIEA1021,CITIBANK EUROPE PLC
CITIIEA1,CITIIEA1022,CITIBANK EUROPE PLC
CITIIEA1,CITIIEA1023,CITIBANK EUROPE PLC
CITIIEA1,CITIIEA1024,CITIBANK EUROPE PLC
CITIIEA1,CITIIEA1025,CITIBANK EUROPE PLC
CITIIEA1,CITIIEA1026,CITIBANK EUROPE PLC
CITIIEA1,CITIIEA1027,CITIBANK EUROPE PLC
CITIIEA1,CITIIEA1028,CITIBANK EUROPE PLC
CITIIEA1,CITIIEA1029,CITIBANK EUROPE PLC
CITIIEA1,CITIIEA1030,CITIBANK EUROPE PLC
CITIIEA1,CITIIEA1XXX,CITIBANK EUROPE PLC
CKCNIE21,CKCNIE21XXX,ST. CANICE'S KILKENNY CREDIT UNION LIMITED
CKCUIE21,CKCUIE21XXX,ST. COLMCILLE'S (KELLS) CREDIT UNION LIMITED
CLCUIE21,CLCUIE21XXX,CLEARIESTOWN CREDIT UNION LIMITED
CLDIIE21,CLDIIE21XXX,MEMBER FIRST CREDIT UNION LIMITED
CLDNIE21,CLDNIE21XXX,CLONTARF CREDIT UNION LIMITED
CLDOIE21,CLDOIE21XXX,ST. COLUMBA'S CREDIT UNION LIMITED
CLDUIE21,CLDUIE21XXX,COMMUNITY CREDIT UNION LIMITED
CLEOIE21,CLEOIE21XXX,ARDEE CREDIT UNION LIMITED
CLEUIE21,CLEUIE21XXX,CLONMEL CREDIT UNION LIMITED
CLIOIE21,CLIOIE21XXX,CLANMAURICE CREDIT UNION LIMITED
CLIRIE21,CLIRIE21XXX,COMHAR LINN INTO CREDIT UNION LIMITED
CLIUIE21,CLIUIE21XXX,CLOGHERHEAD CREDIT UNION LIMITED
CLRIIE21,CLRIIE21XXX,TOWER CREDIT UNION LIMITED
CLRNIE21,CLRNIE21XXX,COOLEY CREDIT UNION LIMITED
CLROIE21,CLROIE21XXX,CLONES CREDIT UNION LIMITED
CNAIIE21,CNAIIE21XXX,CORONATION CAPITAL LIMITED
CNORIE22,CNORIE22XXX,THE NORTHERN TRUST COMPANY IRELAND BRANCH
CNORIE2D,CNORIE2DETA,NORTHERN TRUST FIDUCIARY SERVICES (IRELAND) LIMITED
CNORIE2D,CNORIE2DXXX,NORTHERN TRUST FIDUCIARY SERVICES (IRELAND) LIMITED
CNRNIE21,CNRNIE21XXX,CANA CREDIT UNION LIMITED
CPAYIE2D,CPAYIE2DXXX,FIRE FINANCIAL SERVICES LIMITED
CPAYIE31,CPAYIE31XXX,FIRE FINANCIAL SERVICES LIMITED
CPIRIE21,CPIRIE21XXX,LINK IFS LIMITED
CRUNIE21,CRUNIE21XXX,B AND S CREDIT UNION LIMITED
CSCIIE21,CSCIIE21XXX,COIS SIONNA CREDIT UNION LIMITED
CSDIIE21,CSDIIE21XXX,HEALTH SERVICES STAFFS CREDIT UNION LIMITED
CSDNIE21,CSDNIE21XXX,CROSSHAVEN-CARRIGALINE CREDIT UNION LIMITED
CSDOIE21,CSDOIE21XXX,PUBLIC SERVICE CREDIT UNION LIMITED
CSDUIE21,CSDUIE21XXX,CONNEMARA CREDIT UNION LIMITED
CSEIIE21,CSEIIE21XXX,BALTINGLASS CREDIT UNION LIMITED
CSENIE21,CSENIE21XXX,CASTLECOMER CREDIT UNION LIMITED
CSEOIE21,CSEOIE21XXX,CASTLEPOLLARD CREDIT UNION LIMITED
CSGIIE21,CSGIIE21XXX,CITADEL SECURITIES GCS (IRELAND)
CSGIIE31,CSGIIE31XXX,CITADEL SECURITIES GCS (IRELAND)
CSGIIE41,CSGIIE41XXX,CITADEL SECURITIES GCS (IRELAND)
CSGIIE51,CSGIIE51XXX,CITADEL SECURITIES GCS (IRELAND)
CSNEIE21,CSNEIE21XXX,COMGEST ASSET MANAGEMENT INTERNATIONAL LIMITED
CSRIIE21,CSRIIE21XXX,CASTLEBLAYNEY CREDIT UNION LIMITED
CSRNIE21,CSRNIE21XXX,FIRST CHOICE CREDIT UNION LIMITED
CSRUIE21,CSRUIE21XXX,AFFINITY CREDIT UNION LIMITED
CSTNIE21,CSTNIE21XXX,MULLINGAR CREDIT UNION
CTCCIE2D,CTCCIE2DXXX,CIRCIT LIMITED
CTCIIE21,CTCIIE21XXX,CATHEDRAL CREDIT UNION LIMITED
CTCNIE21,CTCNIE21XXX,COOTEHILL CREDIT UNION LIMITED
CUCUIE21,CUCUIE21XXX,CUCHULLAIN CREDIT UNION LIMITED
CURYIE21,CURYIE21XXX,CURRENCYFAIR LIMITED
CUXRIE2D,CUXRIE2DXXX,CURRENXIE TECHNOLOGIES LIMITED
CVCUIE21,CVCUIE21XXX,CAVAN CREDIT UNION LIMITED
DABAIE2D,DABAIE2D500,DANSKE BANK A/S
DABAIE2D,DABAIE2D501,DANSKE BANK A/S
DABAIE2D,DABAIE2D502,DANSKE BANK A/S
DABAIE2D,DABAIE2D503,DANSKE BANK A/S
DABAIE2D,DABAIE2D504,DANSKE BANK A/S
DABAIE2D,DABAIE2D506,DANSKE BANK A/S
DABAIE2D,DABAIE2D508,DANSKE BANK A/S
DABAIE2D,DABAIE2D509,DANSKE BANK A/S
DABAIE2D,DABAIE2D511,DANSKE BANK A/S
DABAIE2D,DABAIE2D513,DANSKE BANK A/S
DABAIE2D,DABAIE2D515,DANSKE BANK A/S
DABAIE2D,DABAIE2D520,DANSKE BANK A/S
DABAIE2D,DABAIE2D522,DANSKE BANK A/S
DABAIE2D,DABAIE2D550,DANSKE BANK A/S
DABAIE2D,DABAIE2D592,DANSKE BANK A/S
DABAIE2D,DABAIE2D598,DANSKE BANK A/S
DABAIE2D,DABAIE2D599,DANSKE BANK A/S
DABAIE2D,DABAIE2D600,DANSKE BANK A/S
DABAIE2D,DABAIE2D601,DANSKE BANK A/S
DABAIE2D,DABAIE2D606,DANSKE BANK A/S
DABAIE2D,DABAIE2D611,DANSKE BANK A/S
DABAIE2D,DABAIE2D615,DANSKE BANK A/S
DABAIE2D,DABAIE2D621,DANSKE BANK A/S
DABAIE2D,DABAIE2D626,DANSKE BANK A/S
DABAIE2D,DABAIE2D631,DANSKE BANK A/S
DABAIE2D,DABAIE2D633,DANSKE BANK A/S
DABAIE2D,DABAIE2D634,DANSKE BANK A/S
DABAIE2D,DABAIE2D636,DANSKE BANK A/S
DABAIE2D,DABAIE2D640,DANSKE BANK A/S
DABAIE2D,DABAIE2D641,DANSKE BANK A/S
DABAIE2D,DABAIE2D642,DANSKE BANK A/S
DABAIE2D,DABAIE2D643,DANSKE BANK A/S
DABAIE2D,DABAIE2D644,DANSKE BANK A/S
DABAIE2D,DABAIE2D645,DANSKE BANK A/S
DABAIE2D,DABAIE2D646,DANSKE BANK A/S
DABAIE2D,DABAIE2D648,DANSKE BANK A/S
DABAIE2D,DABAIE2D649,DANSKE BANK A/S
DABAIE2D,DABAIE2D653,DANSKE BANK A/S
DABAIE2D,DABAIE2D655,DANSKE BANK A/S
DABAIE2D,DABAIE2D661,DANSKE BANK A/S
DABAIE2D,DABAIE2D663,DANSKE BANK A/S
DABAIE2D,DABAIE2D666,DANSKE BANK A/S
DABAIE2D,DABAIE2D667,DANSKE BANK A/S
DABAIE2D,DABAIE2D668,DANSKE BANK A/S
DABAIE2D,DABAIE2D671,DANSKE BANK A/S
DABAIE2D,DABAIE2D674,DANSKE BANK A/S
DABAIE2D,DABAIE2D676,DANSKE BANK A/S
DABAIE2D,DABAIE2D678,DANSKE BANK A/S
DABAIE2D,DABAIE2D680,DANSKE BANK A/S
DABAIE2D,DABAIE2D681,DANSKE BANK A/S
DABAIE2D,DABAIE2D683,DANSKE BANK A/S
DABAIE2D,DABAIE2D686,DANSKE BANK A/S
DABAIE2D,DABAIE2D687,DANSKE BANK A/S
DABAIE2D,DABAIE2D688,DANSKE BANK A/S
DABAIE2D,DABAIE2D690,DANSKE BANK A/S
DABAIE2D,DABAIE2D691,DANSKE BANK A/S
DABAIE2D,DABAIE2D696,DANSKE BANK A/S
DABAIE2D,DABAIE2D697,DANSKE BANK A/S
DABAIE2D,DABAIE2D698,DANSKE BANK A/S
DABAIE2D,DABAIE2D699,DANSKE BANK A/S
DABAIE2D,DABAIE2D711,DANSKE BANK A/S
DABAIE2D,DABAIE2D716,DANSKE BANK A/S
DABAIE2D,DABAIE2D721,DANSKE BANK A/S
DABAIE2D,DABAIE2D723,DANSKE BANK A/S
DABAIE2D,DABAIE2D728,DANSKE BANK A/S
DABAIE2D,DABAIE2D729,DANSKE BANK A/S
DABAIE2D,DABAIE2D731,DANSKE BANK A/S
DABAIE2D,DABAIE2D735,DANSKE BANK A/S
DABAIE2D,DABAIE2D736,DANSKE BANK A/S
DABAIE2D,DABAIE2D737,DANSKE BANK A/S
DABAIE2D,DABAIE2D738,DANSKE BANK A/S
DABAIE2D,DABAIE2D739,DANSKE BANK A/S
DABAIE2D,DABAIE2D740,DANSKE BANK A/S
DABAIE2D,DABAIE2D741,DANSKE BANK A/S
DABAIE2D,DABAIE2D742,DANSKE BANK A/S
DABAIE2D,DABAIE2D743,DANSKE BANK A/S
DABAIE2D,DABAIE2D744,DANSKE BANK A/S
DABAIE2D,DABAIE2D745,DANSKE BANK A/S
DABAIE2D,DABAIE2D746,DANSKE BANK A/S
DABAIE2D,DABAIE2D747,DANSKE BANK A/S
DABAIE2D,DABAIE2D748,DANSKE BANK A/S
DABAIE2D,DABAIE2D749,DANSKE BANK A/S
DABAIE2D,DABAIE2D750,DANSKE BANK A/S
DABAIE2D,DABAIE2D751,DANSKE BANK A/S
DABAIE2D,DABAIE2D752,DANSKE BANK A/S
DABAIE2D,DABAIE2D753,DANSKE BANK A/S
DABAIE2D,DABAIE2D754,DANSKE BANK A/S
DABAIE2D,DABAIE2D755,DANSKE BANK A/S
DABAIE2D,DABAIE2D756,DANSKE BANK A/S
DABAIE2D,DABAIE2D757,DANSKE BANK A/S
DABAIE2D,DABAIE2D758,DANSKE BANK A/S
DABAIE2D,DABAIE2D759,DANSKE BANK A/S
DABAIE2D,DABAIE2D760,DANSKE BANK A/S
DABAIE2D,DABAIE2D761,DANSKE BANK A/S
DABAIE2D,DABAIE2D762,DANSKE BANK A/S
DABAIE2D,DABAIE2D763,DANSKE BANK A/S
DABAIE2D,DABAIE2D764,DANSKE BANK A/S
DABAIE2D,DABAIE2D765,DANSKE BANK A/S
DABAIE2D,DABAIE2D766,DANSKE BANK A/S
DABAIE2D,DABAIE2D767,DANSKE BANK A/S
DABAIE2D,DABAIE2D768,DANSKE BANK A/S
DABAIE2D,DABAIE2D769,DANSKE BANK A/S
DABAIE2D,DABAIE2D770,DANSKE BANK A/S
DABAIE2D,DABAIE2D771,DANSKE BANK A/S
DABAIE2D,DABAIE2D772,DANSKE BANK A/S
DABAIE2D,DABAIE2D773,DANSKE BANK A/S
DABAIE2D,DABAIE2D774,DANSKE BANK A/S
DABAIE2D,DABAIE2D775,DANSKE BANK A/S
DABAIE2D,DABAIE2D777,DANSKE BANK A/S
DABAIE2D,DABAIE2D778,DANSKE BANK A/S
DABAIE2D,DABAIE2D779,DANSKE BANK A/S
DABAIE2D,DABAIE2D780,DANSKE BANK A/S
DABAIE2D,DABAIE2D781,DANSKE BANK A/S
DABAIE2D,DABAIE2D782,DANSKE BANK A/S
DABAIE2D,DABAIE2D783,DANSKE BANK A/S
DABAIE2D,DABAIE2D784,DANSKE BANK A/S
DABAIE2D,DABAIE2D785,DANSKE BANK A/S
DABAIE2D,DABAIE2D786,DANSKE BANK A/S
DABAIE2D,DABAIE2D800,DANSKE BANK A/S
DABAIE2D,DABAIE2D801,DANSKE BANK A/S
DABAIE2D,DABAIE2D802,DANSKE BANK A/S
DABAIE2D,DABAIE2D803,DANSKE BANK A/S
DABAIE2D,DABAIE2D804,DANSKE BANK A/S
DABAIE2D,DABAIE2D805,DANSKE BANK A/S
DABAIE2D,DABAIE2D806,DANSKE BANK A/S
DABAIE2D,DABAIE2D807,DANSKE BANK A/S
DABAIE2D,DABAIE2D808,DANSKE BANK A/S
DABAIE2D,DABAIE2D809,DANSKE BANK A/S
DABAIE2D,DABAIE2D810,DANSKE BANK A/S
DABAIE2D,DABAIE2D811,DANSKE BANK A/S
DABAIE2D,DABAIE2D812,DANSKE BANK A/S
DABAIE2D,DABAIE2D813,DANSKE BANK A/S
DABAIE2D,DABAIE2D814,DANSKE BANK A/S
DABAIE2D,DABAIE2D815,DANSKE BANK A/S
DABAIE2D,DABAIE2D816,DANSKE BANK A/S
DABAIE2D,DABAIE2D817,DANSKE BANK A/S
DABAIE2D,DABAIE2D818,DANSKE BANK A/S
DABAIE2D,DABAIE2D819,DANSKE BANK A/S
DABAIE2D,DABAIE2D821,DANSKE BANK A/S
DABAIE2D,DABAIE2D822,DANSKE BANK A/S
DABAIE2D,DABAIE2D823,DANSKE BANK A/S
DABAIE2D,DABAIE2D824,DANSKE BANK A/S
DABAIE2D,DABAIE2D825,DANSKE BANK A/S
DABAIE2D,DABAIE2D826,DANSKE BANK A/S
DABAIE2D,DABAIE2D827,DANSKE BANK A/S
DABAIE2D,DABAIE2D828,DANSKE BANK A/S
DABAIE2D,DABAIE2D829,DANSKE BANK A/S
DABAIE2D,DABAIE2D830,DANSKE BANK A/S
DABAIE2D,DABAIE2D831,DANSKE BANK A/S
DABAIE2D,DABAIE2D832,DANSKE BANK A/S
DABAIE2D,DABAIE2D833,DANSKE BANK A/S
DABAIE2D,DABAIE2D834,DANSKE BANK A/S
DABAIE2D,DABAIE2D835,DANSKE BANK A/S
DABAIE2D,DABAIE2D836,DANSKE BANK A/S
DABAIE2D,DABAIE2D837,DANSKE BANK A/S
DABAIE2D,DABAIE2D838,DANSKE BANK A/S
DABAIE2D,DABAIE2D839,DANSKE BANK A/S
DABAIE2D,DABAIE2D840,DANSKE BANK A/S
DABAIE2D,DABAIE2D841,DANSKE BANK A/S
DABAIE2D,DABAIE2D842,DANSKE BANK A/S
DABAIE2D,DABAIE2D843,DANSKE BANK A/S
DABAIE2D,DABAIE2D844,DANSKE BANK A/S
DABAIE2D,DABAIE2D845,DANSKE BANK A/S
DABAIE2D,DABAIE2D846,DANSKE BANK A/S
DABAIE2D,DABAIE2D847,DANSKE BANK A/S
DABAIE2D,DABAIE2D848,DANSKE BANK A/S
DABAIE2D,DABAIE2D849,DANSKE BANK A/S
DABAIE2D,DABAIE2D850,DANSKE BANK A/S
DABAIE2D,DABAIE2D851,DANSKE BANK A/S
DABAIE2D,DABAIE2D852,DANSKE BANK A/S
DABAIE2D,DABAIE2D853,DANSKE BANK A/S
DABAIE2D,DABAIE2D854,DANSKE BANK A/S
DABAIE2D,DABAIE2D855,DANSKE BANK A/S
DABAIE2D,DABAIE2D856,DANSKE BANK A/S
DABAIE2D,DABAIE2D857,DANSKE BANK A/S
DABAIE2D,DABAIE2D858,DANSKE BANK A/S
DABAIE2D,DABAIE2D859,DANSKE BANK A/S
DABAIE2D,DABAIE2D860,DANSKE BANK A/S
DABAIE2D,DABAIE2D861,DANSKE BANK A/S
DABAIE2D,DABAIE2D862,DANSKE BANK A/S
DABAIE2D,DABAIE2D863,DANSKE BANK A/S
DABAIE2D,DABAIE2D864,DANSKE BANK A/S
DABAIE2D,DABAIE2D865,DANSKE BANK A/S
DABAIE2D,DABAIE2D866,DANSKE BANK A/S
DABAIE2D,DABAIE2D867,DANSKE BANK A/S
DABAIE2D,DABAIE2D868,DANSKE BANK A/S
DABAIE2D,DABAIE2D869,DANSKE BANK A/S
DABAIE2D,DABAIE2D870,DANSKE BANK A/S
DABAIE2D,DABAIE2D871,DANSKE BANK A/S
DABAIE2D,DABAIE2D872,DANSKE BANK A/S
DABAIE2D,DABAIE2D873,DANSKE BANK A/S
DABAIE2D,DABAIE2D874,DANSKE BANK A/S
DABAIE2D,DABAIE2D875,DANSKE BANK A/S
DABAIE2D,DABAIE2D876,DANSKE BANK A/S
DABAIE2D,DABAIE2D877,DANSKE BANK A/S
DABAIE2D,DABAIE2D878,DANSKE BANK A/S
DABAIE2D,DABAIE2D879,DANSKE BANK A/S
DABAIE2D,DABAIE2D880,DANSKE BANK A/S
DABAIE2D,DABAIE2D881,DANSKE BANK A/S
DABAIE2D,DABAIE2D882,DANSKE BANK A/S
DABAIE2D,DABAIE2D883,DANSKE BANK A/S
DABAIE2D,DABAIE2D884,DANSKE BANK A/S
DABAIE2D,DABAIE2D885,DANSKE BANK A/S
DABAIE2D,DABAIE2D886,DANSKE BANK A/S
DABAIE2D,DABAIE2D887,DANSKE BANK A/S
DABAIE2D,DABAIE2D888,DANSKE BANK A/S
DABAIE2D,DABAIE2D889,DANSKE BANK A/S
DABAIE2D,DABAIE2D890,DANSKE BANK A/S
DABAIE2D,DABAIE2D891,DANSKE BANK A/S
DABAIE2D,DABAIE2D892,DANSKE BANK A/S
DABAIE2D,DABAIE2D893,DANSKE BANK A/S
DABAIE2D,DABAIE2D894,DANSKE BANK A/S
DABAIE2D,DABAIE2D895,DANSKE BANK A/S
DABAIE2D,DABAIE2D896,DANSKE BANK A/S
DABAIE2D,DABAIE2D897,DANSKE BANK A/S
DABAIE2D,DABAIE2D898,DANSKE BANK A/S
DABAIE2D,DABAIE2D899,DANSKE BANK A/S
DABAIE2D,DABAIE2D900,DANSKE BANK A/S
DABAIE2D,DABAIE2D901,DANSKE BANK A/S
DABAIE2D,DABAIE2D902,DANSKE BANK A/S
DABAIE2D,DABAIE2D903,DANSKE BANK A/S
DABAIE2D,DABAIE2D904,DANSKE BANK A/S
DABAIE2D,DABAIE2D905,DANSKE BANK A/S
DABAIE2D,DABAIE2D906,DANSKE BANK A/S
DABAIE2D,DABAIE2D907,DANSKE BANK A/S
DABAIE2D,DABAIE2D908,DANSKE BANK A/S
DABAIE2D,DABAIE2D909,DANSKE BANK A/S
DABAIE2D,DABAIE2D910,DANSKE BANK A/S
DABAIE2D,DABAIE2D911,DANSKE BANK A/S
DABAIE2D,DABAIE2D912,DANSKE BANK A/S
DABAIE2D,DABAIE2D913,DANSKE BANK A/S
DABAIE2D,DABAIE2D914,DANSKE BANK A/S
DABAIE2D,DABAIE2D915,DANSKE BANK A/S
DABAIE2D,DABAIE2D916,DANSKE BANK A/S
DABAIE2D,DABAIE2D917,DANSKE BANK A/S
DABAIE2D,DABAIE2D918,DANSKE BANK A/S
DABAIE2D,DABAIE2D919,DANSKE BANK A/S
DABAIE2D,DABAIE2D920,DANSKE BANK A/S
DABAIE2D,DABAIE2D921,DANSKE BANK A/S
DABAIE2D,DABAIE2D922,DANSKE BANK A/S
DABAIE2D,DABAIE2D923,DANSKE BANK A/S
DABAIE2D,DABAIE2D924,DANSKE BANK A/S
DABAIE2D,DABAIE2D925,DANSKE BANK A/S
DABAIE2D,DABAIE2D926,DANSKE BANK A/S
DABAIE2D,DABAIE2D927,DANSKE BANK A/S
DABAIE2D,DABAIE2D928,DANSKE BANK A/S
DABAIE2D,DABAIE2D929,DANSKE BANK A/S
DABAIE2D,DABAIE2D930,DANSKE BANK A/S
DABAIE2D,DABAIE2D931,DANSKE BANK A/S
DABAIE2D,DABAIE2D932,DANSKE BANK A/S
DABAIE2D,DABAIE2D933,DANSKE BANK A/S
DABAIE2D,DABAIE2D934,DANSKE BANK A/S
DABAIE2D,DABAIE2D935,DANSKE BANK A/S
DABAIE2D,DABAIE2D936,DANSKE BANK A/S
DABAIE2D,DABAIE2D937,DANSKE BANK A/S
DABAIE2D,DABAIE2D938,DANSKE BANK A/S
DABAIE2D,DABAIE2D939,DANSKE BANK A/S
DABAIE2D,DABAIE2D940,DANSKE BANK A/S
DABAIE2D,DABAIE2D941,DANSKE BANK A/S
DABAIE2D,DABAIE2D942,DANSKE BANK A/S
DABAIE2D,DABAIE2D943,DANSKE BANK A/S
DABAIE2D,DABAIE2D944,DANSKE BANK A/S
DABAIE2D,DABAIE2D945,DANSKE BANK A/S
DABAIE2D,DABAIE2D946,DANSKE BANK A/S
DABAIE2D,DABAIE2D947,DANSKE BANK A/S
DABAIE2D,DABAIE2D948,DANSKE BANK A/S
DABAIE2D,DABAIE2D949,DANSKE BANK A/S
DABAIE2D,DABAIE2D950,DANSKE BANK A/S
DABAIE2D,DABAIE2D951,DANSKE BANK A/S
DABAIE2D,DABAIE2D952,DANSKE BANK A/S
DABAIE2D,DABAIE2D953,DANSKE BANK A/S
DABAIE2D,DABAIE2D954,DANSKE BANK A/S
DABAIE2D,DABAIE2D955,DANSKE BANK A/S
DABAIE2D,DABAIE2D956,DANSKE BANK A/S
DABAIE2D,DABAIE2D957,DANSKE BANK A/S
DABAIE2D,DABAIE2D958,DANSKE BANK A/S
DABAIE2D,DABAIE2D959,DANSKE BANK A/S
DABAIE2D,DABAIE2D960,DANSKE BANK A/S
DABAIE2D,DABAIE2D961,DANSKE BANK A/S
DABAIE2D,DABAIE2D962,DANSKE BANK A/S
DABAIE2D,DABAIE2D963,DANSKE BANK A/S
DABAIE2D,DABAIE2D964,DANSKE BANK A/S
DABAIE2D,DABAIE2D965,DANSKE BANK A/S
DABAIE2D,DABAIE2D966,DANSKE BANK A/S
DABAIE2D,DABAIE2D967,DANSKE BANK A/S
DABAIE2D,DABAIE2D968,DANSKE BANK A/S
DABAIE2D,DABAIE2D969,DANSKE BANK A/S
DABAIE2D,DABAIE2D970,DANSKE BANK A/S
DABAIE2D,DABAIE2D971,DANSKE BANK A/S
DABAIE2D,DABAIE2D972,DANSKE BANK A/S
DABAIE2D,DABAIE2D973,DANSKE BANK A/S
DABAIE2D,DABAIE2D974,DANSKE BANK A/S
DABAIE2D,DABAIE2D975,DANSKE BANK A/S
DABAIE2D,DABAIE2D976,DANSKE BANK A/S
DABAIE2D,DABAIE2D977,DANSKE BANK A/S
DABAIE2D,DABAIE2D978,DANSKE BANK A/S
DABAIE2D,DABAIE2D979,DANSKE BANK A/S
DABAIE2D,DABAIE2D980,DANSKE BANK A/S
DABAIE2D,DABAIE2D981,DANSKE BANK A/S
DABAIE2D,DABAIE2D983,DANSKE BANK A/S
DABAIE2D,DABAIE2D984,DANSKE BANK A/S
DABAIE2D,DABAIE2D987,DANSKE BANK A/S
DABAIE2D,DABAIE2D988,DANSKE BANK A/S
DABAIE2D,DABAIE2D990,DANSKE BANK A/S
DABAIE2D,DABAIE2D991,DANSKE BANK A/S
DABAIE2D,DABAIE2D992,DANSKE BANK A/S
DABAIE2D,DABAIE2D993,DANSKE BANK A/S
DABAIE2D,DABAIE2D994,DANSKE BANK A/S
DABAIE2D,DABAIE2D995,DANSKE BANK A/S
DABAIE2D,DABAIE2D999,DANSKE BANK A/S
DABAIE2D,DABAIE2DXXX,DANSKE BANK A/S
DACIIE21,DACIIE21XXX,CORE CREDIT UNION LIMITED
DACNIE21,DACNIE21XXX,ST. DECLAN'S ASHBOURNE CREDIT UNION LIMITED
DAVEIE21,DAVEIE21BOS,J AND E DAVY
DAVEIE21,DAVEIE21XXX,J AND E DAVY
DAVYIE21,DAVYIE21BKO,J AND E DAVY UNLIMITED COMPANY
DAVYIE21,DAVYIE21XXX,J AND E DAVY UNLIMITED COMPANY
DAVYIE22,DAVYIE22DCM,J AND E DAVY UNLIMITED COMPANY
DAVYIE22,DAVYIE22DWM,J AND E DAVY UNLIMITED COMPANY
DAVYIE22,DAVYIE22XXX,J AND E DAVY UNLIMITED COMPANY
DAVYIE2B,DAVYIE2BXXX,J AND E DAVY UNLIMITED COMPANY
DBILIE2D,DBILIE2DXXX,DELL BANK INTERNATIONAL D.A.C.
DCCFIE21,DCCFIE21XXX,DCC CORPORATE FINANCE LIMITED
DCEUIE21,DCEUIE21XXX,DUNMANWAY CREDIT UNION LIMITED
DCRNIE21,DCRNIE21XXX,BALTINGLASS CREDIT UNION LIMITED
DCRUIE21,DCRUIE21XXX,DOUGLAS CREDIT UNION LIMITED
DDCIIE21,DDCIIE21XXX,DUNBOYNE AND DISTRICT CREDIT UNION LIMITED
DDCNIE21,DDCNIE21XXX,DRUMCONDRA AND DISTRICT CREDIT UNION LIMITED
DDCUIE21,DDCUIE21XXX,PROGRESSIVE CREDIT UNION LIMITED
DDRUIE21,DDRUIE21XXX,MEMBER FIRST CREDIT UNION LIMITED
DEEUIE21,DEEUIE21XXX,DERG CREDIT UNION LIMITED
DEIEIE21,DEIEIE21XXX,DELTA INDEX LIMITED
DERNIE21,DERNIE21XXX,DESMOND CREDIT UNION LIMITED
DEUTIE21,DEUTIE21AFS,DEUTSCHE INTERNATIONAL CORPORATE SERVICES (IRELAND) LIMITED
DEUTIE21,DEUTIE21XXX,DEUTSCHE INTERNATIONAL CORPORATE SERVICES (IRELAND) LIMITED
DOLMIE21,DOLMIE21PRI,CANTOR FITZGERALD IRELAND LIMITED
DOLMIE21,DOLMIE21XXX,CANTOR FITZGERALD IRELAND LIMITED
DOROIE21,DOROIE21XXX,ST. DOMINIC CREDIT UNION LIMITED
DORUIE21,DORUIE21XXX,DONORE CREDIT UNION LIMITED
DPRUIE21,DPRUIE21XXX,DUNLEER PARISH CREDIT UNION LTD
DRCIIE21,DRCIIE21XXX,DRUMSHANBO CREDIT UNION LIMITED
DRCUIE21,DRCUIE21XXX,DROGHEDA CREDIT UNION LIMITED
DTCUIE21,DTCUIE21XXX,DONEGAL (TOWN) CREDIT UNION LIMITED
DUCIIE21,DUCIIE21XXX,DUNDALK CREDIT UNION LIMITED
DUCNIE21,DUCNIE21XXX,DULEEK CREDIT UNION LIMITED
DUCUIE21,DUCUIE21XXX,DUBCO CREDIT UNION LIMITED
DURIIE21,DURIIE21XXX,ST. CANICE'S KILKENNY CREDIT UNION LIMITED
DURNIE21,DURNIE21XXX,DUNGARVAN CREDIT UNION LTD
DUROIE21,DUROIE21XXX,ST. CANICE'S KILKENNY CREDIT UNION LIMITED
DURUIE21,DURUIE21XXX,CAPITAL CREDIT UNION LIMITED
EBPBIE22,EBPBIE22XXX,EBURY PARTNERS BELGIUM NV
EBSIIE2D,EBSIIE2DEMF,EBS D.A.C.
EBSIIE2D,EBSIIE2DSDD,EBS D.A.C.
EBSIIE2D,EBSIIE2DXXX,EBS D.A.C.
ECCUIE21,ECCUIE21XXX,E-SERVICES AND COMMUNICATIONS CREDIT UNION
EDCIIE21,EDCIIE21XXX,EMYVALE DISTRICT CREDIT UNION LIMITED
EDCNIE21,EDCNIE21XXX,LEIXLIP AND DISTRICT CREDIT UNION LIMITED
EDRUIE21,EDRUIE21XXX,ENNISTYMON AND DISTRICT CREDIT UNION LIMITED
EMCNIE21,EMCNIE21XXX,AN POST EMPLOYEES' CREDIT UNION LIMITED
EMCUIE21,EMCUIE21XXX,DROGHEDA CREDIT UNION LIMITED
ENCNIE21,ENCNIE21XXX,ENNISCORTHY CREDIT UNION LIMITED
ENCUIE21,ENCUIE21XXX,ENFIELD CREDIT UNION LIMITED
EPAYIE2K,EPAYIE2KXXX,INTERPAY LTD
EPFDIE21,EPFDIE21XXX,ENNIS PROPERTY FINANCE DESIGNATED ACTIVITY COMPANY
ERCUIE21,ERCUIE21XXX,ERRIS CREDIT UNION LIMITED
ESCUIE21,ESCUIE21XXX,COIS SIONNA CREDIT UNION LIMITED
EUDBIE2D,EUDBIE2DXXX,EUROPEAN DEPOSITARY BANK SA DUBLIN BRANCH
EWCUIE21,EWCUIE21XXX,EAST WALL CREDIT UNION LIMITED
FACUIE21,FACUIE21XXX,PUBLIC SERVICE CREDIT UNION LIMITED
FAEUIE21,FAEUIE21XXX,FARRANREE CREDIT UNION LTD
FAMDIE21,FAMDIE21XXX,FIDEURAM ASSET MANAGEMENT (IRELAND) DESIGNATED ACTIVITY COMPANY
FAMDIE22,FAMDIE22XXX,FIDEURAM ASSET MANAGEMENT (IRELAND) DESIGNATED ACTIVITY COMPANY
FARIIE21,FARIIE21XXX,FAIRVIEW CREDIT UNION LIMITED
FCCUIE21,FCCUIE21XXX,TOWER CREDIT UNION LIMITED
FCDEIE22,FCDEIE22XXX,FOREIGN CURRENCY DIRECT EUROPE LTD
FCEFIE21,FCEFIE21XXX,FCE BANK PLC
FCIRIE21,FCIRIE21XXX,FCA BANK SPA. - IRISH BRANCH
FDCNIE21,FDCNIE21XXX,CORE CREDIT UNION LIMITED
FDCUIE21,FDCUIE21XXX,ST. BRIGID'S CREDIT UNION LIMITED
FDRUIE21,FDRUIE21XXX,CLONMEL CREDIT UNION LIMITED
FECNIE21,FECNIE21XXX,SYNERGY CREDIT UNION LIMITED
FECPIE21,FECPIE21XXX,FEXCO CORPORATE PAYMENTS UNLIMITED COMPANY
FECUIE21,FECUIE21XXX,ST. FRANCIS' CREDIT UNION LIMITED
FEXCIE2D,FEXCIE2DXXX,FEXCO LIMITED
FEXMIE2D,FEXMIE2DXXX,FEXCO MERCHANT SERVICES LIMITED
FIRUIE21,FIRUIE21XXX,FINGLAS CREDIT UNION LIMITED
FITUIE21,FITUIE21XXX,FIRHOUSE CREDIT UNION LIMITED
FMFXIE22,FMFXIE22XXX,FREEMARKETFX IRELAND LIMITED
FOCNIE21,FOCNIE21XXX,FOYLE CREDIT UNION LTD
FRCUIE21,FRCUIE21XXX,ST. FRANCIS' CREDIT UNION LIMITED
FSCNIE21,FSCNIE21XXX,PUBLIC SERVICE CREDIT UNION LIMITED
FSCUIE21,FSCUIE21XXX,FIRST SOUTH CREDIT UNION LIMITED
FSPDIE21,FSPDIE21XXX,CAPITAL CREDIT UNION LIMITED- FRANCIS STREET
FTIFIE2D,FTIFIE2DXXX,FTI FINANCE LTD T/A FTI TREASURY
FWSMIE21,FWSMIE21XXX,FMS WERTMANAGEMENT SERVICE GMBH
GACUIE21,GACUIE21XXX,HEALTH SERVICES STAFFS CREDIT UNION LIMITED
GDBSIE21,GDBSIE21003,GOODBODY STOCKBROKERS
GDBSIE21,GDBSIE21004,GOODBODY STOCKBROKERS
GDBSIE21,GDBSIE21XXX,GOODBODY STOCKBROKERS
GDCIIE21,GDCIIE21XXX,GREYSTONES AND DISTRICT CREDIT UNION LIMITED
GDCNIE21,GDCNIE21XXX,GLANMIRE AND DISTRICT CREDIT UNION LIMITED
GDCUIE21,GDCUIE21XXX,GREENHILLS AND DISTRICT CREDIT UNION LIMITED
GEPNIE21,GEPNIE21XXX,UTMOST PANEUROPE DESIGNATED ACTIVITY COMPANY
GLABIE21,GLABIE21XXX,GLANBIA PUBLIC LIMITED COMPANY
GLCUIE21,GLCUIE21XXX,GLENAMADDY CREDIT UNION LIMITED
GLDRIE21,GLDRIE21XXX,CORE CREDIT UNION LIMITED
GLOPIE21,GLOPIE21XXX,GLOBEOP FINANCIAL SERVICES (IRELAND) LIMITED
GOCIIE21,GOCIIE21XXX,ALTURA CREDIT UNION LIMITED
GOCNIE21,GOCNIE21XXX,GORESBRIDGE CREDIT UNION LIMITED
GOIVIE21,GOIVIE21XXX,GOSMORE INVESTMENTS
GOLDIE2A,GOLDIE2AXXX,"GOLDMAN SACHS BANK EUROPE SE, (GSBE) - DUBLIN BRANCH"
GOOGIE21,GOOGIE21XXX,GOOGLE IRELAND HOLDINGS UNLIMITED COMPANY
GOOGIE31,GOOGIE31XXX,GOOGLE IRELAND LIMITED
GORUIE21,GORUIE21XXX,GORT CREDIT UNION LIMITED
GRCUIE21,GRCUIE21XXX,ST. CANICE'S KILKENNY CREDIT UNION LIMITED
GRRUIE21,GRRUIE21XXX,GRANARD CREDIT UNION LTD
GUCUIE21,GUCUIE21XXX,GURRANABRAHER CREDIT UNION LTD
HBUKIE2A,HBUKIE2AXXX,HSBC CONTINENTAL EUROPE
HCDCIE21,HCDCIE21XXX,HERITAGE CREDIT UNION LIMITED
HELAIE21,HELAIE21XXX,HELABA ASSET SERVICES UNLIMITED COMPANY
HELAIE31,HELAIE31XXX,HELABA ASSET SERVICES UNLIMITED COMPANY
HEPIIE21,HEPIIE21XXX,HEWLETT-PACKARD INTERNATIONAL BANK DESIGNATED ACTIVITY COMPANY
HFCUIE21,HFCUIE21XXX,HOLY FAMILY CREDIT UNION LIMITED
HINAIE21,HINAIE21XXX,AVIVA INVESTORS IRELAND LIMITED
HNADIE2D,HNADIE2DBNP,BNP PARIBAS SA
HNADIE2D,HNADIE2DDFS,BNP PARIBAS SA
HNADIE2D,HNADIE2DXXX,BNP PARIBAS SA
HOCUIE21,HOCUIE21XXX,PROGRESSIVE CREDIT UNION LIMITED
HRTUIE21,HRTUIE21XXX,HRTEU LIMITED
HSBCIE2D,HSBCIE2DSDD,HSBC CONTINENTAL EUROPE
HSBCIE2D,HSBCIE2DXXX,HSBC CONTINENTAL EUROPE
HSCNIE21,HSCNIE21XXX,HALSTON STREET CREDIT UNION LTD
HSSDIE21,HSSDIE21XXX,HSBC SECURITIES SERVICES (IRELAND) DESIGNATED ACTIVITY COMPANY
HSSRIE21,HSSRIE21XXX,HEALTH SERVICES STAFFS CREDIT UNION LIMITED
HTCUIE21,HTCUIE21XXX,BALTINGLASS CREDIT UNION LIMITED
IBIDIE21,IBIDIE21XXX,INVESTMENT BANK OF IRELAND LTD
IBKRIE2D,IBKRIE2DRET,INTERACTIVE BROKERS IRELAND LIMITED
IBKRIE2D,IBKRIE2DXXX,INTERACTIVE BROKERS IRELAND LIMITED
ICRUIE21,ICRUIE21XXX,INNISKEEN CREDIT UNION LIMITED
ICSBIE21,ICSBIE21XXX,BANK OF IRELAND MORTGAGE BANK
IDCNIE21,IDCNIE21XXX,IRISH DENTAL CREDIT UNION LIMITED
IFMIIE21,IFMIIE21XXX,NORTHERN TRUST INTERNATIONAL FUND ADMINISTRATION SERVICES (IRELAND) LIMITED
IIFIIE2D,IIFIIE2DXXX,INGKA INVESTMENTS FINANCIAL ASSETS IRELAND LIMITED
INGBIE2D,INGBIE2DICM,ING BANK NV
INGBIE2D,INGBIE2DXXX,ING BANK NV
INGBIE3D,INGBIE3DXXX,ING EUROPEAN FINANCIAL SERVICES PLC
INIRIE21,INIRIE21XXX,INTERNATIONAL INVESTMENT AND UNDERWRITING LIMITED
IOLIIE21,IOLIIE21XXX,INORA LIFE DESIGNATED ACTIVITY COMPANY
IPBSIE2D,IPBSIE2DTPS,PERMANENT TSB PLC. (FORMERLY IRISH LIFE AND PERMANENT PLC)
IPBSIE2D,IPBSIE2DXXX,PERMANENT TSB PLC. (FORMERLY IRISH LIFE AND PERMANENT PLC)
IRCEIE21,IRCEIE21HAM,CENTRAL BANK OF IRELAND
IRCEIE21,IRCEIE21PMM,CENTRAL BANK OF IRELAND
IRCEIE2D,IRCEIE2DAPS,CENTRAL BANK OF IRELAND
IRCEIE2D,IRCEIE2DCCB,CENTRAL BANK OF IRELAND
IRCEIE2D,IRCEIE2DCON,CENTRAL BANK OF IRELAND
IRCEIE2D,IRCEIE2DCRS,CENTRAL BANK OF IRELAND
IRCEIE2D,IRCEIE2DCUR,CENTRAL BANK OF IRELAND
IRCEIE2D,IRCEIE2DECM,CENTRAL BANK OF IRELAND
IRCEIE2D,IRCEIE2DEPA,CENTRAL BANK OF IRELAND
IRCEIE2D,IRCEIE2DFOR,CENTRAL BANK OF IRELAND
IRCEIE2D,IRCEIE2DGOV,CENTRAL BANK OF IRELAND
IRCEIE2D,IRCEIE2DIPC,CENTRAL BANK OF IRELAND
IRCEIE2D,IRCEIE2DIRC,CENTRAL BANK OF IRELAND
IRCEIE2D,IRCEIE2DTOM,CENTRAL BANK OF IRELAND
IRCEIE2D,IRCEIE2DXXX,CENTRAL BANK OF IRELAND
IRLIIE2D,IRLIIE2DXXX,IRISH LIFE INVESTMENT MANAGERS LIMITED
ISAEIE2D,ISAEIE2DXXX,"CACEIS BANK, IRELAND BRANCH"
ITOCIE21,ITOCIE21XXX,IRISH TAXI OWNERS' CO-OP CREDIT UNION LIMITED
IVESIE2D,IVESIE2DXXX,INVESTEC EUROPE LIMITED
IVINIE22,IVINIE22XXX,INVESTLINX INVESTMENT MANAGEMENT LIMITED
JACIIE21,JACIIE21XXX,ST. JARLATH'S CREDIT UNION LIMITED
JACNIE21,JACNIE21XXX,ST JOSEPH'S IRISH AIRPORTS AND AVIATION CREDIT UNION LIMITED
JACUIE21,JACUIE21XXX,HEALTH SERVICES STAFFS CREDIT UNION LIMITED
JLCUIE21,JLCUIE21XXX,JIM LARKIN CREDIT UNION LIMITED
JMCUIE21,JMCUIE21XXX,ST. JOSEPH'S MAYFIELD CREDIT UNION LIMITED
JOCUIE21,JOCUIE21XXX,LIMERICK AND DISTRICT CREDIT UNION LIMITED
JPLIIE21,JPLIIE21XXX,ST. JAMES'S PLACE INTERNATIONAL PLC
JPMBIE2D,JPMBIE2DXXX,J.P. MORGAN DUBLIN PUBLIC LIMITED COMPANY
KAMUIE21,KAMUIE21XXX,KEPLER LIQUID STRATEGIES ICAV - KLS ARETE MACRO FUND
KBCAIE31,KBCAIE31XXX,KBC FUND MANAGEMENT LTD
KBDUIE2D,KBDUIE2DXXX,KBC BANK NV
KCCUIE21,KCCUIE21XXX,ATHENRY CREDIT UNION LIMITED
KCRUIE21,KCRUIE21XXX,KANTURK CREDIT UNION LIMITED
KCUNIE21,KCUNIE21XXX,CARA CREDIT UNION LIMITED
KDCIIE21,KDCIIE21XXX,FIRST SOUTH CREDIT UNION LIMITED
KDCOIE21,KDCOIE21XXX,ATHENRY CREDIT UNION LIMITED
KDCUIE21,KDCUIE21XXX,KILTIMAGH DISTRICT CREDIT UNION LIMITED
KICIIE21,KICIIE21XXX,KILNAMANAGH CREDIT UNION LIMITED
KICNIE21,KICNIE21XXX,CONNECT CREDIT UNION LIMITED
KIEIIE21,KIEIIE21XXX,LINK CREDIT UNION LIMITED
KIENIE21,KIENIE21XXX,KILRUSH CREDIT UNION LIMITED
KIEUIE21,KIEUIE21XXX,KILMALLOCK CREDIT UNION LIMITED
KIRIIE21,KIRIIE21XXX,KILDARE CREDIT UNION LIMITED
KIRNIE21,KIRNIE21XXX,KILDARE CREDIT UNION LIMITED
KIROIE21,KIROIE21XXX,KILLARNEY CREDIT UNION LIMITED
KIRUIE21,KIRUIE21XXX,KILCORMAC CREDIT UNION LIMITED
KNCUIE21,KNCUIE21XXX,CAPITAL CREDIT UNION LIMITED - KNOCKLYON
KORAIE21,KORAIE21XXX,KORATRADE MTMC LTD
KPCUIE21,KPCUIE21XXX,ST. KEVIN'S PARISH CREDIT UNION LIMITED
KPDCIE21,KPDCIE21XXX,KILCLOON PARISH AND DISTRICT CREDIT UNION LIMITED
KPFDIE21,KPFDIE21XXX,KENMARE PROPERTY FINANCE DESIGNATED ACTIVITY COMPANY
KRSIIE21,KRSIIE21XXX,KBC FINANCE IRELAND UNLTD
LACLIE21,LACLIE21XXX,DMS MARKET ACCESS LIMITED
LADCIE21,LADCIE21XXX,LIFFEY ACQUISITIONS DESIGNATED ACTIVITY COMPANY
LAIRIE21,LAIRIE21XXX,VERA FINANCIAL DESIGNATED ACTIVITY COMPANY
LBCUIE21,LBCUIE21XXX,LANESBORO' BALLYLEAGUE CREDIT UNION
LCCUIE21,LCCUIE21XXX,LISMORE AND CAPPOQUIN CREDIT UNION LIMITED
LCRUIE21,LCRUIE21XXX,DUNDALK CREDIT UNION LIMITED
LDCIIE21,LDCIIE21XXX,LUCAN DISTRICT CREDIT UNION LIMITED
LDCNIE21,LDCNIE21XXX,LEIXLIP AND DISTRICT CREDIT UNION LIMITED
LDCOIE21,LDCOIE21XXX,LISDUGGAN DISTRICT CREDIT UNION LIMITED
LDCUIE21,LDCUIE21XXX,LARKHILL AND DISTRICT CREDIT UNION LIMITED
LECIIE21,LECIIE21XXX,LEIGHLIN CREDIT UNION LIMITED
LECOIE21,LECOIE21XXX,LETTERKENNY CREDIT UNION LTD
LEEOIE2D,LEEOIE2DXXX,LEE OVERLAY PARTNERS LTD
LICIIE21,LICIIE21XXX,LISTOWEL CREDIT UNION LIMITED
LICUIE21,LICUIE21XXX,LIFFORD CREDIT UNION LIMITED
LIQIIE21,LIQIIE21XXX,LIQUIDNET EU LIMITED
LLCUIE21,LLCUIE21XXX,HEALTH SERVICES STAFFS CREDIT UNION LIMITED
LOCIIE21,LOCIIE21XXX,THE LOUGH CREDIT UNION LIMITED
LORNIE21,LORNIE21XXX,LONGFORD CREDIT UNION LIMITED
LORUIE21,LORUIE21XXX,ARDEE CREDIT UNION LIMITED
LTCUIE21,LTCUIE21XXX,DROGHEDA CREDIT UNION LIMITED
LUMOIE22,LUMOIE22XXX,LUMON FX EUROPE LIMITED
MACQIE2D,MACQIE2DREC,MACQUARIE BANK EUROPE DESIGNATED ACTIVITY COMPANY
MACQIE2D,MACQIE2DXXX,MACQUARIE BANK EUROPE DESIGNATED ACTIVITY COMPANY
MADNIE21,MADNIE21XXX,MARINO CREDIT UNION LIMITED
MADOIE21,MADOIE21XXX,MACROOM CREDIT UNION LIMITED
MAIUIE21,MAIUIE21XXX,HSBC SECURITIES SERVICES (IRELAND) DESIGNATED ACTIVITY COMPANY
MATNIE21,MATNIE21XXX,MALLOW CREDIT UNION LIMITED
MATUIE21,MATUIE21XXX,VIRTU FINANCIAL EUROPE LIMITED
MCCRIE21,MCCRIE21XXX,MUINTIR CLANNA CAOILTE CREDIT UNION LTD
MCIDIE21,MCIDIE21XXX,MACQUARIE CAPITAL (IRELAND) DESIGNATED ACTIVITY COMPANY
MDACIE22,MDACIE22XXX,MONZO BANK EUROPE DESIGNATED ACTIVITY COMPANY
MDCIIE21,MDCIIE21XXX,MALAHIDE AND DISTRICT CREDIT UNION LIMITED
MDCNIE21,MDCNIE21XXX,MAYORSTONE DISTRICT CREDIT UNION LTD
MDCOIE21,MDCOIE21XXX,MANORHAMILTON AND DISTRICT CREDIT UNION LIMITED
MDRUIE21,MDRUIE21XXX,ST. CANICE'S KILKENNY CREDIT UNION LIMITED
MEENIE21,MEENIE21XXX,ATHENRY CREDIT UNION LIMITED
MEGFIE21,MEGFIE21XXX,MELLON GLOBAL FUND PK
MESBIE21,MESBIE21CTM,MERRION STOCKBROKERS LIMITED
MESBIE21,MESBIE21PCS,MERRION STOCKBROKERS LIMITED
MESBIE21,MESBIE21XXX,MERRION STOCKBROKERS LIMITED
METTIE21,METTIE21XXX,MERRION STOCKBROKERS
METUIE21,METUIE21XXX,DROGHEDA CREDIT UNION LIMITED
MGFAIE21,MGFAIE21XXX,INTERNATIONAL FINANCIAL DATA SERVICES (IRELAND) LIMITED
MICIIE21,MICIIE21XXX,ST. MICHAEL'S CREDIT UNION LIMITED
MIEUIE21,MIEUIE21XXX,MITCHELSTOWN CREDIT UNION LIMITED
MIRNIE21,MIRNIE21XXX,MIDLETON CREDIT UNION LIMITED
MIRUIE21,MIRUIE21XXX,MILLTOWN/CLONSKEA CREDIT UNION LIMITED
MKCUIE21,MKCUIE21XXX,RATHMORE AND DISTRICT CREDIT UNION LIMITED
MLMBIE2D,MLMBIE2DMCS,BANK OF AMERICA EUROPE DESIGNATED ACTIVITY COMPANY
MLMBIE2D,MLMBIE2DXXX,BANK OF AMERICA EUROPE DESIGNATED ACTIVITY COMPANY
MLMBIE2X,MLMBIE2XFFO,BANK OF AMERICA EUROPE DESIGNATED ACTIVITY COMPANY
MLMBIE2X,MLMBIE2XFUT,BANK OF AMERICA EUROPE DESIGNATED ACTIVITY COMPANY
MLMBIE2X,MLMBIE2XIST,BANK OF AMERICA EUROPE DESIGNATED ACTIVITY COMPANY
MLMBIE2X,MLMBIE2XITL,BANK OF AMERICA EUROPE DESIGNATED ACTIVITY COMPANY
MLMBIE2X,MLMBIE2XLON,BANK OF AMERICA EUROPE DESIGNATED ACTIVITY COMPANY
MLMBIE2X,MLMBIE2XMET,BANK OF AMERICA EUROPE DESIGNATED ACTIVITY COMPANY
MLMBIE2X,MLMBIE2XMSO,BANK OF AMERICA EUROPE DESIGNATED ACTIVITY COMPANY
MLMBIE2X,MLMBIE2XMTB,BANK OF AMERICA EUROPE DESIGNATED ACTIVITY COMPANY
MLMBIE2X,MLMBIE2XTSY,BANK OF AMERICA EUROPE DESIGNATED ACTIVITY COMPANY
MLMBIE2X,MLMBIE2XXXX,BANK OF AMERICA EUROPE DESIGNATED ACTIVITY COMPANY
MMCNIE21,MMCNIE21XXX,LINK CREDIT UNION LIMITED
MMCUIE21,MMCUIE21XXX,LARKHILL AND DISTRICT CREDIT UNION LIMITED
MNCUIE21,MNCUIE21XXX,CREDIT UNION PLUS LTD
MNIRIE21,MNIRIE21XXX,GS MANAGEMENT (IRELAND) LIMITED
MOCUIE21,MOCUIE21XXX,ST. JARLATH'S CREDIT UNION LTD
MODIIE21,MODIIE21XXX,MONAGHAN CREDIT UNION LTD
MODRIE22,MODRIE22XXX,"MODULR FINANCE, IRELAND BRANCH"
MODRIE23,MODRIE23XXX,"MODULR FINANCE, IRELAND BRANCH"
MOEIIE21,MOEIIE21XXX,MONASTEREVAN CREDIT UNION LIMITED
MOEOIE21,MOEOIE21XXX,MOUNTMELLICK CREDIT UNION LIMITED
MOEUIE21,MOEUIE21XXX,MOHILL CREDIT UNION LIMITED
MONZIE22,MONZIE22XXX,MONZO BANK EUROPE DESIGNATED ACTIVITY COMPANY
MORNIE21,MORNIE21XXX,MONASTERBOICE CREDIT UNION LIMITED
MORRIE21,MORRIE21XXX,W AND R MORROGH
MOTNIE2D,MOTNIE2DXXX,MONEYCORP TECHNOLOGIES LIMITED
MPCIIE21,MPCIIE21XXX,M.P.C.C. CREDIT UNION LIMITED
MPCUIE21,MPCUIE21XXX,UNITY CREDIT UNION LIMITED
MPOSIE22,MPOSIE22XXX,MYPOS LIMITED
MPOSIE2D,MPOSIE2DXXX,MYPOS LIMITED
MSAMIE2A,MSAMIE2AAMS,MSIM FUND MANAGEMENT (IRELAND) LIMITED
MSAMIE2A,MSAMIE2ACOP,MSIM FUND MANAGEMENT (IRELAND) LIMITED
MSAMIE2A,MSAMIE2AFFT,MSIM FUND MANAGEMENT (IRELAND) LIMITED
MSAMIE2A,MSAMIE2ALUX,MSIM FUND MANAGEMENT (IRELAND) LIMITED
MSAMIE2A,MSAMIE2AMAD,MSIM FUND MANAGEMENT (IRELAND) LIMITED
MSAMIE2A,MSAMIE2AMIL,MSIM FUND MANAGEMENT (IRELAND) LIMITED
MSAMIE2A,MSAMIE2APAR,MSIM FUND MANAGEMENT (IRELAND) LIMITED
MSAMIE2A,MSAMIE2AXXX,MSIM FUND MANAGEMENT (IRELAND) LIMITED
MSAMIE2B,MSAMIE2BAMS,MORGAN STANLEY INVESTMENT MANAGEMENT (IRELAND) LIMITED
MSAMIE2B,MSAMIE2BFRA,MORGAN STANLEY INVESTMENT MANAGEMENT (IRELAND) LIMITED
MSAMIE2B,MSAMIE2BMAD,MORGAN STANLEY INVESTMENT MANAGEMENT (IRELAND) LIMITED
MSAMIE2B,MSAMIE2BMIL,MORGAN STANLEY INVESTMENT MANAGEMENT (IRELAND) LIMITED
MSAMIE2B,MSAMIE2BXXX,MORGAN STANLEY INVESTMENT MANAGEMENT (IRELAND) LIMITED
MSCNIE21,MSCNIE21XXX,MUINTIR SKIBBEREEN CREDIT UNION LIMITED
MSCUIE21,MSCUIE21XXX,HERITAGE CREDIT UNION LIMITED
MSHSIE2D,MSHSIE2DXXX,MOUNT STREET HIBERNIA SERVICING LIMITED
MSSOIE21,MSSOIE21XXX,MACQUARIE STRUCTURED SECURITIES EUROPE PLC
MTCUIE21,MTCUIE21XXX,MATT TALBOT CREDIT UNION LIMITED
MUCUIE21,MUCUIE21XXX,MUSICIANS' CREDIT UNION LIMITED
MUFGIE2D,MUFGIE2DBPO,MUFG ALTERNATIVE FUND SERVICES (IRELAND) LIMITED
MUFGIE2D,MUFGIE2DCST,MUFG ALTERNATIVE FUND SERVICES (IRELAND) LIMITED
MUFGIE2D,MUFGIE2DFOD,MUFG ALTERNATIVE FUND SERVICES (IRELAND) LIMITED
MUFGIE2D,MUFGIE2DPAY,MUFG ALTERNATIVE FUND SERVICES (IRELAND) LIMITED
MUFGIE2D,MUFGIE2DRPT,MUFG ALTERNATIVE FUND SERVICES (IRELAND) LIMITED
MUFGIE2D,MUFGIE2DRTA,MUFG ALTERNATIVE FUND SERVICES (IRELAND) LIMITED
MUFGIE2D,MUFGIE2DXXX,MUFG ALTERNATIVE FUND SERVICES (IRELAND) LIMITED
MURIIE21,MURIIE21XXX,CLONMEL CREDIT UNION LIMITED
MURNIE21,MURNIE21XXX,MULCAIR CREDIT UNION LIMITED
MURUIE21,MURUIE21XXX,MULLINGAR CREDIT UNION
MYCUIE21,MYCUIE21XXX,LIFE CREDIT UNION LIMITED
NACUIE21,NACUIE21XXX,LIFE CREDIT UNION LIMITED
NBCGIE2D,NBCGIE2DXXX,NBC GLOBAL FINANCE LIMITED
NBCUIE21,NBCUIE21XXX,NAOMH BREANDAIN CREDIT UNION LIMITED
NCBBIE21,NCBBIE21ALL,INVESTEC CAPITAL AND INVESTMENTS (IRELAND) LTD TRADING AS INVESTEC
NCBBIE21,NCBBIE21XXX,INVESTEC CAPITAL AND INVESTMENTS (IRELAND) LTD TRADING AS INVESTEC
NEEUIE21,NEEUIE21XXX,NEWMARKET CREDIT UNION LTD
NERIIE21,NERIIE21XXX,NENAGH CREDIT UNION LTD
NEROIE21,NEROIE21XXX,NEWBRIDGE CREDIT UNION LIMITED
NERUIE21,NERUIE21XXX,TOWER CREDIT UNION LIMITED
NESMIE22,NESMIE22XXX,NEW ENGLAND ASSET MANAGEMENT LIMITED
NETGIE21,NETGIE21XXX,NATIONAL EMISSION TRADING REGISTRY
NIIBIE21,NIIBIE21XXX,NATIONAL IRISH INVESTMENT BANK LTD.
NIMAIE2D,NIMAIE2DXXX,NOVA INVESTMENT MANAGEMENT LIMITED
NLACIE21,NLACIE21XXX,NORTH LONGFORD AND ARVA CREDIT UNION LIMITED
NOSCIE2D,NOSCIE2DXXX,SCOTIABANK (IRELAND) DESIGNATED ACTIVITY COMPANY
NOSCIE2X,NOSCIE2XGLS,SCOTIABANK (IRELAND) DESIGNATED ACTIVITY COMPANY
NOSCIE2X,NOSCIE2XXXX,SCOTIABANK (IRELAND) DESIGNATED ACTIVITY COMPANY
NPCNIE21,NPCNIE21XXX,ST. COLUMBA'S CREDIT UNION LIMITED
NPCUIE21,NPCUIE21XXX,KILDARE CREDIT UNION LIMITED
NPEUIE22,NPEUIE22XXX,NAVRO PAYMENTS EUROPE LIMITED
NRCUIE21,NRCUIE21XXX,NEW ROSS CREDIT UNION LIMITED
NSCUIE21,NSCUIE21XXX,SLIGO CREDIT UNION LTD
NTMAIE2D,NTMAIE2DXXX,NATIONAL TREASURY MANAGEMENT AGENCY
NWSPIE21,NWSPIE21XXX,MEMBER FIRST CREDIT UNION LIMITED
OASMIE21,OASMIE21XXX,OASIS GLOBAL MANAGEMENT COMPANY (IRELAND) LIMITED
OFPIIE22,OFPIIE22XXX,OFX PAYMENTS IRELAND LIMITED
OLCCIE21,OLCCIE21XXX,OUR LADY CROWNED CREDIT UNION LIMITED
OLCUIE21,OLCUIE21XXX,OLDCASTLE CREDIT UNION LIMITED
OUCUIE21,OUCUIE21XXX,ST ANTHONY'S AND CLADDAGH CREDIT UNION LIMITED
PAEDIE22,PAEDIE22XXX,PAYSEND EU DESIGNATED ACTIVITY COMPANY
PAEUIE21,PAEUIE21XXX,PALMERSTOWN CREDIT UNION
PAOMIE22,PAOMIE22XXX,PAYOMA IRELAND LIMITED
PAOMIE23,PAOMIE23XXX,PAYOMA IRELAND LIMITED
PARBIE2D,PARBIE2DXXX,BNP PARIBAS SA
PAYNIE22,PAYNIE22XXX,PAYONEER EUROPE LIMITED
PCCUIE21,PCCUIE21XXX,ST. PATRICK'S (CORK) CREDIT UNION LIMITED
PCSIIE22,PCSIIE22XXX,PFS CARD SERVICES IRELAND LIMITED
PCUEIE21,PCUEIE21XXX,SAVVI CREDIT UNION LIMITED
PDCNIE21,PDCNIE21XXX,PORTUMNA AND DISTRICT CREDIT UNION LIMITED
PDCUIE21,PDCUIE21XXX,PHIBSBORO AND DISTRICT CREDIT UNION LTD
PDRUIE21,PDRUIE21XXX,PARISH OF DARVER CREDIT UNION LIMITED
PERLIE2D,PERLIE2DXXX,PERSHING SECURITIES INTL LTD
PERUIE21,PERUIE21XXX,BALLYSHANNON AND KILLYBEGS CREDIT UNION LIMITED
PFIEIE21,PFIEIE21XXX,PFIZER INTERNATIONAL BUSINESS EUROPE UNLIMITED COMPANY
PFSRIE21,PFSRIE21XXX,PFS CARD SERVICES IRELAND LIMITED
PGCUIE21,PGCUIE21XXX,ST. PAUL'S GARDA CREDIT UNION LIMITED
PICUIE21,PICUIE21XXX,PILTOWN CREDIT UNION LIMITED
PIOEIE21,PIOEIE21XXX,AMUNDI IRELAND LIMITED
PLCNIE21,PLCNIE21XXX,TIPPERARY CREDIT UNION LIMITED
PNBPIE2D,PNBPIE2DXXX,WELLS FARGO BANK INTERNATIONAL UNLIMITED COMPANY
POCOIE21,POCOIE21XXX,PEOPLE FIRST CREDIT UNION LIMITED
POCUIE21,POCUIE21XXX,PORTARLINGTON CREDIT UNION LIMITED
POEQIE21,POEQIE21XXX,POSITIVE EQUITY LIMITED
PORUIE21,PORUIE21XXX,LISDUGGAN DISTRICT CREDIT UNION LIMITED
PPCUIE21,PPCUIE21XXX,ST. FRANCIS' CREDIT UNION LIMITED
PPLCIE21,PPLCIE21XXX,LIMERICK AND DISTRICT CREDIT UNION LIMITED
PPSEIE22,PPSEIE22XXX,PAYSAFE PREPAID SERVICES LIMITED
PRCUIE21,PRCUIE21XXX,COMMUNITY CREDIT UNION
PSCUIE21,PSCUIE21XXX,PRISON SERVICE CREDIT UNION LIMITED
PSTSIE21,PSTSIE21XXX,AN POST
PTBKIE21,PTBKIE21XXX,POSTBANK IRELAND LIMITED
PVAIIE22,PVAIIE22XXX,PUSH VIRTUAL ASSETS IRELAND LIMITED
PWCUIE21,PWCUIE21XXX,DOUGLAS CREDIT UNION LIMITED
PYPSIE22,PYPSIE22XXX,PAYSAFE PAYMENT SOLUTIONS LIMITED
QPCUIE21,QPCUIE21XXX,QUEEN OF PEACE CREDIT UNION LIMITED
QUCEIE22,QUCEIE22XXX,QUILTER CHEVIOT EUROPE LIMITED
QUINIE21,QUINIE21XXX,QUINTILLION LIMITED
RACUIE21,RACUIE21XXX,ST. CANICE'S KILKENNY CREDIT UNION LIMITED
RDCIIE21,RDCIIE21XXX,RANELAGH AND DISTRICT CREDIT UNION LIMITED
RDCLIE21,RDCLIE21XXX,RATHKEALE AND DISTRICT CREDIT UNION
RDCOIE21,RDCOIE21XXX,MEMBER FIRST CREDIT UNION LIMITED
RDCUIE21,RDCUIE21XXX,HERITAGE CREDIT UNION LIMITED
RDRNIE21,RDRNIE21XXX,RATHMORE AND DISTRICT CREDIT UNION LIMITED
RDRUIE21,RDRUIE21XXX,RATHANGAN AND DISTRICT CREDIT UNION LIMITED
REVOIE22,REVOIE22XXX,REVOLUT PAYMENTS IRELAND LIMITED
REVOIE23,REVOIE23XXX,REVOLUT BANK UAB IRELAND BRANCH
ROCIIE21,ROCIIE21XXX,ROWLAGH CREDIT UNION
ROCUIE21,ROCUIE21XXX,THE ROSSES CREDIT UNION LIMITED
ROKLIE2D,ROKLIE2D7UW,UTMOST PANEUROPE DESIGNATED ACTIVITY COMPANY
ROKLIE2D,ROKLIE2DQII,UTMOST PANEUROPE DESIGNATED ACTIVITY COMPANY
ROKLIE2D,ROKLIE2DXXX,UTMOST PANEUROPE DESIGNATED ACTIVITY COMPANY
RORNIE21,RORNIE21XXX,ROSCREA CREDIT UNION LTD
RORUIE21,RORUIE21XXX,ROSCOMMON CREDIT UNION LTD
ROYCIE2D,ROYCIE2DXXX,RBC FINANCE (IRELAND) DESIGNATED ACTIVITY COMPANY
RPFDIE21,RPFDIE21XXX,RIVERGLYDE PROPERTY FINANCE DESIGNATED ACTIVITY COMPANY
RRCUIE21,RRCUIE21XXX,PROGRESSIVE CREDIT UNION LIMITED
RTCUIE21,RTCUIE21XXX,RTE CREDIT UNION LIMITED
RUCUIE21,RUCUIE21XXX,RUSH CREDIT UNION LIMITED
SADNIE21,SADNIE21XXX,SARSFIELD CREDIT UNION LIMITED
SADUIE21,SADUIE21XXX,CAPITAL CREDIT UNION LIMITED SANDYMOUN
SARUIE21,SARUIE21XXX,CORE CREDIT UNION LIMITED
SBDCIE21,SBDCIE21XXX,CORE CREDIT UNION LIMITED
SBIEIE22,SBIEIE22XXX,SANFORD C. BERNSTEIN IRELAND LTD
SBOSIE2D,SBOSIE2DFOS,STATE STREET FUND SERVICES (IRELAND) LIMITED
SBOSIE2D,SBOSIE2DIUK,STATE STREET FUND SERVICES (IRELAND) LIMITED
SBOSIE2D,SBOSIE2DTAD,STATE STREET FUND SERVICES (IRELAND) LIMITED
SBOSIE2D,SBOSIE2DXXX,STATE STREET FUND SERVICES (IRELAND) LIMITED
SCRIIE21,SCRIIE21XXX,CREDIT UNION PLUS LTD
SCRNIE21,SCRNIE21XXX,HEALTH SERVICES STAFFS CREDIT UNION LIMITED
SDCNIE21,SDCNIE21XXX,MEMBER FIRST CREDIT UNION LIMITED
SDCUIE21,SDCUIE21XXX,SWINFORD AND DISTRICT CREDIT UNION LIMITED
SESTIE21,SESTIE21XXX,SETANTA ASSET MANAGEMENT LIMITED
SFSDIE22,SFSDIE22XXX,SOLDO FINANCIAL SERVICES IRELAND DAC
SFSNIE22,SFSNIE22XXX,SOLDO FINANCIAL SERVICES IRELAND DAC
SHCUIE21,SHCUIE21XXX,SHEEPHAVEN CREDIT UNION LIMITED
SHRIIE21,SHRIIE21XXX,SHERCOCK CREDIT UNION LIMITED
SHRNIE21,SHRNIE21XXX,SHANNON CREDIT UNION LIMITED
SHRUIE21,SHRUIE21XXX,LIMERICK AND DISTRICT CREDIT UNION LIMTED
SICUIE21,SICUIE21XXX,ST. FRANCIS' CREDIT UNION LIMITED
SISSIE21,SISSIE21XXX,SUSQUEHANNA INTERNATIONAL SECURITIES LTD.
SISSIE22,SISSIE22XXX,SUSQUEHANNA INTERNATIONAL SECURITIES LTD.
SISSIE23,SISSIE23XXX,SUSQUEHANNA INTERNATIONAL SECURITIES LTD.
SITGIE21,SITGIE21XXX,SUSQUEHANNA INTERNATIONAL GROUP LTD
SIUPIE22,SIUPIE22XXX,SECTOR INVESTMENT FUNDS PUBLIC LIMITED COMPANY
SKCUIE21,SKCUIE21XXX,PROGRESSIVE CREDIT UNION LIMITED
SLCNIE21,SLCNIE21XXX,SLANE CREDIT UNION LTD
SLRUIE21,SLRUIE21XXX,SLIGO CREDIT UNION LTD
SLTDIE2M,SLTDIE2MXXX,SENTENIAL LTD
SMFDIE2D,SMFDIE2DXXX,SUMITOMO MITSUI FINANCE DUBLIN LIMITED
SMIWIE2D,SMIWIE2DXXX,SMITH AND WILLIAMSON INVESTMENT MANAGEMENT (EUROPE) LIMITED
SOGEIE21,SOGEIE21XXX,SOCIETE GENERALE S.A.
SQFSIE21,SQFSIE21XXX,SQUARED FINANCIAL SERVICES LTD.
SQILIE22,SQILIE22XXX,SQUAREUP INTERNATIONAL LIMITED
SRGCIE21,SRGCIE21XXX,SAINT RAPHAEL'S GARDA CREDIT UNION LIMITED
SSCNIE21,SSCNIE21XXX,DUBCO CREDIT UNION LIMITED
SSGAIE21,SSGAIE21XXX,STATE STREET GLOBAL ADVISORS IRELAND LIMITED
STEIIE21,STEIIE21XXX,SOUTH DUBLIN CREDIT UNION LIMITED
STTOIE22,STTOIE22XXX,"STRIPE TECHNOLOGY EUROPE, LIMITED"
SUCUIE21,SUCUIE21XXX,SUNDRIVE CREDIT UNION LIMITED
SUIGIE21,SUIGIE21XXX,SUSQUEHANNA INTERNATIONAL GROUP LIMITED
SUISIE21,SUISIE21XXX,SUSQUEHANNA INTERNATIONAL SECURITIES
SUMUIE22,SUMUIE22XXX,SUMUP LIMITED
SUSHIE21,SUSHIE21XXX,SUSQUEHANNA IRELAND LTD (DUBLIN)
SUSQIE21,SUSQIE21XXX,SUSQUEHANNA IRELAND LTD
SWCUIE21,SWCUIE21XXX,SWILLY-MULROY CREDIT UNION LIMITED
TACUIE21,TACUIE21XXX,TALLOW AREA CREDIT UNION LIMITED
TDCIIE21,TDCIIE21XXX,TARA AND DISTRICT CREDIT UNION LIMITED
TDCNIE21,TDCNIE21XXX,TUBBERCURRY AND DISTRICT CREDIT UNION LIMITED
TDCOIE21,TDCOIE21XXX,TALLAGHT AND DISTRICT CREDIT UNION LIMITED
TDCUIE21,TDCUIE21XXX,HERITAGE CREDIT UNION LIMITED
TDOMIE2D,TDOMIE2DXXX,TD GLOBAL FINANCE UNLIMITED COMPANY
TECOIE21,TECOIE21XXX,TERMONFECKIN CREDIT UNION LIMITED
TERIIE21,TERIIE21XXX,TEMPLEMORE CREDIT UNION LIMITED
TERUIE21,TERUIE21XXX,HEALTH SERVICES STAFFS CREDIT UNION LIMITED
THCNIE21,THCNIE21XXX,THOMASTOWN CREDIT UNION LIMITED
THCUIE21,THCUIE21XXX,THURLES CREDIT UNION LIMITED
TIAAIE21,TIAAIE21XXX,BREWIN DOLPHIN WEALTH MANAGEMENT LIMITED
TICUIE21,TICUIE21XXX,TIPPERARY CREDIT UNION LIMITED
TIIDIE21,TIIDIE21XXX,TRIUMPH III INVESTMENTS (IRELAND) LTD
TIRLIE22,TIRLIE22XXX,TITANBAY IRELAND LIMITED
TRRIIE21,TRRIIE21XXX,CARA CREDIT UNION LIMITED
TRRNIE21,TRRNIE21XXX,TRAMORE CREDIT UNION LIMITED
TRRUIE21,TRRUIE21XXX,TRINITY CREDIT UNION LIMITED
TRVAIE21,TRVAIE21XXX,TRIUMPH INVESTMENTS (IRELAND) LTD.
TRVRIE21,TRVRIE21XXX,TRIUMPH INVESTMENTS II (IRELAND) LTD.
TRYEIE22,TRYEIE22XXX,TRUELAYER IRELAND LIMITED
TRYEIE23,TRYEIE23AAA,TRUELAYER IRELAND LIMITED
TRYEIE23,TRYEIE23XXX,TRUELAYER IRELAND LIMITED
TUCNIE21,TUCNIE21XXX,TULLOW CREDIT UNION LIMITED
TUIRIE21,TUIRIE21XXX,TEACHERS' UNION OF IRELAND CREDIT UNION LIMITED
TURUIE21,TURUIE21XXX,TULLAMORE CREDIT UNION LIMITED
TWCUIE21,TWCUIE21XXX,TALLAGHT WEST CREDIT UNION LIMITED
UBCSIE21,UBCSIE21XXX,ULSTER BANK CUSTODIAL SERVICES
UBSWIE2D,UBSWIE2DXXX,MUFG ALTERNATIVE FUND SERVICES (IRELAND) LIMITED
UIBLIE21,UIBLIE21XXX,ULSTER BANK MARKETS LIMITED
USBKIE22,USBKIE22CUS,U.S. BANK EUROPE DESIGNATED ACTIVITY COMPANY
USBKIE22,USBKIE22DEU,U.S. BANK EUROPE DESIGNATED ACTIVITY COMPANY
USBKIE22,USBKIE22DS1,U.S. BANK EUROPE DESIGNATED ACTIVITY COMPANY
USBKIE22,USBKIE22FRA,U.S. BANK EUROPE DESIGNATED ACTIVITY COMPANY
USBKIE22,USBKIE22IPA,U.S. BANK EUROPE DESIGNATED ACTIVITY COMPANY
USBKIE22,USBKIE22ITA,U.S. BANK EUROPE DESIGNATED ACTIVITY COMPANY
USBKIE22,USBKIE22LUX,U.S. BANK EUROPE DESIGNATED ACTIVITY COMPANY
USBKIE22,USBKIE22QUI,U.S. BANK EUROPE DESIGNATED ACTIVITY COMPANY
USBKIE22,USBKIE22REC,U.S. BANK EUROPE DESIGNATED ACTIVITY COMPANY
USBKIE22,USBKIE22XXX,U.S. BANK EUROPE DESIGNATED ACTIVITY COMPANY
USBKIE2D,USBKIE2DCTS,U.S. BANK EUROPE DESIGNATED ACTIVITY COMPANY
USBKIE2D,USBKIE2DXXX,U.S. BANK EUROPE DESIGNATED ACTIVITY COMPANY
VFCUIE21,VFCUIE21XXX,VFI CREDIT UNION LIMITED
VFTSIE21,VFTSIE21XXX,VIRTU FINANCIAL TRANSACTION SERVICES LIMITED
VICNIE21,VICNIE21XXX,VIRGINIA CREDIT UNION LIMITED
VICUIE21,VICUIE21XXX,PROGRESSIVE CREDIT UNION LIMITED
VIFIIE21,VIFIIE21LON,VIRTU FINANCIAL IRELAND LIMITED
VIFIIE21,VIFIIE21XXX,VIRTU FINANCIAL IRELAND LIMITED
VOWAIE21,VOWAIE21XXX,VOLKSWAGEN BANK GMBH BRANCH IRELAND
VPAYIE22,VPAYIE22XXX,VIVA PAYMENT SERVICES S.A. IRISH BRANCH
WACIIE21,WACIIE21XXX,WATERFORD CREDIT UNION LIMITED
WAYAIE2D,WAYAIE2DXXX,WAYSTONE ASSET MANAGEMENT (IE) LIMITED
WCCUIE21,WCCUIE21XXX,COMMUNITY CREDIT UNION LIMITED
WDCUIE21,WDCUIE21XXX,WICKLOW AND DISTRICT CREDIT UNION LIMTED
WECIIE21,WECIIE21XXX,WESTPORT CREDIT UNION LIMITED
WECUIE21,WECUIE21XXX,WEXFORD CREDIT UNION LIMITED
WEFLIE21,WEFLIE21XXX,WEST EURO FINANCE LIMITED
WFDAIE21,WFDAIE21XXX,WINDMILL FUNDING DESIGNATED ACTIVITY COMPANY
WOIRIE21,WOIRIE21XXX,SHELBOURNE MARKETS
XDUBIE21,XDUBIE21XXX,DUBLIN STOCK EXCHANGE
YOCUIE21,YOCUIE21XXX,YOUGHAL CREDIT UNION LIMITED
ZURIIE2D,ZURIIE2DCBE,ZURICH INSURANCE PLC
ZURIIE2D,ZURIIE2DCDK,ZURICH INSURANCE PLC
ZURIIE2D,ZURIIE2DCFI,ZURICH INSURANCE PLC
ZURIIE2D,ZURIIE2DCFR,ZURICH INSURANCE PLC
ZURIIE2D,ZURIIE2DCGB,ZURICH INSURANCE PLC
ZURIIE2D,ZURIIE2DCIT,ZURICH INSURANCE PLC
ZURIIE2D,ZURIIE2DCNL,ZURICH INSURANCE PLC
ZURIIE2D,ZURIIE2DCNO,ZURICH INSURANCE PLC
ZURIIE2D,ZURIIE2DCSE,ZURICH INSURANCE PLC
ZURIIE2D,ZURIIE2DPBS,ZURICH INSURANCE PLC
ZURIIE2D,ZURIIE2DXXX,ZURICH INSURANCE PLC
ZURIIE2D,ZURIIE2DZLA,ZURICH INSURANCE PLC
