bic_8,bic,bank
AARBBEB1,AARBBEB1XXX,"AAREAL BANK AG, BRUESSEL BRANCH"
ABERBE22,ABERBE22XXX,BANK J. VAN BREDA AND CO NV
ABNABE2A,ABNABE2AIDJ,ABN AMRO BANK N.V. (BELGIAN BRANCH)
ABNABE2A,ABNABE2AIPC,ABN AMRO BANK N.V. (BELGIAN BRANCH)
ABNABE2A,ABNABE2AXXX,ABN AMRO BANK N.V. (BELGIAN BRANCH)
ALENBEB1,ALENBEB1XXX,ALENA S.A.
ARSPBE22,ARSPBE22XXX,ARGENTA
ASUUBEB1,ASUUBEB1XXX,P AND V ASSURANCES
ATMNBE32,ATMNBE32XXX,ATLANTIC MONEY NV
ATWSBEBB,ATWSBEBBXXX,WORLDLINE SA
AUETBE21,AUETBE21XXX,AUDI NV
AUNPBEB2,AUNPBEB2XXX,S.W.I.F.T. SCRL AU-NPP
AUNPBEB3,AUNPBEB3XXX,S.W.I.F.T. SCRL AU-NPP
AUNPBEBB,AUNPBEBBXXX,S.W.I.F.T. SCRL AU-NPP
AUXIBEB1,AUXIBEB1XXX,FINCREASE
AVEVBE21,AVEVBE21XXX,AVEVE SA
AXABBE22,AXABBE22XXX,CRELAN SA/NV
AXBIBEBB,AXBIBEBBXXX,AXA BELGIUM
BARBBEBB,BARBBEBBTGT,BANK OF BARODA (BRUSSELS BRANCH)
BARBBEBB,BARBBEBBXXX,BANK OF BARODA (BRUSSELS BRANCH)
BARCBEBB,BARCBEBBTG2,"BARCLAYS BANK IRELAND PLC, BELGIUM BRANCH"
BARCBEBB,BARCBEBBXXX,"BARCLAYS BANK IRELAND PLC, BELGIUM BRANCH"
BASCBEB1,BASCBEB1XXX,"BACOB SECURITIES, S.A."
BAUVBEB1,BAUVBEB1XXX,BAUDOUX VERTONGEN ET CIE S.A.
BAUWBE21,BAUWBE21XXX,VAN BAUWEL AND CO
BBRUBEBB,BBRUBEBB010,ING BELGIUM NV/SA
BBRUBEBB,BBRUBEBB100,ING BELGIUM NV/SA
BBRUBEBB,BBRUBEBB200,ING BELGIUM NV/SA
BBRUBEBB,BBRUBEBB300,ING BELGIUM NV/SA
BBRUBEBB,BBRUBEBB350,ING BELGIUM NV/SA
BBRUBEBB,BBRUBEBB400,ING BELGIUM NV/SA
BBRUBEBB,BBRUBEBB600,ING BELGIUM NV/SA
BBRUBEBB,BBRUBEBB700,ING BELGIUM NV/SA
BBRUBEBB,BBRUBEBB800,ING BELGIUM NV/SA
BBRUBEBB,BBRUBEBB850,ING BELGIUM NV/SA
BBRUBEBB,BBRUBEBB900,ING BELGIUM NV/SA
BBRUBEBB,BBRUBEBB930,ING BELGIUM NV/SA
BBRUBEBB,BBRUBEBBCLS,ING BELGIUM NV/SA
BBRUBEBB,BBRUBEBBVYS,ING BELGIUM NV/SA
BBRUBEBB,BBRUBEBBXXX,ING BELGIUM NV/SA
BBRUBEBC,BBRUBEBCXXX,ING BELGIUM NV/SA
BBVABEBB,BBVABEBBTG2,BANCO BILBAO VIZCAYA ARGENTARIA SA
BBVABEBB,BBVABEBBXXX,BANCO BILBAO VIZCAYA ARGENTARIA SA
BCDMBEBB,BCDMBEBBTGT,BANQUE CHAABI DU MAROC
BCDMBEBB,BCDMBEBBXXX,BANQUE CHAABI DU MAROC
BCMCBEBB,BCMCBEBBXXX,BANCONTACT PAYCONIQ COMPANY NV/SA
BCPOBEB1,BCPOBEB1XXX,BANQUE CENTRALE POPULAIRE
BDREBE41,BDREBE41XXX,BANQUE DREZE
BELHBEB1,BELHBEB1XXX,BELHYPERION
BEMBBEB1,BEMBBEB1XXX,BANQUE DE L'EUROPE MERIDIONALE (BEMO)
BENGBEB1,BENGBEB1XXX,BELGIAN NATIONAL REGISTRY
BENPBEB2,BENPBEB2XXX,BELFIUS INVESTMENT PARTNERS
BHBEBEB1,BHBEBEB1XXX,BHW BAUSPARKASSE AG
BIBLBE21,BIBLBE21XXX,SAXO BANK A/S BE BRANCH
BICKBE22,BICKBE22XXX,SAXO BANK A/S BE BRANCH
BIOABE71,BIOABE71XXX,BIOPARTICIPATIONS SA
BKCHBEBB,BKCHBEBBTG2,BANK OF CHINA (EUROPE) S.A. BRUSSELS BRANCH
BKCHBEBB,BKCHBEBBXXX,BANK OF CHINA (EUROPE) S.A. BRUSSELS BRANCH
BKIDBE22,BKIDBE22BOI,BANK OF INDIA
BKIDBE22,BKIDBE22XXX,BANK OF INDIA
BLUXBEBB,BLUXBEBBXXX,"BANQUE DE LUXEMBOURG, SUCCURSALE DE BELGIQUE"
BMPBBEBB,BMPBBEBBTGT,UNICREDIT NV/SA
BMPBBEBB,BMPBBEBBTIP,UNICREDIT NV/SA
BMPBBEBB,BMPBBEBBVOD,UNICREDIT NV/SA
BMPBBEBB,BMPBBEBBXXX,UNICREDIT NV/SA
BMTSBEBB,BMTSBEBBXXX,MTS ASSOCIATED MARKETS
BNAGBEBB,BNAGBEBBXXX,BANK NAGELMACKERS NV
BNDDBE21,BNDDBE21326,B AND BT NV
BNDDBE21,BNDDBE21XXX,B AND BT NV
BNPABEBS,BNPABEBSXXX,"SAGIP S.A. (S.A. DE GESTION, D' INVESTISSEMENT ET DE PARTICIPATION)"
BNYMBEBB,BNYMBEBBFND,THE BANK OF NEW YORK MELLON SA/NV
BNYMBEBB,BNYMBEBBTG2,THE BANK OF NEW YORK MELLON SA/NV
BNYMBEBB,BNYMBEBBXXX,THE BANK OF NEW YORK MELLON SA/NV
BOFABE3X,BOFABE3XRES,"BANK OF AMERICA EUROPE DESIGNATED ACTIVITY COMPANY, BRUSSELS BRANCH"
BOFABE3X,BOFABE3XVAM,"BANK OF AMERICA EUROPE DESIGNATED ACTIVITY COMPANY, BRUSSELS BRANCH"
BOFABE3X,BOFABE3XXXX,"BANK OF AMERICA EUROPE DESIGNATED ACTIVITY COMPANY, BRUSSELS BRANCH"
BOTKBEBX,BOTKBEBXT2B,MUFG BANK (EUROPE) N.V. BRUSSELS BRANCH
BOTKBEBX,BOTKBEBXXXX,MUFG BANK (EUROPE) N.V. BRUSSELS BRANCH
BPOTBEB1,BPOTBEB1ISA,BNP PARIBAS FORTIS SA/NV
BPOTBEB1,BPOTBEB1XXX,BNP PARIBAS FORTIS SA/NV
BPPBBEB1,BPPBBEB1XXX,BNP PARIBAS PRIVATE BANK
BRLEBEB1,BRLEBEB1XXX,BRUGS LEENKREDIET BVBA
BSCHBEBB,BSCHBEBBBLX,"SANTANDER CONSUMER FINANCE, S.A. BELGIUM BRANCH"
BSCHBEBB,BSCHBEBBRET,"SANTANDER CONSUMER FINANCE, S.A. BELGIUM BRANCH"
BSCHBEBB,BSCHBEBBXXX,"SANTANDER CONSUMER FINANCE, S.A. BELGIUM BRANCH"
BUKKBEB2,BUKKBEB2XXX,BUCKAROO B.V.
BUNQBEB2,BUNQBEB2XXX,"BUNQ, BELGIAN BRANCH"
BYBBBEBB,BYBBBEBBTG2,BYBLOS BANK EUROPE S.A.
BYBBBEBB,BYBBBEBBXXX,BYBLOS BANK EUROPE S.A.
CAFFBEB1,CAFFBEB1XXX,CATERPILLAR FINANCE FRANCE SA
CAFVBEB1,CAFVBEB1XXX,CARDIF LEVEN
CAFXBEB1,CAFXBEB1XXX,SPM FUNDS
CAPWBEBB,CAPWBEBBXXX,CAPITAL AT WORK SA
CBPXBE99,CBPXBE99RES,"INTESA SANPAOLO WEALTH MANAGEMENT, BELGIUM BRANCH"
CBPXBE99,CBPXBE99XXX,"INTESA SANPAOLO WEALTH MANAGEMENT, BELGIUM BRANCH"
CEIPBE21,CEIPBE21XXX,CENTURY INVESTMENT
CEKVBE81,CEKVBE81XXX,BANKB N.V.
CEKVBE88,CEKVBE88XXX,BANKB N.V.
CEPABEB2,CEPABEB2XXX,CAISSE D'EPARGNE ET DE PREVOYANCE HAUTS DE FRANCE
CEVNBEB1,CEVNBEB1XXX,CAISSE D'EPARGNE DE LA VILLE DE NIV ELLES
CFFRBEB1,CFFRBEB1XXX,CREDIT FONCIER DE FRANCE
CHASBEBX,CHASBEBXENQ,J.P. MORGAN SE BRUSSELS BRANCH
CHASBEBX,CHASBEBXTG2,J.P. MORGAN SE BRUSSELS BRANCH
CHASBEBX,CHASBEBXXXX,J.P. MORGAN SE BRUSSELS BRANCH
CHASBEE1,CHASBEE1XXX,J.P. MORGAN SE BRUSSELS BRANCH
CIKBBEBB,CIKBBEBB013,EUROCLEAR BELGIUM BELGIUM
CIKBBEBB,CIKBBEBB018,EUROCLEAR BELGIUM BELGIUM
CIKBBEBB,CIKBBEBBCLR,EUROCLEAR BELGIUM BELGIUM
CIKBBEBB,CIKBBEBBDIF,EUROCLEAR BELGIUM BELGIUM
CIKBBEBB,CIKBBEBBEA1,EUROCLEAR BELGIUM BELGIUM
CIKBBEBB,CIKBBEBBEA2,EUROCLEAR BELGIUM BELGIUM
CIKBBEBB,CIKBBEBBEA3,EUROCLEAR BELGIUM BELGIUM
CIKBBEBB,CIKBBEBBEII,EUROCLEAR BELGIUM BELGIUM
CIKBBEBB,CIKBBEBBMIG,EUROCLEAR BELGIUM BELGIUM
CIKBBEBB,CIKBBEBBXXX,EUROCLEAR BELGIUM BELGIUM
CILPBEB1,CILPBEB1XXX,CNH INDUSTRIAL CAPITAL EUROPE
CITIBEBX,CITIBEBXCTI,CITIBANK EUROPE PLC BELGIUM BRANCH
CITIBEBX,CITIBEBXSEC,CITIBANK EUROPE PLC BELGIUM BRANCH
CITIBEBX,CITIBEBXXXX,CITIBANK EUROPE PLC BELGIUM BRANCH
CLIQBEB1,CLIQBEB1XXX,BANQUE CENTRALE DE COMPENSATION
CMCIBEB1,CMCIBEB1BTB,CM-CIC BELGIUM
CMCIBEB1,CMCIBEB1CIC,CM-CIC BELGIUM
CMCIBEB1,CMCIBEB1XXX,CM-CIC BELGIUM
CPHBBE75,CPHBBE75TG2,CPH BANQUE
CPHBBE75,CPHBBE75XXX,CPH BANQUE
CRARBE21,CRARBE21XXX,N.V. CREDITMAR
CREGBEBB,CREGBEBBNBB,CBC BANQUE S.A.
CREGBEBB,CREGBEBBTGT,CBC BANQUE S.A.
CREGBEBB,CREGBEBBXXX,CBC BANQUE S.A.
CREOBEB1,CREOBEB1XXX,CREDIMO N.V.
CRLYBEBB,CRLYBEBBTG2,CREDIT AGRICOLE CIB
CRLYBEBB,CRLYBEBBXXX,CREDIT AGRICOLE CIB
CTBKBEBX,CTBKBEBXTGT,BEOBANK NV/SA
CTBKBEBX,CTBKBEBXXXX,BEOBANK NV/SA
DAVRBE81,DAVRBE81XXX,DAVENPORT VERMOGENSBEHEER
DBUCBE91,DBUCBE91XXX,DE BUCK EN CIE N.V.
DEGRBEBB,DEGRBEBBTG2,BANQUE DEGROOF PETERCAM SA/NV
DEGRBEBB,DEGRBEBBXXX,BANQUE DEGROOF PETERCAM SA/NV
DEGRBEBG,DEGRBEBGXXX,BANQUE DEGROOF PETERCAM SA/NV
DELEBE22,DELEBE22NRA,DELEN PRIVATE BANK
DELEBE22,DELEBE22THE,DELEN PRIVATE BANK
DELEBE22,DELEBE22XXX,DELEN PRIVATE BANK
DELNBEB1,DELNBEB1XXX,"DELANDE ET CIE, SCS"
DEUTBEBE,DEUTBEBEUNP,DEUTSCHE BANK AG
DEUTBEBE,DEUTBEBEXXX,DEUTSCHE BANK AG
DIERBE21,DIERBE21XXX,DIERICKX LEYS EN CIE N.V.
DIGEBEB2,DIGEBEB2XXX,DIGITEAL
DLLUBE22,DLLUBE22XXX,DELEN PRIVATE BANK LUXEMBOURG - BELGIAN BRANCH
DMULBEB1,DMULBEB1XXX,DE MULDER
DNIBBE21,DNIBBE21XXX,"NIBC BANK N.V., BELGIE BRANCH, BRUSSELS"
DPLSBEB2,DPLSBEB2XXX,BANQUE DEGROOF PETERCAM LUXEMBOURG SA SUCCURSALE DE BRUXELLES
DXAMBEBA,DXAMBEBAXXX,CANDRIAM BELGIAN BRANCH
DXAMBEBB,DXAMBEBBXXX,CANDRIAM BELGIAN BRANCH
DXFSBEBB,DXFSBEBBFAD,"CACEIS BANK, BELGIUM BRANCH"
DXFSBEBB,DXFSBEBBSHS,"CACEIS BANK, BELGIUM BRANCH"
DXFSBEBB,DXFSBEBBXXX,"CACEIS BANK, BELGIUM BRANCH"
EBACBEBB,EBACBEBBXXX,S.W.I.F.T. SC
EBAKBEBB,EBAKBEBBELS,S.W.I.F.T. SC
EBAKBEBB,EBAKBEBBXXX,S.W.I.F.T. SC
EBALBEBB,EBALBEBBXXX,S.W.I.F.T. SC
EBATBEBB,EBATBEBBXXX,S.W.I.F.T. SC
EBAXBEBB,EBAXBEBBCGS,S.W.I.F.T. SC
EBAXBEBB,EBAXBEBBXXX,S.W.I.F.T. SC
EBPBBEB1,EBPBBEB1XXX,EBURY PARTNERS BELGIUM N.V.
EBPBBEBB,EBPBBEBBXXX,EBURY PARTNERS BELGIUM N.V.
ECLGBEBB,ECLGBEBBXXX,EUROCLEAR SA/NV
ECMSBEBB,ECMSBEBBCAP,BANQUE NATIONALE DE BELGIQUE
ECMSBEBB,ECMSBEBBCCB,BANQUE NATIONALE DE BELGIQUE
ECMSBEBB,ECMSBEBBXXX,BANQUE NATIONALE DE BELGIQUE
EDFRBEB1,EDFRBEB1XXX,EDF INVESTISSEMENTS GROUPE
EHATBEBB,EHATBEBBXXX,EULER HERMES S.A. (N.V.)
ELERBEB1,ELERBEB1XXX,ELECTRABEL
ENEIBEB1,ENEIBEB1XXX,ENERGY EUROPE INVEST SCRL
ENIBBEBB,ENIBBEBBXXX,BANQUE ENI S.A.
ENXBBEB1,ENXBBEB1XXX,EURONEXT BRUSSELS
EPBFBEBB,EPBFBEBBXXX,EPBF
EPCEBEBB,EPCEBEBBXXX,CONSEIL EUROPEEN DES PAIEMENTS AISBL
ESESBEBB,ESESBEBBCPE,EUROCLEAR BELGIUM BELGIUM
ESESBEBB,ESESBEBBCSD,EUROCLEAR BELGIUM BELGIUM
ESESBEBB,ESESBEBBEII,EUROCLEAR BELGIUM BELGIUM
ESESBEBB,ESESBEBBESM,EUROCLEAR BELGIUM BELGIUM
ESESBEBB,ESESBEBBFDB,EUROCLEAR BELGIUM BELGIUM
ESESBEBB,ESESBEBBIAC,EUROCLEAR BELGIUM BELGIUM
ESESBEBB,ESESBEBBIAD,EUROCLEAR BELGIUM BELGIUM
ESESBEBB,ESESBEBBINT,EUROCLEAR BELGIUM BELGIUM
ESESBEBB,ESESBEBBLE1,EUROCLEAR BELGIUM BELGIUM
ESESBEBB,ESESBEBBLE2,EUROCLEAR BELGIUM BELGIUM
ESESBEBB,ESESBEBBMIG,EUROCLEAR BELGIUM BELGIUM
ESESBEBB,ESESBEBBMTI,EUROCLEAR BELGIUM BELGIUM
ESESBEBB,ESESBEBBPEN,EUROCLEAR BELGIUM BELGIUM
ESESBEBB,ESESBEBBSCC,EUROCLEAR BELGIUM BELGIUM
ESESBEBB,ESESBEBBT2X,EUROCLEAR BELGIUM BELGIUM
ESESBEBB,ESESBEBBXXX,EUROCLEAR BELGIUM BELGIUM
ETHVBE44,ETHVBE44XXX,ETHIAS SA
EUALBEB1,EUALBEB1XXX,EUROP ASSISTANCE BELGIUM SA
EUCOBEBB,EUCOBEBBCED,COMMISSION EUROPEENNE (DG XIX/03)
EUCOBEBB,EUCOBEBBDKK,COMMISSION EUROPEENNE (DG XIX/03)
EUCOBEBB,EUCOBEBBEAS,COMMISSION EUROPEENNE (DG XIX/03)
EUCOBEBB,EUCOBEBBFED,COMMISSION EUROPEENNE (DG XIX/03)
EUCOBEBB,EUCOBEBBSRB,COMMISSION EUROPEENNE (DG XIX/03)
EUCOBEBB,EUCOBEBBXXX,COMMISSION EUROPEENNE (DG XIX/03)
EURBBE99,EURBBE99XXX,EUROPABANK N.V.
FDABBEB1,FDABBEB1XXX,BELGIAN DEBT AGENCY
FDCOBEB1,FDCOBEB1XXX,KBC BANK
FIMGBEBB,FIMGBEBBXXX,"BNP PARIBAS ASSET MANAGEMENT FRANCE , BELGIAN BRANCH"
FINRBEB1,FINRBEB1XXX,FINACOR
FMMSBEB1,FMMSBEB1XXX,FIMASER
FNETBEBB,FNETBEBBXXX,"CACEIS BANK, BELGIUM BRANCH"
FNNPBE21,FNNPBE21XXX,FINPARTNER
FORDBE21,FORDBE21XXX,FORD CREDIT
FPEBBEB2,FPEBBEB2XXX,FINANCIERE DES PAIEMENTS ELECTRONIQUES BELGIUM
FVLBBE22,FVLBBE22001,VAN LANSCHOT KEMPEN N.V
FVLBBE22,FVLBBE22XXX,VAN LANSCHOT KEMPEN N.V
FXBBBEBB,FXBBBEBBXXX,IBANFIRST S.A.
GEBABEBB,GEBABEBB00A,BNP PARIBAS FORTIS SA/NV
GEBABEBB,GEBABEBB01A,BNP PARIBAS FORTIS SA/NV
GEBABEBB,GEBABEBB01B,BNP PARIBAS FORTIS SA/NV
GEBABEBB,GEBABEBB02A,BNP PARIBAS FORTIS SA/NV
GEBABEBB,GEBABEBB03A,BNP PARIBAS FORTIS SA/NV
GEBABEBB,GEBABEBB04A,BNP PARIBAS FORTIS SA/NV
GEBABEBB,GEBABEBB05A,BNP PARIBAS FORTIS SA/NV
GEBABEBB,GEBABEBB05B,BNP PARIBAS FORTIS SA/NV
GEBABEBB,GEBABEBB06A,BNP PARIBAS FORTIS SA/NV
GEBABEBB,GEBABEBB06B,BNP PARIBAS FORTIS SA/NV
GEBABEBB,GEBABEBB07A,BNP PARIBAS FORTIS SA/NV
GEBABEBB,GEBABEBB07B,BNP PARIBAS FORTIS SA/NV
GEBABEBB,GEBABEBB07C,BNP PARIBAS FORTIS SA/NV
GEBABEBB,GEBABEBB08A,BNP PARIBAS FORTIS SA/NV
GEBABEBB,GEBABEBB08B,BNP PARIBAS FORTIS SA/NV
GEBABEBB,GEBABEBB08C,BNP PARIBAS FORTIS SA/NV
GEBABEBB,GEBABEBB08D,BNP PARIBAS FORTIS SA/NV
GEBABEBB,GEBABEBB08E,BNP PARIBAS FORTIS SA/NV
GEBABEBB,GEBABEBB09A,BNP PARIBAS FORTIS SA/NV
GEBABEBB,GEBABEBB10A,BNP PARIBAS FORTIS SA/NV
GEBABEBB,GEBABEBB11A,BNP PARIBAS FORTIS SA/NV
GEBABEBB,GEBABEBB12A,BNP PARIBAS FORTIS SA/NV
GEBABEBB,GEBABEBB13A,BNP PARIBAS FORTIS SA/NV
GEBABEBB,GEBABEBB14A,BNP PARIBAS FORTIS SA/NV
GEBABEBB,GEBABEBB18A,BNP PARIBAS FORTIS SA/NV
GEBABEBB,GEBABEBB18B,BNP PARIBAS FORTIS SA/NV
GEBABEBB,GEBABEBB36A,BNP PARIBAS FORTIS SA/NV
GEBABEBB,GEBABEBBALM,BNP PARIBAS FORTIS SA/NV
GEBABEBB,GEBABEBBDBK,BNP PARIBAS FORTIS SA/NV
GEBABEBB,GEBABEBBGOV,BNP PARIBAS FORTIS SA/NV
GEBABEBB,GEBABEBBIPA,BNP PARIBAS FORTIS SA/NV
GEBABEBB,GEBABEBBLDN,BNP PARIBAS FORTIS SA/NV
GEBABEBB,GEBABEBBSSD,BNP PARIBAS FORTIS SA/NV
GEBABEBB,GEBABEBBXXX,BNP PARIBAS FORTIS SA/NV
GKCCBEBB,GKCCBEBBXXX,BELFIUS BANK SA/NV
GOCFBEB1,GOCFBEB1XXX,GOLD COMMODITIES FOREX
GOLABEB1,GOLABEB1XXX,DELEN PRIVATE BANK
HBMSBE21,HBMSBE21XXX,CENTRALE KREDIETVERLENING
HNRSBEB1,HNRSBEB1XXX,HOULIHAN ROVERS S.A.
HOFNBEB1,HOFNBEB1XXX,HOIST FINANCE AB
HOMNBEB2,HOMNBEB2XXX,MASTERCARD TRANSACTION SERVICES (EUROPE) S.A.
HSBCBEBB,HSBCBEBBSDD,HSBC CONTINENTAL EUROPE
HSBCBEBB,HSBCBEBBTRG,HSBC CONTINENTAL EUROPE
HSBCBEBB,HSBCBEBBXXX,HSBC CONTINENTAL EUROPE
HYBVBE81,HYBVBE81XXX,HYPOTHEEKMAATSCHAPPIJ DE BEIDE VLAA NDEREN NV
ICBKBEBB,ICBKBEBBTG2,INDUSTRIAL AND COMMERCIAL BANK OF CHINA (EUROPE) S.A.
ICBKBEBB,ICBKBEBBXXX,INDUSTRIAL AND COMMERCIAL BANK OF CHINA (EUROPE) S.A.
INGBBEB1,INGBBEB1XXX,ING BANK NV BELGIAN BRANCH
IRISBEB1,IRISBEB1XXX,"IRIS SECURITIES, STE. COOP."
IRVTBEBB,IRVTBEBBADM,THE BANK OF NEW YORK MELLON SA/NV
IRVTBEBB,IRVTBEBBB01,THE BANK OF NEW YORK MELLON SA/NV
IRVTBEBB,IRVTBEBBB02,THE BANK OF NEW YORK MELLON SA/NV
IRVTBEBB,IRVTBEBBB03,THE BANK OF NEW YORK MELLON SA/NV
IRVTBEBB,IRVTBEBBB04,THE BANK OF NEW YORK MELLON SA/NV
IRVTBEBB,IRVTBEBBB05,THE BANK OF NEW YORK MELLON SA/NV
IRVTBEBB,IRVTBEBBB06,THE BANK OF NEW YORK MELLON SA/NV
IRVTBEBB,IRVTBEBBB07,THE BANK OF NEW YORK MELLON SA/NV
IRVTBEBB,IRVTBEBBB08,THE BANK OF NEW YORK MELLON SA/NV
IRVTBEBB,IRVTBEBBB09,THE BANK OF NEW YORK MELLON SA/NV
IRVTBEBB,IRVTBEBBB10,THE BANK OF NEW YORK MELLON SA/NV
IRVTBEBB,IRVTBEBBB11,THE BANK OF NEW YORK MELLON SA/NV
IRVTBEBB,IRVTBEBBBKR,THE BANK OF NEW YORK MELLON SA/NV
IRVTBEBB,IRVTBEBBBNY,THE BANK OF NEW YORK MELLON SA/NV
IRVTBEBB,IRVTBEBBBSK,THE BANK OF NEW YORK MELLON SA/NV
IRVTBEBB,IRVTBEBBCCM,THE BANK OF NEW YORK MELLON SA/NV
IRVTBEBB,IRVTBEBBDCP,THE BANK OF NEW YORK MELLON SA/NV
IRVTBEBB,IRVTBEBBDMM,THE BANK OF NEW YORK MELLON SA/NV
IRVTBEBB,IRVTBEBBFND,THE BANK OF NEW YORK MELLON SA/NV
IRVTBEBB,IRVTBEBBGSS,THE BANK OF NEW YORK MELLON SA/NV
IRVTBEBB,IRVTBEBBICP,THE BANK OF NEW YORK MELLON SA/NV
IRVTBEBB,IRVTBEBBIMC,THE BANK OF NEW YORK MELLON SA/NV
IRVTBEBB,IRVTBEBBLUX,THE BANK OF NEW YORK MELLON SA/NV
IRVTBEBB,IRVTBEBBSER,THE BANK OF NEW YORK MELLON SA/NV
IRVTBEBB,IRVTBEBBTG2,THE BANK OF NEW YORK MELLON SA/NV
IRVTBEBB,IRVTBEBBTWT,THE BANK OF NEW YORK MELLON SA/NV
IRVTBEBB,IRVTBEBBXXX,THE BANK OF NEW YORK MELLON SA/NV
ISAEBEBB,ISAEBEBBFOF,"CACEIS BANK, BELGIUM BRANCH"
ISAEBEBB,ISAEBEBBTGT,"CACEIS BANK, BELGIUM BRANCH"
ISAEBEBB,ISAEBEBBXXX,"CACEIS BANK, BELGIUM BRANCH"
ISAZBEB1,ISAZBEB1XXX,ISABEL NV
ISAZBEBB,ISAZBEBBXXX,ISABEL NV
ISSUBEB1,ISSUBEB1XXX,AG INSURANCE
JLECBE71,JLECBE71XXX,LELEUX ASSOCIATED BROKERS
JPMGBEBB,JPMGBEBBMOM,J.P. MORGAN SE BRUSSELS BRANCH
JPMGBEBB,JPMGBEBBTG2,J.P. MORGAN SE BRUSSELS BRANCH
JPMGBEBB,JPMGBEBBXXX,J.P. MORGAN SE BRUSSELS BRANCH
JVBABE22,JVBABE22XXX,BANK J. VAN BREDA AND CO NV
KBCABEBB,KBCABEBBXXX,KBC ASSET MANAGEMENT NV DIENST AOF
KBSEBE22,KBSEBE22882,KBC BANK N.V.
KBSEBE22,KBSEBE22CBL,KBC BANK N.V.
KBSEBE22,KBSEBE22XXX,KBC BANK N.V.
KBSEBEBB,KBSEBEBBXXX,KBC SECURITIES N.V.
KEYTBEBB,KEYTBEBBXXX,ARKEA DIRECT BANK SA
KREDBEB2,KREDBEB2XXX,KBC BANK N.V.
KREDBEBB,KREDBEBB022,KBC BANK N.V.
KREDBEBB,KREDBEBB085,KBC BANK N.V.
KREDBEBB,KREDBEBB100,KBC BANK N.V.
KREDBEBB,KREDBEBB250,KBC BANK N.V.
KREDBEBB,KREDBEBB387,KBC BANK N.V.
KREDBEBB,KREDBEBB460,KBC BANK N.V.
KREDBEBB,KREDBEBBCLE,KBC BANK N.V.
KREDBEBB,KREDBEBBCLS,KBC BANK N.V.
KREDBEBB,KREDBEBBDTA,KBC BANK N.V.
KREDBEBB,KREDBEBBFCA,KBC BANK N.V.
KREDBEBB,KREDBEBBLCH,KBC BANK N.V.
KREDBEBB,KREDBEBBXXX,KBC BANK N.V.
KREFBE21,KREFBE21XXX,KREFISERVICING
LABEBEBB,LABEBEBBCLI,LELEUX ASSOCIATED BROKERS
LABEBEBB,LABEBEBBXXX,LELEUX ASSOCIATED BROKERS
LEDSBE81,LEDSBE81XXX,CENTRALE KREDIETVERLENING
LEPSBEB1,LEPSBEB1XXX,LELEUX PARTNERS S.C.S.
LFGBBEB1,LFGBBEB1XXX,LAZARD FRERES GESTION BELGIQUE
LOCYBEBB,LOCYBEBBNDP,LOMBARD ODIER (EUROPE) S.A. SUCCURSALE DE BELGIQUE
LOCYBEBB,LOCYBEBBTPS,LOMBARD ODIER (EUROPE) S.A. SUCCURSALE DE BELGIQUE
LOCYBEBB,LOCYBEBBXXX,LOMBARD ODIER (EUROPE) S.A. SUCCURSALE DE BELGIQUE
LOGIBEB1,LOGIBEB1XXX,LOGINVEST SA
LSTVBE21,LSTVBE21XXX,LEO STEVENS EN CIE
LWAIBE81,LWAIBE81XXX,LAWAISSE BEURSVENNOOTSCHAP
MACSBE22,MACSBE22GAR,MASTERCARD EUROPE S.A.
MACSBE22,MACSBE22TAB,MASTERCARD EUROPE S.A.
MACSBE22,MACSBE22TAE,MASTERCARD EUROPE S.A.
MACSBE22,MACSBE22XXX,MASTERCARD EUROPE S.A.
MBBMBE21,MBBMBE21XXX,MKG-BANK BELGIEN (BRANCH OF MCE BANK GMBH)
MBWMBEBB,MBWMBEBBXXX,MEDIRECT BANK S.A.
MCSVBEB1,MCSVBEB1XXX,MOUSE COMPUTER SERVICES
MELCBEB1,MELCBEB1XXX,MELICE ET CIE
MELSBE91,MELSBE91XXX,"MELIS EN CO, VOF"
MEPTBE21,MEPTBE21XXX,MERIT CAPITAL
MGTCBE2G,MGTCBE2GXXX,EUROCLEAR BANK S.A./N.V.
MGTCBE2S,MGTCBE2SXXX,EUROCLEAR BANK S.A./N.V.
MGTCBEBE,MGTCBEBECLT,EUROCLEAR BANK S.A./N.V.
MGTCBEBE,MGTCBEBECON,EUROCLEAR BANK S.A./N.V.
MGTCBEBE,MGTCBEBEDK1,EUROCLEAR BANK S.A./N.V.
MGTCBEBE,MGTCBEBEDK2,EUROCLEAR BANK S.A./N.V.
MGTCBEBE,MGTCBEBEDK3,EUROCLEAR BANK S.A./N.V.
MGTCBEBE,MGTCBEBEDK4,EUROCLEAR BANK S.A./N.V.
MGTCBEBE,MGTCBEBEE01,EUROCLEAR BANK S.A./N.V.
MGTCBEBE,MGTCBEBEE14,EUROCLEAR BANK S.A./N.V.
MGTCBEBE,MGTCBEBEE16,EUROCLEAR BANK S.A./N.V.
MGTCBEBE,MGTCBEBEE17,EUROCLEAR BANK S.A./N.V.
MGTCBEBE,MGTCBEBEE18,EUROCLEAR BANK S.A./N.V.
MGTCBEBE,MGTCBEBEEB2,EUROCLEAR BANK S.A./N.V.
MGTCBEBE,MGTCBEBEEBE,EUROCLEAR BANK S.A./N.V.
MGTCBEBE,MGTCBEBEECL,EUROCLEAR BANK S.A./N.V.
MGTCBEBE,MGTCBEBEEF2,EUROCLEAR BANK S.A./N.V.
MGTCBEBE,MGTCBEBEEFR,EUROCLEAR BANK S.A./N.V.
MGTCBEBE,MGTCBEBEEN2,EUROCLEAR BANK S.A./N.V.
MGTCBEBE,MGTCBEBEENL,EUROCLEAR BANK S.A./N.V.
MGTCBEBE,MGTCBEBEESM,EUROCLEAR BANK S.A./N.V.
MGTCBEBE,MGTCBEBEFND,EUROCLEAR BANK S.A./N.V.
MGTCBEBE,MGTCBEBEFNE,EUROCLEAR BANK S.A./N.V.
MGTCBEBE,MGTCBEBEFNS,EUROCLEAR BANK S.A./N.V.
MGTCBEBE,MGTCBEBEINV,EUROCLEAR BANK S.A./N.V.
MGTCBEBE,MGTCBEBEL01,EUROCLEAR BANK S.A./N.V.
MGTCBEBE,MGTCBEBEL02,EUROCLEAR BANK S.A./N.V.
MGTCBEBE,MGTCBEBEL03,EUROCLEAR BANK S.A./N.V.
MGTCBEBE,MGTCBEBEL04,EUROCLEAR BANK S.A./N.V.
MGTCBEBE,MGTCBEBEL05,EUROCLEAR BANK S.A./N.V.
MGTCBEBE,MGTCBEBEL06,EUROCLEAR BANK S.A./N.V.
MGTCBEBE,MGTCBEBEL07,EUROCLEAR BANK S.A./N.V.
MGTCBEBE,MGTCBEBEL08,EUROCLEAR BANK S.A./N.V.
MGTCBEBE,MGTCBEBEL09,EUROCLEAR BANK S.A./N.V.
MGTCBEBE,MGTCBEBEL10,EUROCLEAR BANK S.A./N.V.
MGTCBEBE,MGTCBEBEL11,EUROCLEAR BANK S.A./N.V.
MGTCBEBE,MGTCBEBEL12,EUROCLEAR BANK S.A./N.V.
MGTCBEBE,MGTCBEBEL13,EUROCLEAR BANK S.A./N.V.
MGTCBEBE,MGTCBEBEL14,EUROCLEAR BANK S.A./N.V.
MGTCBEBE,MGTCBEBEL15,EUROCLEAR BANK S.A./N.V.
MGTCBEBE,MGTCBEBEL16,EUROCLEAR BANK S.A./N.V.
MGTCBEBE,MGTCBEBEL17,EUROCLEAR BANK S.A./N.V.
MGTCBEBE,MGTCBEBEL18,EUROCLEAR BANK S.A./N.V.
MGTCBEBE,MGTCBEBEL19,EUROCLEAR BANK S.A./N.V.
MGTCBEBE,MGTCBEBEL20,EUROCLEAR BANK S.A./N.V.
MGTCBEBE,MGTCBEBEL21,EUROCLEAR BANK S.A./N.V.
MGTCBEBE,MGTCBEBEL22,EUROCLEAR BANK S.A./N.V.
MGTCBEBE,MGTCBEBEL23,EUROCLEAR BANK S.A./N.V.
MGTCBEBE,MGTCBEBEL24,EUROCLEAR BANK S.A./N.V.
MGTCBEBE,MGTCBEBEL25,EUROCLEAR BANK S.A./N.V.
MGTCBEBE,MGTCBEBEL26,EUROCLEAR BANK S.A./N.V.
MGTCBEBE,MGTCBEBEL27,EUROCLEAR BANK S.A./N.V.
MGTCBEBE,MGTCBEBEL28,EUROCLEAR BANK S.A./N.V.
MGTCBEBE,MGTCBEBEL29,EUROCLEAR BANK S.A./N.V.
MGTCBEBE,MGTCBEBEL30,EUROCLEAR BANK S.A./N.V.
MGTCBEBE,MGTCBEBEL31,EUROCLEAR BANK S.A./N.V.
MGTCBEBE,MGTCBEBEL32,EUROCLEAR BANK S.A./N.V.
MGTCBEBE,MGTCBEBEL33,EUROCLEAR BANK S.A./N.V.
MGTCBEBE,MGTCBEBEL34,EUROCLEAR BANK S.A./N.V.
MGTCBEBE,MGTCBEBEL35,EUROCLEAR BANK S.A./N.V.
MGTCBEBE,MGTCBEBEL36,EUROCLEAR BANK S.A./N.V.
MGTCBEBE,MGTCBEBEL37,EUROCLEAR BANK S.A./N.V.
MGTCBEBE,MGTCBEBEL38,EUROCLEAR BANK S.A./N.V.
MGTCBEBE,MGTCBEBEL39,EUROCLEAR BANK S.A./N.V.
MGTCBEBE,MGTCBEBEL40,EUROCLEAR BANK S.A./N.V.
MGTCBEBE,MGTCBEBEL41,EUROCLEAR BANK S.A./N.V.
MGTCBEBE,MGTCBEBEL42,EUROCLEAR BANK S.A./N.V.
MGTCBEBE,MGTCBEBEL43,EUROCLEAR BANK S.A./N.V.
MGTCBEBE,MGTCBEBEL44,EUROCLEAR BANK S.A./N.V.
MGTCBEBE,MGTCBEBEL45,EUROCLEAR BANK S.A./N.V.
MGTCBEBE,MGTCBEBEL46,EUROCLEAR BANK S.A./N.V.
MGTCBEBE,MGTCBEBEL47,EUROCLEAR BANK S.A./N.V.
MGTCBEBE,MGTCBEBEL48,EUROCLEAR BANK S.A./N.V.
MGTCBEBE,MGTCBEBEL49,EUROCLEAR BANK S.A./N.V.
MGTCBEBE,MGTCBEBEL50,EUROCLEAR BANK S.A./N.V.
MGTCBEBE,MGTCBEBEL51,EUROCLEAR BANK S.A./N.V.
MGTCBEBE,MGTCBEBEL52,EUROCLEAR BANK S.A./N.V.
MGTCBEBE,MGTCBEBEL53,EUROCLEAR BANK S.A./N.V.
MGTCBEBE,MGTCBEBEL54,EUROCLEAR BANK S.A./N.V.
MGTCBEBE,MGTCBEBEL55,EUROCLEAR BANK S.A./N.V.
MGTCBEBE,MGTCBEBEL56,EUROCLEAR BANK S.A./N.V.
MGTCBEBE,MGTCBEBEL57,EUROCLEAR BANK S.A./N.V.
MGTCBEBE,MGTCBEBEL58,EUROCLEAR BANK S.A./N.V.
MGTCBEBE,MGTCBEBEL59,EUROCLEAR BANK S.A./N.V.
MGTCBEBE,MGTCBEBEL61,EUROCLEAR BANK S.A./N.V.
MGTCBEBE,MGTCBEBEL62,EUROCLEAR BANK S.A./N.V.
MGTCBEBE,MGTCBEBEL63,EUROCLEAR BANK S.A./N.V.
MGTCBEBE,MGTCBEBEL64,EUROCLEAR BANK S.A./N.V.
MGTCBEBE,MGTCBEBEL65,EUROCLEAR BANK S.A./N.V.
MGTCBEBE,MGTCBEBEL66,EUROCLEAR BANK S.A./N.V.
MGTCBEBE,MGTCBEBEL67,EUROCLEAR BANK S.A./N.V.
MGTCBEBE,MGTCBEBEL68,EUROCLEAR BANK S.A./N.V.
MGTCBEBE,MGTCBEBEL69,EUROCLEAR BANK S.A./N.V.
MGTCBEBE,MGTCBEBEL70,EUROCLEAR BANK S.A./N.V.
MGTCBEBE,MGTCBEBEL71,EUROCLEAR BANK S.A./N.V.
MGTCBEBE,MGTCBEBEL72,EUROCLEAR BANK S.A./N.V.
MGTCBEBE,MGTCBEBEL73,EUROCLEAR BANK S.A./N.V.
MGTCBEBE,MGTCBEBEL74,EUROCLEAR BANK S.A./N.V.
MGTCBEBE,MGTCBEBEL75,EUROCLEAR BANK S.A./N.V.
MGTCBEBE,MGTCBEBEL76,EUROCLEAR BANK S.A./N.V.
MGTCBEBE,MGTCBEBEL77,EUROCLEAR BANK S.A./N.V.
MGTCBEBE,MGTCBEBEL78,EUROCLEAR BANK S.A./N.V.
MGTCBEBE,MGTCBEBEL79,EUROCLEAR BANK S.A./N.V.
MGTCBEBE,MGTCBEBEL80,EUROCLEAR BANK S.A./N.V.
MGTCBEBE,MGTCBEBEL81,EUROCLEAR BANK S.A./N.V.
MGTCBEBE,MGTCBEBEL82,EUROCLEAR BANK S.A./N.V.
MGTCBEBE,MGTCBEBEL83,EUROCLEAR BANK S.A./N.V.
MGTCBEBE,MGTCBEBEL84,EUROCLEAR BANK S.A./N.V.
MGTCBEBE,MGTCBEBEL85,EUROCLEAR BANK S.A./N.V.
MGTCBEBE,MGTCBEBEL86,EUROCLEAR BANK S.A./N.V.
MGTCBEBE,MGTCBEBEL87,EUROCLEAR BANK S.A./N.V.
MGTCBEBE,MGTCBEBEL88,EUROCLEAR BANK S.A./N.V.
MGTCBEBE,MGTCBEBEL89,EUROCLEAR BANK S.A./N.V.
MGTCBEBE,MGTCBEBELIQ,EUROCLEAR BANK S.A./N.V.
MGTCBEBE,MGTCBEBERES,EUROCLEAR BANK S.A./N.V.
MGTCBEBE,MGTCBEBET01,EUROCLEAR BANK S.A./N.V.
MGTCBEBE,MGTCBEBET02,EUROCLEAR BANK S.A./N.V.
MGTCBEBE,MGTCBEBET03,EUROCLEAR BANK S.A./N.V.
MGTCBEBE,MGTCBEBET04,EUROCLEAR BANK S.A./N.V.
MGTCBEBE,MGTCBEBET05,EUROCLEAR BANK S.A./N.V.
MGTCBEBE,MGTCBEBET06,EUROCLEAR BANK S.A./N.V.
MGTCBEBE,MGTCBEBET07,EUROCLEAR BANK S.A./N.V.
MGTCBEBE,MGTCBEBET08,EUROCLEAR BANK S.A./N.V.
MGTCBEBE,MGTCBEBET09,EUROCLEAR BANK S.A./N.V.
MGTCBEBE,MGTCBEBET10,EUROCLEAR BANK S.A./N.V.
MGTCBEBE,MGTCBEBET11,EUROCLEAR BANK S.A./N.V.
MGTCBEBE,MGTCBEBET12,EUROCLEAR BANK S.A./N.V.
MGTCBEBE,MGTCBEBET13,EUROCLEAR BANK S.A./N.V.
MGTCBEBE,MGTCBEBET14,EUROCLEAR BANK S.A./N.V.
MGTCBEBE,MGTCBEBET15,EUROCLEAR BANK S.A./N.V.
MGTCBEBE,MGTCBEBET16,EUROCLEAR BANK S.A./N.V.
MGTCBEBE,MGTCBEBET17,EUROCLEAR BANK S.A./N.V.
MGTCBEBE,MGTCBEBET18,EUROCLEAR BANK S.A./N.V.
MGTCBEBE,MGTCBEBET19,EUROCLEAR BANK S.A./N.V.
MGTCBEBE,MGTCBEBET20,EUROCLEAR BANK S.A./N.V.
MGTCBEBE,MGTCBEBET21,EUROCLEAR BANK S.A./N.V.
MGTCBEBE,MGTCBEBET22,EUROCLEAR BANK S.A./N.V.
MGTCBEBE,MGTCBEBET23,EUROCLEAR BANK S.A./N.V.
MGTCBEBE,MGTCBEBET24,EUROCLEAR BANK S.A./N.V.
MGTCBEBE,MGTCBEBET25,EUROCLEAR BANK S.A./N.V.
MGTCBEBE,MGTCBEBET26,EUROCLEAR BANK S.A./N.V.
MGTCBEBE,MGTCBEBET27,EUROCLEAR BANK S.A./N.V.
MGTCBEBE,MGTCBEBET28,EUROCLEAR BANK S.A./N.V.
MGTCBEBE,MGTCBEBET29,EUROCLEAR BANK S.A./N.V.
MGTCBEBE,MGTCBEBET30,EUROCLEAR BANK S.A./N.V.
MGTCBEBE,MGTCBEBET31,EUROCLEAR BANK S.A./N.V.
MGTCBEBE,MGTCBEBET32,EUROCLEAR BANK S.A./N.V.
MGTCBEBE,MGTCBEBET33,EUROCLEAR BANK S.A./N.V.
MGTCBEBE,MGTCBEBET34,EUROCLEAR BANK S.A./N.V.
MGTCBEBE,MGTCBEBET35,EUROCLEAR BANK S.A./N.V.
MGTCBEBE,MGTCBEBET36,EUROCLEAR BANK S.A./N.V.
MGTCBEBE,MGTCBEBET37,EUROCLEAR BANK S.A./N.V.
MGTCBEBE,MGTCBEBET38,EUROCLEAR BANK S.A./N.V.
MGTCBEBE,MGTCBEBET39,EUROCLEAR BANK S.A./N.V.
MGTCBEBE,MGTCBEBET40,EUROCLEAR BANK S.A./N.V.
MGTCBEBE,MGTCBEBET41,EUROCLEAR BANK S.A./N.V.
MGTCBEBE,MGTCBEBET42,EUROCLEAR BANK S.A./N.V.
MGTCBEBE,MGTCBEBET43,EUROCLEAR BANK S.A./N.V.
MGTCBEBE,MGTCBEBET44,EUROCLEAR BANK S.A./N.V.
MGTCBEBE,MGTCBEBET45,EUROCLEAR BANK S.A./N.V.
MGTCBEBE,MGTCBEBET46,EUROCLEAR BANK S.A./N.V.
MGTCBEBE,MGTCBEBET47,EUROCLEAR BANK S.A./N.V.
MGTCBEBE,MGTCBEBET48,EUROCLEAR BANK S.A./N.V.
MGTCBEBE,MGTCBEBET49,EUROCLEAR BANK S.A./N.V.
MGTCBEBE,MGTCBEBET50,EUROCLEAR BANK S.A./N.V.
MGTCBEBE,MGTCBEBET51,EUROCLEAR BANK S.A./N.V.
MGTCBEBE,MGTCBEBET52,EUROCLEAR BANK S.A./N.V.
MGTCBEBE,MGTCBEBET53,EUROCLEAR BANK S.A./N.V.
MGTCBEBE,MGTCBEBET54,EUROCLEAR BANK S.A./N.V.
MGTCBEBE,MGTCBEBET55,EUROCLEAR BANK S.A./N.V.
MGTCBEBE,MGTCBEBET56,EUROCLEAR BANK S.A./N.V.
MGTCBEBE,MGTCBEBET57,EUROCLEAR BANK S.A./N.V.
MGTCBEBE,MGTCBEBET58,EUROCLEAR BANK S.A./N.V.
MGTCBEBE,MGTCBEBET59,EUROCLEAR BANK S.A./N.V.
MGTCBEBE,MGTCBEBET60,EUROCLEAR BANK S.A./N.V.
MGTCBEBE,MGTCBEBET61,EUROCLEAR BANK S.A./N.V.
MGTCBEBE,MGTCBEBET62,EUROCLEAR BANK S.A./N.V.
MGTCBEBE,MGTCBEBET63,EUROCLEAR BANK S.A./N.V.
MGTCBEBE,MGTCBEBET64,EUROCLEAR BANK S.A./N.V.
MGTCBEBE,MGTCBEBET65,EUROCLEAR BANK S.A./N.V.
MGTCBEBE,MGTCBEBET66,EUROCLEAR BANK S.A./N.V.
MGTCBEBE,MGTCBEBET67,EUROCLEAR BANK S.A./N.V.
MGTCBEBE,MGTCBEBET68,EUROCLEAR BANK S.A./N.V.
MGTCBEBE,MGTCBEBET69,EUROCLEAR BANK S.A./N.V.
MGTCBEBE,MGTCBEBET70,EUROCLEAR BANK S.A./N.V.
MGTCBEBE,MGTCBEBET71,EUROCLEAR BANK S.A./N.V.
MGTCBEBE,MGTCBEBET72,EUROCLEAR BANK S.A./N.V.
MGTCBEBE,MGTCBEBET73,EUROCLEAR BANK S.A./N.V.
MGTCBEBE,MGTCBEBET74,EUROCLEAR BANK S.A./N.V.
MGTCBEBE,MGTCBEBET75,EUROCLEAR BANK S.A./N.V.
MGTCBEBE,MGTCBEBET76,EUROCLEAR BANK S.A./N.V.
MGTCBEBE,MGTCBEBET77,EUROCLEAR BANK S.A./N.V.
MGTCBEBE,MGTCBEBET78,EUROCLEAR BANK S.A./N.V.
MGTCBEBE,MGTCBEBET79,EUROCLEAR BANK S.A./N.V.
MGTCBEBE,MGTCBEBET80,EUROCLEAR BANK S.A./N.V.
MGTCBEBE,MGTCBEBET81,EUROCLEAR BANK S.A./N.V.
MGTCBEBE,MGTCBEBET82,EUROCLEAR BANK S.A./N.V.
MGTCBEBE,MGTCBEBET83,EUROCLEAR BANK S.A./N.V.
MGTCBEBE,MGTCBEBET84,EUROCLEAR BANK S.A./N.V.
MGTCBEBE,MGTCBEBET85,EUROCLEAR BANK S.A./N.V.
MGTCBEBE,MGTCBEBETDK,EUROCLEAR BANK S.A./N.V.
MGTCBEBE,MGTCBEBEXXX,EUROCLEAR BANK S.A./N.V.
MOFFBEB1,MOFFBEB1XXX,"DE MOFFARTS, ROLIN JACQUEMYNS S.A."
MPPFBEB1,MPPFBEB1XXX,MAPFRE RE
MPSNBE92,MPSNBE92XXX,MOBILE PAYMENT SOLUTIONS NV
MTSXBEBB,MTSXBEBBOHT,MASTERCARD TRANSACTION SERVICES (EUROPE) S.A.
MTSXBEBB,MTSXBEBBXXX,MASTERCARD TRANSACTION SERVICES (EUROPE) S.A.
NAETBE21,NAETBE21XXX,ETHIAS SA
NANLBE21,NANLBE21XXX,NATEUS NV
NATXBEB1,NATXBEB1XXX,NATIXIS BANK (LUXEMBOURG) SUCCURSALE DE BELGIQUE
NBBEBEBB,NBBEBEBB203,BANQUE NATIONALE DE BELGIQUE
NBBEBEBB,NBBEBEBB216,BANQUE NATIONALE DE BELGIQUE
NBBEBEBB,NBBEBEBB223,BANQUE NATIONALE DE BELGIQUE
NBBEBEBB,NBBEBEBB243,BANQUE NATIONALE DE BELGIQUE
NBBEBEBB,NBBEBEBB273,BANQUE NATIONALE DE BELGIQUE
NBBEBEBB,NBBEBEBB679,BANQUE NATIONALE DE BELGIQUE
NBBEBEBB,NBBEBEBBCAC,BANQUE NATIONALE DE BELGIQUE
NBBEBEBB,NBBEBEBBCEC,BANQUE NATIONALE DE BELGIQUE
NBBEBEBB,NBBEBEBBCON,BANQUE NATIONALE DE BELGIQUE
NBBEBEBB,NBBEBEBBDAB,BANQUE NATIONALE DE BELGIQUE
NBBEBEBB,NBBEBEBBDAE,BANQUE NATIONALE DE BELGIQUE
NBBEBEBB,NBBEBEBBDCK,BANQUE NATIONALE DE BELGIQUE
NBBEBEBB,NBBEBEBBECM,BANQUE NATIONALE DE BELGIQUE
NBBEBEBB,NBBEBEBBEOC,BANQUE NATIONALE DE BELGIQUE
NBBEBEBB,NBBEBEBBGLB,BANQUE NATIONALE DE BELGIQUE
NBBEBEBB,NBBEBEBBHCC,BANQUE NATIONALE DE BELGIQUE
NBBEBEBB,NBBEBEBBNTW,BANQUE NATIONALE DE BELGIQUE
NBBEBEBB,NBBEBEBBTR2,BANQUE NATIONALE DE BELGIQUE
NBBEBEBB,NBBEBEBBTRE,BANQUE NATIONALE DE BELGIQUE
NBBEBEBB,NBBEBEBBWTX,BANQUE NATIONALE DE BELGIQUE
NBBEBEBB,NBBEBEBBXXX,BANQUE NATIONALE DE BELGIQUE
NEDEBEB1,NEDEBEB1XXX,KBC SECURITIES
NICABEBB,NICABEBBAXA,CRELAN SA/NV
NICABEBB,NICABEBBXXX,CRELAN SA/NV
OONXBEB1,OONXBEB1XXX,EQUALS MONEY EUROPE S.A.
OONXBEB3,OONXBEB3XXX,EQUALS MONEY EUROPE S.A.
OONXBEBB,OONXBEBBXXX,EQUALS MONEY EUROPE S.A.
OTCSBEB1,OTCSBEB1XXX,OPTION TRADING COMPANY SA/NV
PANXBEB1,PANXBEB1XXX,BANQUP S.A.
PANXBEB9,PANXBEB9XXX,BANQUP S.A.
PARBBEB1,PARBBEB1000,"BNP PARIBAS S.A, BELGIUM BRANCH"
PARBBEB1,PARBBEB1001,"BNP PARIBAS S.A, BELGIUM BRANCH"
PARBBEB1,PARBBEB1002,"BNP PARIBAS S.A, BELGIUM BRANCH"
PARBBEB1,PARBBEB1003,"BNP PARIBAS S.A, BELGIUM BRANCH"
PARBBEB1,PARBBEB1004,"BNP PARIBAS S.A, BELGIUM BRANCH"
PARBBEB1,PARBBEB1005,"BNP PARIBAS S.A, BELGIUM BRANCH"
PARBBEB1,PARBBEB1006,"BNP PARIBAS S.A, BELGIUM BRANCH"
PARBBEB1,PARBBEB1007,"BNP PARIBAS S.A, BELGIUM BRANCH"
PARBBEB1,PARBBEB1008,"BNP PARIBAS S.A, BELGIUM BRANCH"
PARBBEB1,PARBBEB1009,"BNP PARIBAS S.A, BELGIUM BRANCH"
PARBBEB1,PARBBEB1010,"BNP PARIBAS S.A, BELGIUM BRANCH"
PARBBEB1,PARBBEB1011,"BNP PARIBAS S.A, BELGIUM BRANCH"
PARBBEB1,PARBBEB1012,"BNP PARIBAS S.A, BELGIUM BRANCH"
PARBBEB1,PARBBEB1013,"BNP PARIBAS S.A, BELGIUM BRANCH"
PARBBEB1,PARBBEB1014,"BNP PARIBAS S.A, BELGIUM BRANCH"
PARBBEB1,PARBBEB1015,"BNP PARIBAS S.A, BELGIUM BRANCH"
PARBBEB1,PARBBEB1016,"BNP PARIBAS S.A, BELGIUM BRANCH"
PARBBEB1,PARBBEB1017,"BNP PARIBAS S.A, BELGIUM BRANCH"
PARBBEB1,PARBBEB1018,"BNP PARIBAS S.A, BELGIUM BRANCH"
PARBBEB1,PARBBEB1019,"BNP PARIBAS S.A, BELGIUM BRANCH"
PARBBEB1,PARBBEB1020,"BNP PARIBAS S.A, BELGIUM BRANCH"
PARBBEB1,PARBBEB1021,"BNP PARIBAS S.A, BELGIUM BRANCH"
PARBBEB1,PARBBEB1022,"BNP PARIBAS S.A, BELGIUM BRANCH"
PARBBEB1,PARBBEB1023,"BNP PARIBAS S.A, BELGIUM BRANCH"
PARBBEB1,PARBBEB1024,"BNP PARIBAS S.A, BELGIUM BRANCH"
PARBBEB1,PARBBEB1025,"BNP PARIBAS S.A, BELGIUM BRANCH"
PARBBEB1,PARBBEB1026,"BNP PARIBAS S.A, BELGIUM BRANCH"
PARBBEB1,PARBBEB1027,"BNP PARIBAS S.A, BELGIUM BRANCH"
PARBBEB1,PARBBEB1028,"BNP PARIBAS S.A, BELGIUM BRANCH"
PARBBEB1,PARBBEB1029,"BNP PARIBAS S.A, BELGIUM BRANCH"
PARBBEB1,PARBBEB1030,"BNP PARIBAS S.A, BELGIUM BRANCH"
PARBBEB1,PARBBEB1031,"BNP PARIBAS S.A, BELGIUM BRANCH"
PARBBEB1,PARBBEB1032,"BNP PARIBAS S.A, BELGIUM BRANCH"
PARBBEB1,PARBBEB1033,"BNP PARIBAS S.A, BELGIUM BRANCH"
PARBBEB1,PARBBEB1034,"BNP PARIBAS S.A, BELGIUM BRANCH"
PARBBEB1,PARBBEB1035,"BNP PARIBAS S.A, BELGIUM BRANCH"
PARBBEB1,PARBBEB1036,"BNP PARIBAS S.A, BELGIUM BRANCH"
PARBBEB1,PARBBEB1037,"BNP PARIBAS S.A, BELGIUM BRANCH"
PARBBEB1,PARBBEB1038,"BNP PARIBAS S.A, BELGIUM BRANCH"
PARBBEB1,PARBBEB1039,"BNP PARIBAS S.A, BELGIUM BRANCH"
PARBBEB1,PARBBEB1040,"BNP PARIBAS S.A, BELGIUM BRANCH"
PARBBEB1,PARBBEB1041,"BNP PARIBAS S.A, BELGIUM BRANCH"
PARBBEB1,PARBBEB1042,"BNP PARIBAS S.A, BELGIUM BRANCH"
PARBBEB1,PARBBEB1043,"BNP PARIBAS S.A, BELGIUM BRANCH"
PARBBEB1,PARBBEB1044,"BNP PARIBAS S.A, BELGIUM BRANCH"
PARBBEB1,PARBBEB1045,"BNP PARIBAS S.A, BELGIUM BRANCH"
PARBBEB1,PARBBEB1046,"BNP PARIBAS S.A, BELGIUM BRANCH"
PARBBEB1,PARBBEB1047,"BNP PARIBAS S.A, BELGIUM BRANCH"
PARBBEB1,PARBBEB1048,"BNP PARIBAS S.A, BELGIUM BRANCH"
PARBBEB1,PARBBEB1049,"BNP PARIBAS S.A, BELGIUM BRANCH"
PARBBEB1,PARBBEB1050,"BNP PARIBAS S.A, BELGIUM BRANCH"
PARBBEB1,PARBBEB1051,"BNP PARIBAS S.A, BELGIUM BRANCH"
PARBBEB1,PARBBEB1052,"BNP PARIBAS S.A, BELGIUM BRANCH"
PARBBEB1,PARBBEB1053,"BNP PARIBAS S.A, BELGIUM BRANCH"
PARBBEB1,PARBBEB1054,"BNP PARIBAS S.A, BELGIUM BRANCH"
PARBBEB1,PARBBEB1055,"BNP PARIBAS S.A, BELGIUM BRANCH"
PARBBEB1,PARBBEB1056,"BNP PARIBAS S.A, BELGIUM BRANCH"
PARBBEB1,PARBBEB1057,"BNP PARIBAS S.A, BELGIUM BRANCH"
PARBBEB1,PARBBEB1058,"BNP PARIBAS S.A, BELGIUM BRANCH"
PARBBEB1,PARBBEB1059,"BNP PARIBAS S.A, BELGIUM BRANCH"
PARBBEB1,PARBBEB1060,"BNP PARIBAS S.A, BELGIUM BRANCH"
PARBBEB1,PARBBEB1156,"BNP PARIBAS S.A, BELGIUM BRANCH"
PARBBEB1,PARBBEB1158,"BNP PARIBAS S.A, BELGIUM BRANCH"
PARBBEB1,PARBBEB1159,"BNP PARIBAS S.A, BELGIUM BRANCH"
PARBBEB1,PARBBEB1160,"BNP PARIBAS S.A, BELGIUM BRANCH"
PARBBEB1,PARBBEB1161,"BNP PARIBAS S.A, BELGIUM BRANCH"
PARBBEB1,PARBBEB1162,"BNP PARIBAS S.A, BELGIUM BRANCH"
PARBBEB1,PARBBEB1163,"BNP PARIBAS S.A, BELGIUM BRANCH"
PARBBEB1,PARBBEB1164,"BNP PARIBAS S.A, BELGIUM BRANCH"
PARBBEB1,PARBBEB1165,"BNP PARIBAS S.A, BELGIUM BRANCH"
PARBBEB1,PARBBEB1166,"BNP PARIBAS S.A, BELGIUM BRANCH"
PARBBEB1,PARBBEB1167,"BNP PARIBAS S.A, BELGIUM BRANCH"
PARBBEB1,PARBBEB1168,"BNP PARIBAS S.A, BELGIUM BRANCH"
PARBBEB1,PARBBEB1169,"BNP PARIBAS S.A, BELGIUM BRANCH"
PARBBEB1,PARBBEB1170,"BNP PARIBAS S.A, BELGIUM BRANCH"
PARBBEB1,PARBBEB1171,"BNP PARIBAS S.A, BELGIUM BRANCH"
PARBBEB1,PARBBEB1172,"BNP PARIBAS S.A, BELGIUM BRANCH"
PARBBEB1,PARBBEB1173,"BNP PARIBAS S.A, BELGIUM BRANCH"
PARBBEB1,PARBBEB1174,"BNP PARIBAS S.A, BELGIUM BRANCH"
PARBBEB1,PARBBEB1175,"BNP PARIBAS S.A, BELGIUM BRANCH"
PARBBEB1,PARBBEB1176,"BNP PARIBAS S.A, BELGIUM BRANCH"
PARBBEB1,PARBBEB1177,"BNP PARIBAS S.A, BELGIUM BRANCH"
PARBBEB1,PARBBEB1178,"BNP PARIBAS S.A, BELGIUM BRANCH"
PARBBEB1,PARBBEB1179,"BNP PARIBAS S.A, BELGIUM BRANCH"
PARBBEB1,PARBBEB1180,"BNP PARIBAS S.A, BELGIUM BRANCH"
PARBBEB1,PARBBEB1181,"BNP PARIBAS S.A, BELGIUM BRANCH"
PARBBEB1,PARBBEB1182,"BNP PARIBAS S.A, BELGIUM BRANCH"
PARBBEB1,PARBBEB1183,"BNP PARIBAS S.A, BELGIUM BRANCH"
PARBBEB1,PARBBEB1184,"BNP PARIBAS S.A, BELGIUM BRANCH"
PARBBEB1,PARBBEB1185,"BNP PARIBAS S.A, BELGIUM BRANCH"
PARBBEB1,PARBBEB1186,"BNP PARIBAS S.A, BELGIUM BRANCH"
PARBBEB1,PARBBEB1187,"BNP PARIBAS S.A, BELGIUM BRANCH"
PARBBEB1,PARBBEB1188,"BNP PARIBAS S.A, BELGIUM BRANCH"
PARBBEB1,PARBBEB1189,"BNP PARIBAS S.A, BELGIUM BRANCH"
PARBBEB1,PARBBEB1190,"BNP PARIBAS S.A, BELGIUM BRANCH"
PARBBEB1,PARBBEB1191,"BNP PARIBAS S.A, BELGIUM BRANCH"
PARBBEB1,PARBBEB1192,"BNP PARIBAS S.A, BELGIUM BRANCH"
PARBBEB1,PARBBEB1193,"BNP PARIBAS S.A, BELGIUM BRANCH"
PARBBEB1,PARBBEB1194,"BNP PARIBAS S.A, BELGIUM BRANCH"
PARBBEB1,PARBBEB1195,"BNP PARIBAS S.A, BELGIUM BRANCH"
PARBBEB1,PARBBEB1196,"BNP PARIBAS S.A, BELGIUM BRANCH"
PARBBEB1,PARBBEB1197,"BNP PARIBAS S.A, BELGIUM BRANCH"
PARBBEB1,PARBBEB1198,"BNP PARIBAS S.A, BELGIUM BRANCH"
PARBBEB1,PARBBEB1199,"BNP PARIBAS S.A, BELGIUM BRANCH"
PARBBEB1,PARBBEB1200,"BNP PARIBAS S.A, BELGIUM BRANCH"
PARBBEB1,PARBBEB1201,"BNP PARIBAS S.A, BELGIUM BRANCH"
PARBBEB1,PARBBEB1202,"BNP PARIBAS S.A, BELGIUM BRANCH"
PARBBEB1,PARBBEB1203,"BNP PARIBAS S.A, BELGIUM BRANCH"
PARBBEB1,PARBBEB1204,"BNP PARIBAS S.A, BELGIUM BRANCH"
PARBBEB1,PARBBEB1205,"BNP PARIBAS S.A, BELGIUM BRANCH"
PARBBEB1,PARBBEB1206,"BNP PARIBAS S.A, BELGIUM BRANCH"
PARBBEB1,PARBBEB1207,"BNP PARIBAS S.A, BELGIUM BRANCH"
PARBBEB1,PARBBEB1208,"BNP PARIBAS S.A, BELGIUM BRANCH"
PARBBEB1,PARBBEB1209,"BNP PARIBAS S.A, BELGIUM BRANCH"
PARBBEB1,PARBBEB1210,"BNP PARIBAS S.A, BELGIUM BRANCH"
PARBBEB1,PARBBEB1211,"BNP PARIBAS S.A, BELGIUM BRANCH"
PARBBEB1,PARBBEB1212,"BNP PARIBAS S.A, BELGIUM BRANCH"
PARBBEB1,PARBBEB1213,"BNP PARIBAS S.A, BELGIUM BRANCH"
PARBBEB1,PARBBEB1214,"BNP PARIBAS S.A, BELGIUM BRANCH"
PARBBEB1,PARBBEB1215,"BNP PARIBAS S.A, BELGIUM BRANCH"
PARBBEB1,PARBBEB1216,"BNP PARIBAS S.A, BELGIUM BRANCH"
PARBBEB1,PARBBEB1217,"BNP PARIBAS S.A, BELGIUM BRANCH"
PARBBEB1,PARBBEB1218,"BNP PARIBAS S.A, BELGIUM BRANCH"
PARBBEB1,PARBBEB1219,"BNP PARIBAS S.A, BELGIUM BRANCH"
PARBBEB1,PARBBEB1220,"BNP PARIBAS S.A, BELGIUM BRANCH"
PARBBEB1,PARBBEB1221,"BNP PARIBAS S.A, BELGIUM BRANCH"
PARBBEB1,PARBBEB1222,"BNP PARIBAS S.A, BELGIUM BRANCH"
PARBBEB1,PARBBEB1223,"BNP PARIBAS S.A, BELGIUM BRANCH"
PARBBEB1,PARBBEB1224,"BNP PARIBAS S.A, BELGIUM BRANCH"
PARBBEB1,PARBBEB1225,"BNP PARIBAS S.A, BELGIUM BRANCH"
PARBBEB1,PARBBEB1226,"BNP PARIBAS S.A, BELGIUM BRANCH"
PARBBEB1,PARBBEB1227,"BNP PARIBAS S.A, BELGIUM BRANCH"
PARBBEB1,PARBBEB1228,"BNP PARIBAS S.A, BELGIUM BRANCH"
PARBBEB1,PARBBEB1229,"BNP PARIBAS S.A, BELGIUM BRANCH"
PARBBEB1,PARBBEB1230,"BNP PARIBAS S.A, BELGIUM BRANCH"
PARBBEB1,PARBBEB1231,"BNP PARIBAS S.A, BELGIUM BRANCH"
PARBBEB1,PARBBEB1232,"BNP PARIBAS S.A, BELGIUM BRANCH"
PARBBEB1,PARBBEB1233,"BNP PARIBAS S.A, BELGIUM BRANCH"
PARBBEB1,PARBBEB1234,"BNP PARIBAS S.A, BELGIUM BRANCH"
PARBBEB1,PARBBEB1235,"BNP PARIBAS S.A, BELGIUM BRANCH"
PARBBEB1,PARBBEB1236,"BNP PARIBAS S.A, BELGIUM BRANCH"
PARBBEB1,PARBBEB1237,"BNP PARIBAS S.A, BELGIUM BRANCH"
PARBBEB1,PARBBEB1238,"BNP PARIBAS S.A, BELGIUM BRANCH"
PARBBEB1,PARBBEB1239,"BNP PARIBAS S.A, BELGIUM BRANCH"
PARBBEB1,PARBBEB1240,"BNP PARIBAS S.A, BELGIUM BRANCH"
PARBBEB1,PARBBEB1241,"BNP PARIBAS S.A, BELGIUM BRANCH"
PARBBEB1,PARBBEB1242,"BNP PARIBAS S.A, BELGIUM BRANCH"
PARBBEB1,PARBBEB1243,"BNP PARIBAS S.A, BELGIUM BRANCH"
PARBBEB1,PARBBEB1244,"BNP PARIBAS S.A, BELGIUM BRANCH"
PARBBEB1,PARBBEB1245,"BNP PARIBAS S.A, BELGIUM BRANCH"
PARBBEB1,PARBBEB1246,"BNP PARIBAS S.A, BELGIUM BRANCH"
PARBBEB1,PARBBEB1247,"BNP PARIBAS S.A, BELGIUM BRANCH"
PARBBEB1,PARBBEB1248,"BNP PARIBAS S.A, BELGIUM BRANCH"
PARBBEB1,PARBBEB1249,"BNP PARIBAS S.A, BELGIUM BRANCH"
PARBBEB1,PARBBEB1250,"BNP PARIBAS S.A, BELGIUM BRANCH"
PARBBEB1,PARBBEB1251,"BNP PARIBAS S.A, BELGIUM BRANCH"
PARBBEB1,PARBBEB1252,"BNP PARIBAS S.A, BELGIUM BRANCH"
PARBBEB1,PARBBEB1253,"BNP PARIBAS S.A, BELGIUM BRANCH"
PARBBEB1,PARBBEB1254,"BNP PARIBAS S.A, BELGIUM BRANCH"
PARBBEB1,PARBBEB1255,"BNP PARIBAS S.A, BELGIUM BRANCH"
PARBBEB1,PARBBEB1256,"BNP PARIBAS S.A, BELGIUM BRANCH"
PARBBEB1,PARBBEB1257,"BNP PARIBAS S.A, BELGIUM BRANCH"
PARBBEB1,PARBBEB1258,"BNP PARIBAS S.A, BELGIUM BRANCH"
PARBBEB1,PARBBEB1259,"BNP PARIBAS S.A, BELGIUM BRANCH"
PARBBEB1,PARBBEB1260,"BNP PARIBAS S.A, BELGIUM BRANCH"
PARBBEB1,PARBBEB1261,"BNP PARIBAS S.A, BELGIUM BRANCH"
PARBBEB1,PARBBEB1262,"BNP PARIBAS S.A, BELGIUM BRANCH"
PARBBEB1,PARBBEB1263,"BNP PARIBAS S.A, BELGIUM BRANCH"
PARBBEB1,PARBBEB1264,"BNP PARIBAS S.A, BELGIUM BRANCH"
PARBBEB1,PARBBEB1265,"BNP PARIBAS S.A, BELGIUM BRANCH"
PARBBEB1,PARBBEB1266,"BNP PARIBAS S.A, BELGIUM BRANCH"
PARBBEB1,PARBBEB1267,"BNP PARIBAS S.A, BELGIUM BRANCH"
PARBBEB1,PARBBEB1268,"BNP PARIBAS S.A, BELGIUM BRANCH"
PARBBEB1,PARBBEB1269,"BNP PARIBAS S.A, BELGIUM BRANCH"
PARBBEB1,PARBBEB1270,"BNP PARIBAS S.A, BELGIUM BRANCH"
PARBBEB1,PARBBEB1271,"BNP PARIBAS S.A, BELGIUM BRANCH"
PARBBEB1,PARBBEB1272,"BNP PARIBAS S.A, BELGIUM BRANCH"
PARBBEB1,PARBBEB1273,"BNP PARIBAS S.A, BELGIUM BRANCH"
PARBBEB1,PARBBEB1274,"BNP PARIBAS S.A, BELGIUM BRANCH"
PARBBEB1,PARBBEB1275,"BNP PARIBAS S.A, BELGIUM BRANCH"
PARBBEB1,PARBBEB1276,"BNP PARIBAS S.A, BELGIUM BRANCH"
PARBBEB1,PARBBEB1277,"BNP PARIBAS S.A, BELGIUM BRANCH"
PARBBEB1,PARBBEB1278,"BNP PARIBAS S.A, BELGIUM BRANCH"
PARBBEB1,PARBBEB1279,"BNP PARIBAS S.A, BELGIUM BRANCH"
PARBBEB1,PARBBEB1280,"BNP PARIBAS S.A, BELGIUM BRANCH"
PARBBEB1,PARBBEB1281,"BNP PARIBAS S.A, BELGIUM BRANCH"
PARBBEB1,PARBBEB1282,"BNP PARIBAS S.A, BELGIUM BRANCH"
PARBBEB1,PARBBEB1283,"BNP PARIBAS S.A, BELGIUM BRANCH"
PARBBEB1,PARBBEB1284,"BNP PARIBAS S.A, BELGIUM BRANCH"
PARBBEB1,PARBBEB1285,"BNP PARIBAS S.A, BELGIUM BRANCH"
PARBBEB1,PARBBEB1286,"BNP PARIBAS S.A, BELGIUM BRANCH"
PARBBEB1,PARBBEB1287,"BNP PARIBAS S.A, BELGIUM BRANCH"
PARBBEB1,PARBBEB1288,"BNP PARIBAS S.A, BELGIUM BRANCH"
PARBBEB1,PARBBEB1289,"BNP PARIBAS S.A, BELGIUM BRANCH"
PARBBEB1,PARBBEB1290,"BNP PARIBAS S.A, BELGIUM BRANCH"
PARBBEB1,PARBBEB1291,"BNP PARIBAS S.A, BELGIUM BRANCH"
PARBBEB1,PARBBEB1292,"BNP PARIBAS S.A, BELGIUM BRANCH"
PARBBEB1,PARBBEB1293,"BNP PARIBAS S.A, BELGIUM BRANCH"
PARBBEB1,PARBBEB1294,"BNP PARIBAS S.A, BELGIUM BRANCH"
PARBBEB1,PARBBEB1295,"BNP PARIBAS S.A, BELGIUM BRANCH"
PARBBEB1,PARBBEB1296,"BNP PARIBAS S.A, BELGIUM BRANCH"
PARBBEB1,PARBBEB1297,"BNP PARIBAS S.A, BELGIUM BRANCH"
PARBBEB1,PARBBEB1298,"BNP PARIBAS S.A, BELGIUM BRANCH"
PARBBEB1,PARBBEB1299,"BNP PARIBAS S.A, BELGIUM BRANCH"
PARBBEB1,PARBBEB1300,"BNP PARIBAS S.A, BELGIUM BRANCH"
PARBBEB1,PARBBEB1XXX,"BNP PARIBAS S.A, BELGIUM BRANCH"
PARBBEBH,PARBBEBHXXX,"BNP PARIBAS S.A, BELGIUM BRANCH"
PARBBEBZ,PARBBEBZAFB,"BNP PARIBAS S.A, BELGIUM BRANCH"
PARBBEBZ,PARBBEBZGMP,"BNP PARIBAS S.A, BELGIUM BRANCH"
PARBBEBZ,PARBBEBZISI,"BNP PARIBAS S.A, BELGIUM BRANCH"
PARBBEBZ,PARBBEBZMDC,"BNP PARIBAS S.A, BELGIUM BRANCH"
PARBBEBZ,PARBBEBZXXX,"BNP PARIBAS S.A, BELGIUM BRANCH"
PAUIBE22,PAUIBE22XXX,HR PAY SOLUTIONS
PAYVBEB2,PAYVBEB2XXX,PAYNOVATE S.A.
PCHQBEBB,PCHQBEBBXXX,BPOST FINANCES AND ACCOUNTING
PECSBEBB,PECSBEBB009,DEGROOF PETERCAM ASSET MANAGEMENT
PECSBEBB,PECSBEBBXXX,DEGROOF PETERCAM ASSET MANAGEMENT
PECSBEBG,PECSBEBGXXX,DEGROOF PETERCAM ASSET MANAGEMENT
PESOBEB1,PESOBEB1XXX,PPS EU
PIREBE61,PIREBE61XXX,PIRE ASSET MANAGEMENT
PRIBBEBB,PRIBBEBBTG2,"EDMOND DE ROTHSCHILD (EUROPE), SUCCURSALE EN BELGIQUE"
PRIBBEBB,PRIBBEBBXXX,"EDMOND DE ROTHSCHILD (EUROPE), SUCCURSALE EN BELGIQUE"
PUILBEBB,PUILBEBBTG2,QUINTET PRIVATE BANK (EUROPE) S.A.
PUILBEBB,PUILBEBBTPS,QUINTET PRIVATE BANK (EUROPE) S.A.
PUILBEBB,PUILBEBBXXX,QUINTET PRIVATE BANK (EUROPE) S.A.
QUATBE81,QUATBE81XXX,J. QUATANNENS EN CO
QUFABEBB,QUFABEBBXXX,QUANTESSENCE FINANCIAL S.A./N.V.
RBCOBEB1,RBCOBEB1XXX,ROBECO
RCBPBEBB,RCBPBEBBTG2,ROTHSCHILD AND CO MARTIN MAUREL
RCBPBEBB,RCBPBEBBXXX,ROTHSCHILD AND CO MARTIN MAUREL
REVOBEB2,REVOBEB2XXX,REVOLUT BELGIUM
RJANBEB1,RJANBEB1XXX,RAYMOND JAMES ASSET MANAGEMENT INTERNATIONAL (BELGIUM)
RSMIBEBB,RSMIBEBBXXX,S.W.I.F.T. SC
SAXBBEB1,SAXBBEB1XXX,SAXO BANK BELGIQUE
SBINBE2X,SBINBE2X668,STATE BANK OF INDIA
SBINBE2X,SBINBE2XXXX,STATE BANK OF INDIA
SBOSBEB1,SBOSBEB1XXX,STATE STREET BANK EUROPE LTD.
SECUBEB1,SECUBEB1XXX,ES SECURITIES
SGABBEB2,SGABBEB2BRU,SOCIETE GENERALE (SUCCURSALE DE LA GENERALE FRANCE)
SGABBEB2,SGABBEB2CTI,SOCIETE GENERALE (SUCCURSALE DE LA GENERALE FRANCE)
SGABBEB2,SGABBEB2TG2,SOCIETE GENERALE (SUCCURSALE DE LA GENERALE FRANCE)
SGABBEB2,SGABBEB2TPS,SOCIETE GENERALE (SUCCURSALE DE LA GENERALE FRANCE)
SGABBEB2,SGABBEB2TRA,SOCIETE GENERALE (SUCCURSALE DE LA GENERALE FRANCE)
SGABBEB2,SGABBEB2XXX,SOCIETE GENERALE (SUCCURSALE DE LA GENERALE FRANCE)
SIIIBE41,SIIIBE41XXX,SIRIUS INTERNATIONAL INSURANCE CORPORATION
SMBCBEBB,SMBCBEBBGEB,SUMITOMO MITSUI BANKING CORPORATION
SMBCBEBB,SMBCBEBBXXX,SUMITOMO MITSUI BANKING CORPORATION
SOFFBEB1,SOFFBEB1XXX,SOCIETE FINANCIERE ET FONCIERE
SOFIBEB1,SOFIBEB1XXX,SOFIBANQUE S.A.
SPRIBE21,SPRIBE21XXX,"P. SPRIET EN CO, BVBA"
SSDDBEB1,SSDDBEB1XXX,"SIBEKA, SOCIETE D'ENTREPRISE ET D'INVESTISSEMENTS"
SUBCBEB1,SUBCBEB1XXX,"U.B.B., SC"
SWHQBEBB,SWHQBEBB111,S.W.I.F.T. SC
SWHQBEBB,SWHQBEBBADS,S.W.I.F.T. SC
SWHQBEBB,SWHQBEBBBCT,S.W.I.F.T. SC
SWHQBEBB,SWHQBEBBBIL,S.W.I.F.T. SC
SWHQBEBB,SWHQBEBBE2E,S.W.I.F.T. SC
SWHQBEBB,SWHQBEBBEDU,S.W.I.F.T. SC
SWHQBEBB,SWHQBEBBEVE,S.W.I.F.T. SC
SWHQBEBB,SWHQBEBBFIN,S.W.I.F.T. SC
SWHQBEBB,SWHQBEBBGMT,S.W.I.F.T. SC
SWHQBEBB,SWHQBEBBLOG,S.W.I.F.T. SC
SWHQBEBB,SWHQBEBBMEM,S.W.I.F.T. SC
SWHQBEBB,SWHQBEBBMKT,S.W.I.F.T. SC
SWHQBEBB,SWHQBEBBODD,S.W.I.F.T. SC
SWHQBEBB,SWHQBEBBPRM,S.W.I.F.T. SC
SWHQBEBB,SWHQBEBBQED,S.W.I.F.T. SC
SWHQBEBB,SWHQBEBBREF,S.W.I.F.T. SC
SWHQBEBB,SWHQBEBBSAL,S.W.I.F.T. SC
SWHQBEBB,SWHQBEBBSHR,S.W.I.F.T. SC
SWHQBEBB,SWHQBEBBSNF,S.W.I.F.T. SC
SWHQBEBB,SWHQBEBBSTD,S.W.I.F.T. SC
SWHQBEBB,SWHQBEBBTLC,S.W.I.F.T. SC
SWHQBEBB,SWHQBEBBTSD,S.W.I.F.T. SC
SWHQBEBB,SWHQBEBBTTT,S.W.I.F.T. SC
SWHQBEBB,SWHQBEBBXXX,S.W.I.F.T. SC
SWHTBEB5,SWHTBEB5XXX,S.W.I.F.T. SC
SWHTBEBB,SWHTBEBBAC1,S.W.I.F.T. SC
SWHTBEBB,SWHTBEBBAC2,S.W.I.F.T. SC
SWHTBEBB,SWHTBEBBAC3,S.W.I.F.T. SC
SWHTBEBB,SWHTBEBBXXX,S.W.I.F.T. SC
SWLIBEBB,SWLIBEBBXXX,S.W.I.F.T. SC
SWNBBEB2,SWNBBEB2XXX,SWAN
SWSNBEBB,SWSNBEBBXXX,S.W.I.F.T. SC
TELYBE22,TELYBE22XXX,TELECRYPTO BANK
TRGGBEB1,TRGGBEB1XXX,EUROCLEAR
TRIOBEBB,TRIOBEBBXXX,TRIODOS BANK
TRWIBE22,TRWIBE22XXX,WISE EUROPE S.A
TRWIBEB1,TRWIBEB1TIP,WISE EUROPE S.A
TRWIBEB1,TRWIBEB1XXX,WISE EUROPE S.A
TRWIBEB3,TRWIBEB3XXX,WISE EUROPE S.A
TRWIBEBB,TRWIBEBBXXX,WISE EUROPE S.A
TSFGBEB1,TSFGBEB1XXX,TEXAF
TUNZBEBB,TUNZBEBBXXX,WORLDLINE SA
UTWBBEBB,UTWBBEBBTGT,UNITED TAIWAN BANK S.A.
UTWBBEBB,UTWBBEBBXXX,UNITED TAIWAN BANK S.A.
VAPEBE21,VAPEBE21XXX,VAN DE PUT AND CO PRIVATE BANKERS
VAPEBE22,VAPEBE22XXX,VAN DE PUT AND CO PRIVATE BANKERS
VCAMBEB1,VCAMBEB1XXX,VERCAMMEN EN CO
VDHDBE41,VDHDBE41XXX,BANK DEGROOF PETERCAM
VDSPBE22,VDSPBE22XXX,VDK BANK
VDSPBE91,VDSPBE91XXX,VDK BANK
VGLABE21,VGLABE21XXX,VAN GLABBEEK AND CO
VGOEBE21,VGOEBE21XXX,BANK DEGROOF PETERCAM
VOFBBEB1,VOFBBEB1XXX,VOLKSWAGEN FINANCE BELGIUM
VPAYBEB1,VPAYBEB1XXX,VIVA PAYMENT SERVICES SOCIETE ANONYME
WAFABEBB,WAFABEBBANT,ATTIJARIWAFA BANK EUROPE SA
WAFABEBB,WAFABEBBTG2,ATTIJARIWAFA BANK EUROPE SA
WAFABEBB,WAFABEBBTPS,ATTIJARIWAFA BANK EUROPE SA
WAFABEBB,WAFABEBBXXX,ATTIJARIWAFA BANK EUROPE SA
WALGBE61,WALGBE61XXX,WALGARI
WBDWBE91,WBDWBE91XXX,WEGHSTEEN
XANTBE21,XANTBE21XXX,BEURS VAN ANTWERPEN (ANTWERP STOCK EXCHANGE)
XBFOBEB1,XBFOBEB1XXX,BELFOX (BELGIAN FUTURES AND OPTIONS EXCHANGE)
XEASBEB1,XEASBEB1XXX,EASDAQ S.A.
YWULBEB1,YWULBEB1XXX,WULLAERT EN CO
