bic_8,bic,bank
AGRIPLPR,AGRIPLPRXXX,CREDIT AGRICOLE BANK POLSKA S.A.
AIPOPLP1,AIPOPLP1XXX,SANTANDER CONSUMER BANK SPOLKA AKCYJNA
ALBPPLP1,ALBPPLP1BMW,ALIOR BANK SPOLKA AKCYJNA
ALBPPLPW,ALBPPLPWCUS,ALIOR BANK SPOLKA AKCYJNA
ALBPPLPW,ALBPPLPWXXX,ALIOR BANK SPOLKA AKCYJNA
BCIRPLPP,BCIRPLPPXXX,BANKING CIRCLE S.A. (SPOLKA AKCYJNA ODDZIAL W POLSCE)
BCITPLPW,BCITPLPWXXX,INTESA SANPAOLO SPA
BEDMPLP1,BEDMPLP1XXX,DOM MAKLERSKI BDM S.A.
BELDPLP1,BELDPLP1XXX,BANK SPOLDZIELCZY W BELSKU DUZYM
BIEZPLP1,BIEZPLP1XXX,BANK SPOLDZIELCZY W BIEZUNIU
BIGBPLPW,BIGBPLPWCUS,BANK MILLENNIUM S.A.
BIGBPLPW,BIGBPLPWXXX,BANK MILLENNIUM S.A.
BISPPLP1,BISPPLP1XXX,BANK INICJATYW SPOLECZNO- EKONOMICZNYCH S.A.
BKCHPLPX,BKCHPLPXXXX,BANK OF CHINA (EUROPE) S.A. SPOLKA AKCYJNA ODDZIAL W POLSCE
BLIKPLPW,BLIKPLPWXXX,POLSKI STANDARD PLATNOSCI SPOLKA AKCYJNA
BMDNPLP1,BMDNPLP1XXX,DNB BANK POLSKA SPOLKA AKCYJNA
BMPBPLPP,BMPBPLPPXXX,UNICREDIT S.A. SPOLKA AKCYJNA ODDZIAL W POLSCE
BNPAPLPX,BNPAPLPXXXX,BNP PARIBAS S.A. BRANCH IN POLAND
BONPPLP9,BONPPLP9XXX,BONDSPOT S.A.
BPHKPLP1,BPHKPLP1BMK,BANK BPH SPOLKA AKCYJNA
BPHKPLPK,BPHKPLPKCUS,BANK BPH SPOLKA AKCYJNA
BPHKPLPK,BPHKPLPKXXX,BANK BPH SPOLKA AKCYJNA
BPKHPLPG,BPKHPLPGXXX,PKO BANK HIPOTECZNY SA
BPKOPLPW,BPKOPLPWBIA,POWSZECHNA KASA OSZCZEDNOSCI BANK POLSKI SPOLKA AKCYJNA
BPKOPLPW,BPKOPLPWCSD,POWSZECHNA KASA OSZCZEDNOSCI BANK POLSKI SPOLKA AKCYJNA
BPKOPLPW,BPKOPLPWGDG,POWSZECHNA KASA OSZCZEDNOSCI BANK POLSKI SPOLKA AKCYJNA
BPKOPLPW,BPKOPLPWGOA,POWSZECHNA KASA OSZCZEDNOSCI BANK POLSKI SPOLKA AKCYJNA
BPKOPLPW,BPKOPLPWKAB,POWSZECHNA KASA OSZCZEDNOSCI BANK POLSKI SPOLKA AKCYJNA
BPKOPLPW,BPKOPLPWKRD,POWSZECHNA KASA OSZCZEDNOSCI BANK POLSKI SPOLKA AKCYJNA
BPKOPLPW,BPKOPLPWLDA,POWSZECHNA KASA OSZCZEDNOSCI BANK POLSKI SPOLKA AKCYJNA
BPKOPLPW,BPKOPLPWLUA,POWSZECHNA KASA OSZCZEDNOSCI BANK POLSKI SPOLKA AKCYJNA
BPKOPLPW,BPKOPLPWOLS,POWSZECHNA KASA OSZCZEDNOSCI BANK POLSKI SPOLKA AKCYJNA
BPKOPLPW,BPKOPLPWPOA,POWSZECHNA KASA OSZCZEDNOSCI BANK POLSKI SPOLKA AKCYJNA
BPKOPLPW,BPKOPLPWSEC,POWSZECHNA KASA OSZCZEDNOSCI BANK POLSKI SPOLKA AKCYJNA
BPKOPLPW,BPKOPLPWTDH,POWSZECHNA KASA OSZCZEDNOSCI BANK POLSKI SPOLKA AKCYJNA
BPKOPLPW,BPKOPLPWTOB,POWSZECHNA KASA OSZCZEDNOSCI BANK POLSKI SPOLKA AKCYJNA
BPKOPLPW,BPKOPLPWWAA,POWSZECHNA KASA OSZCZEDNOSCI BANK POLSKI SPOLKA AKCYJNA
BPKOPLPW,BPKOPLPWWRD,POWSZECHNA KASA OSZCZEDNOSCI BANK POLSKI SPOLKA AKCYJNA
BPKOPLPW,BPKOPLPWXXX,POWSZECHNA KASA OSZCZEDNOSCI BANK POLSKI SPOLKA AKCYJNA
BREXPLPW,BREXPLPWBIA,MBANK S.A. (FORMERLY BRE BANK S.A.)
BREXPLPW,BREXPLPWBIB,MBANK S.A. (FORMERLY BRE BANK S.A.)
BREXPLPW,BREXPLPWBYD,MBANK S.A. (FORMERLY BRE BANK S.A.)
BREXPLPW,BREXPLPWCUS,MBANK S.A. (FORMERLY BRE BANK S.A.)
BREXPLPW,BREXPLPWCZE,MBANK S.A. (FORMERLY BRE BANK S.A.)
BREXPLPW,BREXPLPWDKS,MBANK S.A. (FORMERLY BRE BANK S.A.)
BREXPLPW,BREXPLPWGDA,MBANK S.A. (FORMERLY BRE BANK S.A.)
BREXPLPW,BREXPLPWGDY,MBANK S.A. (FORMERLY BRE BANK S.A.)
BREXPLPW,BREXPLPWGOR,MBANK S.A. (FORMERLY BRE BANK S.A.)
BREXPLPW,BREXPLPWKAL,MBANK S.A. (FORMERLY BRE BANK S.A.)
BREXPLPW,BREXPLPWKAT,MBANK S.A. (FORMERLY BRE BANK S.A.)
BREXPLPW,BREXPLPWKIE,MBANK S.A. (FORMERLY BRE BANK S.A.)
BREXPLPW,BREXPLPWKOS,MBANK S.A. (FORMERLY BRE BANK S.A.)
BREXPLPW,BREXPLPWKRA,MBANK S.A. (FORMERLY BRE BANK S.A.)
BREXPLPW,BREXPLPWLOD,MBANK S.A. (FORMERLY BRE BANK S.A.)
BREXPLPW,BREXPLPWLUB,MBANK S.A. (FORMERLY BRE BANK S.A.)
BREXPLPW,BREXPLPWMBK,MBANK S.A. (FORMERLY BRE BANK S.A.)
BREXPLPW,BREXPLPWMDM,MBANK S.A. (FORMERLY BRE BANK S.A.)
BREXPLPW,BREXPLPWMUL,MBANK S.A. (FORMERLY BRE BANK S.A.)
BREXPLPW,BREXPLPWNWS,MBANK S.A. (FORMERLY BRE BANK S.A.)
BREXPLPW,BREXPLPWOLS,MBANK S.A. (FORMERLY BRE BANK S.A.)
BREXPLPW,BREXPLPWOMB,MBANK S.A. (FORMERLY BRE BANK S.A.)
BREXPLPW,BREXPLPWOPO,MBANK S.A. (FORMERLY BRE BANK S.A.)
BREXPLPW,BREXPLPWPOZ,MBANK S.A. (FORMERLY BRE BANK S.A.)
BREXPLPW,BREXPLPWRCO,MBANK S.A. (FORMERLY BRE BANK S.A.)
BREXPLPW,BREXPLPWRYB,MBANK S.A. (FORMERLY BRE BANK S.A.)
BREXPLPW,BREXPLPWRZE,MBANK S.A. (FORMERLY BRE BANK S.A.)
BREXPLPW,BREXPLPWSZC,MBANK S.A. (FORMERLY BRE BANK S.A.)
BREXPLPW,BREXPLPWTOR,MBANK S.A. (FORMERLY BRE BANK S.A.)
BREXPLPW,BREXPLPWWA1,MBANK S.A. (FORMERLY BRE BANK S.A.)
BREXPLPW,BREXPLPWWA2,MBANK S.A. (FORMERLY BRE BANK S.A.)
BREXPLPW,BREXPLPWWA3,MBANK S.A. (FORMERLY BRE BANK S.A.)
BREXPLPW,BREXPLPWWA4,MBANK S.A. (FORMERLY BRE BANK S.A.)
BREXPLPW,BREXPLPWWA5,MBANK S.A. (FORMERLY BRE BANK S.A.)
BREXPLPW,BREXPLPWWAL,MBANK S.A. (FORMERLY BRE BANK S.A.)
BREXPLPW,BREXPLPWWRO,MBANK S.A. (FORMERLY BRE BANK S.A.)
BREXPLPW,BREXPLPWXXX,MBANK S.A. (FORMERLY BRE BANK S.A.)
BREXPLPW,BREXPLPWZIE,MBANK S.A. (FORMERLY BRE BANK S.A.)
BSBAPLP1,BSBAPLP1XXX,BANK SPOLDZIELCZY W BIALYMSTOKU
BSBIPLP1,BSBIPLP1XXX,BANK SPOLDZIELCZY W BIALOBRZEGACH
BSGJPLP1,BSGJPLP1XXX,BANK SPOLDZIELCZY W GROJCU
BSGLPLP1,BSGLPLP1XXX,BANK SPOLDZIELCZY W GLOWNIE
BSGOPLP1,BSGOPLP1XXX,BANK SPOLDZIELCZY W GOWOROWIE
BSGRPLP1,BSGRPLP1XXX,BANK SPOLDZIELCZY W GRUDUSKU
BSKRPLP1,BSKRPLP1XXX,BANK SPOLDZIELCZY W KROSNIEWICACH
BSLCPLP1,BSLCPLP1XXX,BANK SPOLDZIELCZY W LESZNOWOLI
BSLPPLP1,BSLPPLP1XXX,BANK SPOLDZIELCZY W LAPACH
BSMLPLP1,BSMLPLP1XXX,BANK SPOLDZIELCZY W MLAWIE
BSOOPLP2,BSOOPLP2XXX,BANANK PL SPOLKA Z OGRANICZONA ODPOWIEDZIALNOSCIA
BSPIPLP1,BSPIPLP1XXX,BANK SPOLDZIELCZY W PIONKACH
BSPZPLPP,BSPZPLPPXXX,STABILLON SPOLKA Z OGRANICZONA ODPOWIEDZIALNOSCIA
BSRAPLP1,BSRAPLP1XXX,BANK SPOLDZIELCZY W RACIAZU
BSRLPLP1,BSRLPLP1XXX,BANK SPOLDZIELCZY RZEMIOSLA W LODZI
BSSOPLP1,BSSOPLP1XXX,BANK SPOLDZIELCZY W SOKOLACH
BSSTPLP1,BSSTPLP1XXX,BANK SPOLDZIELCZY W STRZYZOWIE
BSTRPLP1,BSTRPLP1XXX,BANK SPOLDZIELCZY W TERESINIE
BSWPPLP1,BSWPPLP1XXX,BANK SPOLDZIELCZY 'WSPOLNA PRACA' W KUTNIE
BSWRPLP1,BSWRPLP1XXX,BANK SPOLDZIELCZY W WARCE
BSZLPLP1,BSZLPLP1XXX,BANK SPOLDZIELCZY ZIEMI LOWICKIEJ W LOWICZU
CAIXPLPW,CAIXPLPWXXX,"CAIXABANK, S.A. (SPOLKA AKCYJNA) ODDZIAL W POLSCE"
CBOPPLP1,CBOPPLP1XXX,BANK POLSKA KASA OPIEKI S.A.
CITIPLPX,CITIPLPXBRO,"BANK HANDLOWY W, WARSZAWIE SA"
CITIPLPX,CITIPLPXCTI,"BANK HANDLOWY W, WARSZAWIE SA"
CITIPLPX,CITIPLPXXXX,"BANK HANDLOWY W, WARSZAWIE SA"
CNENPLP1,CNENPLP1XXX,CURRENCY ONE S.A.
CNSZPLP2,CNSZPLP2XXX,CONMODUM SPZOO
CSSNPLP1,CSSNPLP1XXX,CASPAR ASSET MANAGEMENT SPOLKA AKCYJNA
CTBSPLP1,CTBSPLP1XXX,CTBS S.A.
CUIMPLP1,CUIMPLP1XXX,AVIVA INVESTORS POLAND SPOLKA AKCYJNA W LIKWIDACJI
CULMPLP1,CULMPLP1XXX,WSCHODNI BANK SPOLDZIELCZY W CHELMIE
DABAPLPW,DABAPLPWXXX,DANSKE BANK A/S S.A. ODDZIAL W POLSCE
DDPPPLP1,DDPPPLP1XXX,DORADZTWO DLA POLSKICH PRZEDSIEBIORSTW SECURITIES S.A.
DEUTPL21,DEUTPL21XXX,DEUTSCHE BANK POLSKA S.A
DEUTPLPX,DEUTPLPXXXX,DEUTSCHE BANK POLSKA S.A
DIBRPLP1,DIBRPLP1XXX,MBANK SPOLKA AKCYJNA
DMAFPLP1,DMAFPLP1XXX,DOM MAKLERSKI AFS SP. Z O.O.
DMOSPLP1,DMOSPLP1XXX,DOM MAKLERSKI BANKU OCHRONY SRODOWISKA SA
DMPNPLP1,DMPNPLP1XXX,NOBLE SECURITIES SPOLKA AKCYJNA
DMTBPLP1,DMTBPLP1XXX,DOM MAKLERSKI TMS BROKERS S.A.
DOIIPLP1,DOIIPLP1XXX,VESTOR DOM MAKLERSKI S.A.
DOINPLP1,DOINPLP1XXX,DOM INWESTYCYJNY NEHREBETIUS S.A.
DOIXPLP1,DOIXPLP1XXX,DOM INWESTYCYJNY XELION SP. Z O.O.
DOMDPLP1,DOMDPLP1XXX,IDM SPOLKA AKCYJNA W UPADLOSCI UKLADOWEJ
DOMHPLP1,DOMHPLP1XXX,DOM MAKLERSKI BANKU HANDLOWEGO S.A.
DOMKPLP1,DOMKPLP1XXX,BANK POLSKA KASA OPIEKI S.A.
DOMNPLP1,DOMNPLP1XXX,DOM MAKLERSKI NAVIGATOR SA
DOMPPLP1,DOMPPLP1XXX,DOM MAKLERSKI PENETRATOR SA
DOMSPLP1,DOMSPLP1XXX,DOM MAKLERSKI BANKU BPS S.A.
DZLKPLP1,DZLKPLP1XXX,BANK SPOLDZIELCZY W DZIALDOWIE Z/S W LIDZBARKU
EBOSPLPW,EBOSPLPW005,BANK OCHRONY SRODOWISKA SA
EBOSPLPW,EBOSPLPW017,BANK OCHRONY SRODOWISKA SA
EBOSPLPW,EBOSPLPW018,BANK OCHRONY SRODOWISKA SA
EBOSPLPW,EBOSPLPW021,BANK OCHRONY SRODOWISKA SA
EBOSPLPW,EBOSPLPW034,BANK OCHRONY SRODOWISKA SA
EBOSPLPW,EBOSPLPW047,BANK OCHRONY SRODOWISKA SA
EBOSPLPW,EBOSPLPW050,BANK OCHRONY SRODOWISKA SA
EBOSPLPW,EBOSPLPW063,BANK OCHRONY SRODOWISKA SA
EBOSPLPW,EBOSPLPW076,BANK OCHRONY SRODOWISKA SA
EBOSPLPW,EBOSPLPW089,BANK OCHRONY SRODOWISKA SA
EBOSPLPW,EBOSPLPW102,BANK OCHRONY SRODOWISKA SA
EBOSPLPW,EBOSPLPW106,BANK OCHRONY SRODOWISKA SA
EBOSPLPW,EBOSPLPW119,BANK OCHRONY SRODOWISKA SA
EBOSPLPW,EBOSPLPW122,BANK OCHRONY SRODOWISKA SA
EBOSPLPW,EBOSPLPW135,BANK OCHRONY SRODOWISKA SA
EBOSPLPW,EBOSPLPW157,BANK OCHRONY SRODOWISKA SA
EBOSPLPW,EBOSPLPW199,BANK OCHRONY SRODOWISKA SA
EBOSPLPW,EBOSPLPW210,BANK OCHRONY SRODOWISKA SA
EBOSPLPW,EBOSPLPW216,BANK OCHRONY SRODOWISKA SA
EBOSPLPW,EBOSPLPW223,BANK OCHRONY SRODOWISKA SA
EBOSPLPW,EBOSPLPW229,BANK OCHRONY SRODOWISKA SA
EBOSPLPW,EBOSPLPW232,BANK OCHRONY SRODOWISKA SA
EBOSPLPW,EBOSPLPW245,BANK OCHRONY SRODOWISKA SA
EBOSPLPW,EBOSPLPW252,BANK OCHRONY SRODOWISKA SA
EBOSPLPW,EBOSPLPW258,BANK OCHRONY SRODOWISKA SA
EBOSPLPW,EBOSPLPW261,BANK OCHRONY SRODOWISKA SA
EBOSPLPW,EBOSPLPW274,BANK OCHRONY SRODOWISKA SA
EBOSPLPW,EBOSPLPW287,BANK OCHRONY SRODOWISKA SA
EBOSPLPW,EBOSPLPW290,BANK OCHRONY SRODOWISKA SA
EBOSPLPW,EBOSPLPW304,BANK OCHRONY SRODOWISKA SA
EBOSPLPW,EBOSPLPWCHA,BANK OCHRONY SRODOWISKA SA
EBOSPLPW,EBOSPLPWKIA,BANK OCHRONY SRODOWISKA SA
EBOSPLPW,EBOSPLPWLOA,BANK OCHRONY SRODOWISKA SA
EBOSPLPW,EBOSPLPWPIA,BANK OCHRONY SRODOWISKA SA
EBOSPLPW,EBOSPLPWSUA,BANK OCHRONY SRODOWISKA SA
EBOSPLPW,EBOSPLPWXXX,BANK OCHRONY SRODOWISKA SA
EBOSPLPW,EBOSPLPWZAA,BANK OCHRONY SRODOWISKA SA
EBPAPLP1,EBPAPLP1XXX,EBURY PARTNERS UK LIMITED
EBPBPLP2,EBPBPLP2XXX,EBURY PARTNERS BELGIUM NV SPOLKA AKCYJNA ODDZIAL W POLSCE
EKIRPLP1,EKIRPLP1XXX,KRAJOWA IZBA ROZLICZENIOWA S.A. (KIR S.A.)
EKIRPLPD,EKIRPLPDXXX,KRAJOWA IZBA ROZLICZENIOWA S.A. (KIR S.A.)
EKIRPLPW,EKIRPLPWXXX,KRAJOWA IZBA ROZLICZENIOWA S.A. (KIR S.A.)
EKIRPLS1,EKIRPLS1XXX,KRAJOWA IZBA ROZLICZENIOWA S.A. (KIR S.A.)
ENGAPLP1,ENGAPLP1XXX,ENGLAND.PL SP. Z O.O.
ERSPPLP1,ERSPPLP1XXX,ERSTE SECURITIES POLSKA S.A.
ESSEPLPW,ESSEPLPWXXX,"SKANDINAVISKA ENSKILDA BANKEN AB, SPOLKA AKCYJNA, ODDZIAL W POLSCE"
ESSIPLPX,ESSIPLPXXXX,"HAITONG BANK S.A., SPOLKA AKCYJNA ODDZIAL W POLSCE"
EUOTPLP1,EUOTPLP1XXX,EURORATING SP. Z O.O.
EXSRPLP1,EXSRPLP1XXX,EXPRESS BANK SPOLDZIELCZY W RZESZOW
FBPLPLPW,FBPLPLPWXXX,CA AUTO BANK SPA SPOLKA AKCYJNA ODDZIAL W POLSCE
FESKPLP2,FESKPLP2XXX,FENIGE SPOLKA AKCYJNA
FITMPLP1,FITMPLP1XXX,FIRST INTERNATIONAL TRADERS DOM MAKLERSKI SA
FNTMPLP2,FNTMPLP2XXX,FINTECOM SP. Z O.O.
FRIPPLP1,FRIPPLP1XXX,FITCH POLSKA SA
GASBPLP1,GASBPLP1XXX,BANK SPOLDZIELCZY W GASOCINIE
GASIPLP1,GASIPLP1XXX,GALPERIN SOLUTION LIMITED LIABILITY COMPANY
GBGCPLPK,GBGCPLPKXXX,VELOBANK S.A.
GBWCPLPP,GBWCPLPPXXX,SGB-BANK S.A.
GOSKPLPW,GOSKPLPWXXX,BANK GOSPODARSTWA KRAJOWEGO
GSIWPLP1,GSIWPLP1XXX,GOLDMAN SACHS INTERNATIONAL WARSAW BRANCH
GSPSPLP1,GSPSPLP1XXX,GOLDMAN SACHS POLAND SERVICES SPOLKA Z OGRANICZONA ODPOWIEDZ
GUAVPLPP,GUAVPLPPXXX,GUAVAPAY POLAND SPOLKA Z OGRANICZONA ODPOWIEDZIALNOSCIA
HAJNPLP1,HAJNPLP1XXX,BANK SPOLDZIELCZY W HAJNOWCE
HSBCPLPW,HSBCPLPWXXX,HSBC CONTINENTAL EUROPE (SPOLKA AKCYJNA) ODDZIAL W POLSCE
HVBKPLPW,HVBKPLPWXXX,WOORI BANK EUROPE GMBH SPOLKA Z OGRANICZONA ODPOWIEDZIALNOSCIA ODDZIAL W POLSCE
HYVEPLP2,HYVEPLP2XXX,PEKAO BANK HIPOTECZNY SA
IBKOPLPW,IBKOPLPWXXX,IBK BANK POLSKA SPOLKA AKCYJNA
ICBKPLPW,ICBKPLPWXXX,INDUSTRIAL AND COMMERCIAL BANK OF CHINA(EUROPE) S.A. (SPOLKA AKCYJNA) ODDZIAL W POLSCE
ICPLPLP1,ICPLPLP1XXX,INTERBANK FINANCIAL SERVICES SP. Z O.O.
IDMAPLP1,IDMAPLP1XXX,VESTOR DOM MAKLERSKI S.A.
IGTRPLP1,IGTRPLP1XXX,IGORIA TRADE SPOLKA AKCYJNA
IGTRPLPW,IGTRPLPWXXX,IGORIA TRADE SPOLKA AKCYJNA
IIMPPLP1,IIMPPLP1XXX,NN INVESTMENT PARTNERS TOWARZYSTWO FUNDUSZY INWESTYCYJNYCH SPOLKA AKCYJNA
INGBPLPH,INGBPLPHXXX,ING BANK HIPOTECZNY S.A.
INGBPLPW,INGBPLPWXXX,ING BANK SLASKI SA
IOTBPLP2,IOTBPLP2XXX,IO2B SPOLKA Z OGRANICZONA ODPOWIEDZIALNOSCIA
IPAGPLPL,IPAGPLPLXXX,"IPAGOO LLP, SPOLKA PARTNERSKA ODDZIAL"
IPSEPLP1,IPSEPLP1XXX,IPOPEMA SECURITIES S.A.
ISAOPLPP,ISAOPLPPXXX,AS INBANK SPOLKA AKCYJNA ODDZIAL W POLSCE
ITFIPLP1,ITFIPLP1XXX,NN INVESTMENT PARTNERS TOWARZYSTWO FUNDUSZY INWESTYCYJNYCH SPOLKA AKCYJNA
IVSEPLPP,IVSEPLPPXXX,PLUS BANK S.A.
KCCPPLPW,KCCPPLPW1AM,KDPW CCP S.A.
KCCPPLPW,KCCPPLPWASI,KDPW CCP S.A.
KCCPPLPW,KCCPPLPWOTC,KDPW CCP S.A.
KCCPPLPW,KCCPPLPWXXX,KDPW CCP S.A.
KDPWPLPA,KDPWPLPAASD,KRAJOWY DEPOZYT PAPIEROW WARTOSCIOWYCH SPOLKA AKCYJNA
KDPWPLPA,KDPWPLPAXXX,KRAJOWY DEPOZYT PAPIEROW WARTOSCIOWYCH SPOLKA AKCYJNA
KDPWPLPW,KDPWPLPW1AM,KRAJOWY DEPOZYT PAPIEROW WARTOSCIOWYCH SPOLKA AKCYJNA
KDPWPLPW,KDPWPLPWCAP,KRAJOWY DEPOZYT PAPIEROW WARTOSCIOWYCH SPOLKA AKCYJNA
KDPWPLPW,KDPWPLPWPEN,KRAJOWY DEPOZYT PAPIEROW WARTOSCIOWYCH SPOLKA AKCYJNA
KDPWPLPW,KDPWPLPWXXX,KRAJOWY DEPOZYT PAPIEROW WARTOSCIOWYCH SPOLKA AKCYJNA
KLESPLP1,KLESPLP1XXX,BANK SPOLDZIELCZY W KLESZCZOWIE
KOEXPLPP,KOEXPLPPXXX,KEB HANA BANK (D) AG SPOLKA AKCYJNA ODDZIAL W POLSCE
KOPWPLP1,KOPWPLP1KPW,KOMPANIA PIWOWARSKA S.A.
KOPWPLP1,KOPWPLP1XXX,KOMPANIA PIWOWARSKA S.A.
KRSPPLP2,KRSPPLP2XXX,KRAKOWSKI BANK SPOLDZIELCZY
KRSPPLPK,KRSPPLPKXXX,KRAKOWSKI BANK SPOLDZIELCZY
LIPNPLP1,LIPNPLP1XXX,BANK SPOLDZIELCZY W LIPNIE
MDMZPLP1,MDMZPLP1XXX,MERCURIUS DOM MAKLERSKI SP. Z.O.O.
MDOMPLP1,MDOMPLP1XXX,MILLENNIUM DOM MAKLERSKI S.A.
MGRZPLP1,MGRZPLP1XXX,BANK SPOLDZIELCZY W PRZYSUSZE
MHBFPLPW,MHBFPLPWXXX,DNB BANK POLSKA S.A.
MNAAPLP2,MNAAPLP2XXX,ACE EUROPE SP. Z O.O.
MOPZPLP2,MOPZPLP2XXX,MONEZIUM SP.Z.O.O
MSDMPLP2,MSDMPLP2XXX,MICHAEL STROM DOM MAKLERSKI S.A.
MSZCPLP1,MSZCPLP1XXX,BANK SPOLDZIELCZY W MSZCZONOWIE
NBPLPLPA,NBPLPLPAXXX,NARODOWY BANK POLSKI
NBPLPLPD,NBPLPLPDBFG,NARODOWY BANK POLSKI
NBPLPLPD,NBPLPLPDDSP,NARODOWY BANK POLSKI
NBPLPLPD,NBPLPLPDMFI,NARODOWY BANK POLSKI
NBPLPLPD,NBPLPLPDPRA,NARODOWY BANK POLSKI
NBPLPLPD,NBPLPLPDPRB,NARODOWY BANK POLSKI
NBPLPLPD,NBPLPLPDPRC,NARODOWY BANK POLSKI
NBPLPLPD,NBPLPLPDPRD,NARODOWY BANK POLSKI
NBPLPLPD,NBPLPLPDPRO,NARODOWY BANK POLSKI
NBPLPLPD,NBPLPLPDREZ,NARODOWY BANK POLSKI
NBPLPLPD,NBPLPLPDTST,NARODOWY BANK POLSKI
NBPLPLPD,NBPLPLPDWS1,NARODOWY BANK POLSKI
NBPLPLPD,NBPLPLPDWSS,NARODOWY BANK POLSKI
NBPLPLPD,NBPLPLPDXXX,NARODOWY BANK POLSKI
NBPLPLPW,NBPLPLPWBAN,NARODOWY BANK POLSKI
NBPLPLPW,NBPLPLPWCRD,NARODOWY BANK POLSKI
NBPLPLPW,NBPLPLPWKIR,NARODOWY BANK POLSKI
NBPLPLPW,NBPLPLPWSEA,NARODOWY BANK POLSKI
NBPLPLPW,NBPLPLPWSEB,NARODOWY BANK POLSKI
NBPLPLPW,NBPLPLPWXXX,NARODOWY BANK POLSKI
NESBPLPW,NESBPLPWFMB,NEST BANK S.A.
NESBPLPW,NESBPLPWXXX,NEST BANK S.A.
NOSJPLPP,NOSJPLPPXXX,BANK NOWY SPOLKA AKCYJNA
NOSWPLP1,NOSWPLP1XXX,BANK SPOLDZIELCZY W NOWYM STAWIE
NWDMPLP2,NWDMPLP2XXX,NWAI DOM MAKLERSKI S.A.
ODMSPLP1,ODMSPLP1XXX,OPERA DOM MAKLERSKI SP.Z O.O.
OSTRPLP1,OSTRPLP1XXX,BANK SPOLDZIELCZY W BRODNICY
PAMBPLP1,PAMBPLP1XXX,POLISH-AMERICAN MORTGAGE BANK INC.
PANXPLP2,PANXPLP2XXX,"UNIFIEDPOST PAYMENTS JOINT STOCK COMPANY, BRANCH IN POLAND"
PARBPLPX,PARBPLPXXXX,BNP PARIBAS S.A. BRANCH IN POLAND
PBSTPLP1,PBSTPLP1XXX,POWIATOWY BANK SPOLDZIELCZY W TOMASZOWIE MAZOWIECKIM
PCBCPLPW,PCBCPLPWXXX,CHINA CONSTRUCTION BANK(EUROPE) WARSAW BRANCH
PKOPPLPW,PKOPPLPWCUS,BANK POLSKA KASA OPIEKI SA
PKOPPLPW,PKOPPLPWKRA,BANK POLSKA KASA OPIEKI SA
PKOPPLPW,PKOPPLPWSMK,BANK POLSKA KASA OPIEKI SA
PKOPPLPW,PKOPPLPWXXX,BANK POLSKA KASA OPIEKI SA
POCZPLP4,POCZPLP4XXX,POCZTOWY BANK SA
PODSPLA1,PODSPLA1XXX,PODKARPACKI BANK SPOLDZIELCZY
PODSPLP1,PODSPLP1XXX,PODKARPACKI BANK SPOLDZIELCZY
POLUPLPR,POLUPLPRXXX,BANK POLSKIEJ SPOLDZIELCZOSCI SPOLKA AKCYJNA
POPOPLP1,POPOPLP1XXX,POCZTA POLSKA SPOLKA AKCYJNA
POROPLP1,POROPLP1XXX,THE POLISH REGISTRY OF ALLOWANCES
POSDPLP1,POSDPLP1XXX,POWIATOWY BANK SPOLDZIELCZY W KEDZIERZYNIE-KOZLU
POZNPLP1,POZNPLP1XXX,VOLKSWAGEN POZNAN SPOLKA Z OGRANICZONA ODPOWIEDZIALNOSCIA
PPABPLPK,PPABPLPKXXX,BNP PARIBAS BANK POLSKA S.A
PTFIPLP1,PTFIPLP1XXX,PKO TOWARZYSTWO FUNDUSZY INWESTYCYJNYCH SA
PTFIPLPW,PTFIPLPWAAP,PKO TOWARZYSTWO FUNDUSZY INWESTYCYJNYCH SA
PTFIPLPW,PTFIPLPWADG,PKO TOWARZYSTWO FUNDUSZY INWESTYCYJNYCH SA
PTFIPLPW,PTFIPLPWAKG,PKO TOWARZYSTWO FUNDUSZY INWESTYCYJNYCH SA
PTFIPLPW,PTFIPLPWAKT,PKO TOWARZYSTWO FUNDUSZY INWESTYCYJNYCH SA
PTFIPLPW,PTFIPLPWALF,PKO TOWARZYSTWO FUNDUSZY INWESTYCYJNYCH SA
PTFIPLPW,PTFIPLPWALS,PKO TOWARZYSTWO FUNDUSZY INWESTYCYJNYCH SA
PTFIPLPW,PTFIPLPWAMM,PKO TOWARZYSTWO FUNDUSZY INWESTYCYJNYCH SA
PTFIPLPW,PTFIPLPWAMS,PKO TOWARZYSTWO FUNDUSZY INWESTYCYJNYCH SA
PTFIPLPW,PTFIPLPWARA,PKO TOWARZYSTWO FUNDUSZY INWESTYCYJNYCH SA
PTFIPLPW,PTFIPLPWARE,PKO TOWARZYSTWO FUNDUSZY INWESTYCYJNYCH SA
PTFIPLPW,PTFIPLPWARJ,PKO TOWARZYSTWO FUNDUSZY INWESTYCYJNYCH SA
PTFIPLPW,PTFIPLPWARW,PKO TOWARZYSTWO FUNDUSZY INWESTYCYJNYCH SA
PTFIPLPW,PTFIPLPWARZ,PKO TOWARZYSTWO FUNDUSZY INWESTYCYJNYCH SA
PTFIPLPW,PTFIPLPWASZ,PKO TOWARZYSTWO FUNDUSZY INWESTYCYJNYCH SA
PTFIPLPW,PTFIPLPWBUR,PKO TOWARZYSTWO FUNDUSZY INWESTYCYJNYCH SA
PTFIPLPW,PTFIPLPWDEL,PKO TOWARZYSTWO FUNDUSZY INWESTYCYJNYCH SA
PTFIPLPW,PTFIPLPWDIA,PKO TOWARZYSTWO FUNDUSZY INWESTYCYJNYCH SA
PTFIPLPW,PTFIPLPWDUS,PKO TOWARZYSTWO FUNDUSZY INWESTYCYJNYCH SA
PTFIPLPW,PTFIPLPWE20,PKO TOWARZYSTWO FUNDUSZY INWESTYCYJNYCH SA
PTFIPLPW,PTFIPLPWE30,PKO TOWARZYSTWO FUNDUSZY INWESTYCYJNYCH SA
PTFIPLPW,PTFIPLPWE40,PKO TOWARZYSTWO FUNDUSZY INWESTYCYJNYCH SA
PTFIPLPW,PTFIPLPWE50,PKO TOWARZYSTWO FUNDUSZY INWESTYCYJNYCH SA
PTFIPLPW,PTFIPLPWE60,PKO TOWARZYSTWO FUNDUSZY INWESTYCYJNYCH SA
PTFIPLPW,PTFIPLPWE70,PKO TOWARZYSTWO FUNDUSZY INWESTYCYJNYCH SA
PTFIPLPW,PTFIPLPWECH,PKO TOWARZYSTWO FUNDUSZY INWESTYCYJNYCH SA
PTFIPLPW,PTFIPLPWEOS,PKO TOWARZYSTWO FUNDUSZY INWESTYCYJNYCH SA
PTFIPLPW,PTFIPLPWEWZ,PKO TOWARZYSTWO FUNDUSZY INWESTYCYJNYCH SA
PTFIPLPW,PTFIPLPWFAP,PKO TOWARZYSTWO FUNDUSZY INWESTYCYJNYCH SA
PTFIPLPW,PTFIPLPWFBL,PKO TOWARZYSTWO FUNDUSZY INWESTYCYJNYCH SA
PTFIPLPW,PTFIPLPWFDL,PKO TOWARZYSTWO FUNDUSZY INWESTYCYJNYCH SA
PTFIPLPW,PTFIPLPWFEO,PKO TOWARZYSTWO FUNDUSZY INWESTYCYJNYCH SA
PTFIPLPW,PTFIPLPWFGD,PKO TOWARZYSTWO FUNDUSZY INWESTYCYJNYCH SA
PTFIPLPW,PTFIPLPWFGM,PKO TOWARZYSTWO FUNDUSZY INWESTYCYJNYCH SA
PTFIPLPW,PTFIPLPWFGS,PKO TOWARZYSTWO FUNDUSZY INWESTYCYJNYCH SA
PTFIPLPW,PTFIPLPWFIB,PKO TOWARZYSTWO FUNDUSZY INWESTYCYJNYCH SA
PTFIPLPW,PTFIPLPWFMS,PKO TOWARZYSTWO FUNDUSZY INWESTYCYJNYCH SA
PTFIPLPW,PTFIPLPWFNK,PKO TOWARZYSTWO FUNDUSZY INWESTYCYJNYCH SA
PTFIPLPW,PTFIPLPWFOD,PKO TOWARZYSTWO FUNDUSZY INWESTYCYJNYCH SA
PTFIPLPW,PTFIPLPWFOS,PKO TOWARZYSTWO FUNDUSZY INWESTYCYJNYCH SA
PTFIPLPW,PTFIPLPWFOW,PKO TOWARZYSTWO FUNDUSZY INWESTYCYJNYCH SA
PTFIPLPW,PTFIPLPWFSD,PKO TOWARZYSTWO FUNDUSZY INWESTYCYJNYCH SA
PTFIPLPW,PTFIPLPWFSF,PKO TOWARZYSTWO FUNDUSZY INWESTYCYJNYCH SA
PTFIPLPW,PTFIPLPWFSK,PKO TOWARZYSTWO FUNDUSZY INWESTYCYJNYCH SA
PTFIPLPW,PTFIPLPWFSO,PKO TOWARZYSTWO FUNDUSZY INWESTYCYJNYCH SA
PTFIPLPW,PTFIPLPWFSS,PKO TOWARZYSTWO FUNDUSZY INWESTYCYJNYCH SA
PTFIPLPW,PTFIPLPWFSW,PKO TOWARZYSTWO FUNDUSZY INWESTYCYJNYCH SA
PTFIPLPW,PTFIPLPWGAM,PKO TOWARZYSTWO FUNDUSZY INWESTYCYJNYCH SA
PTFIPLPW,PTFIPLPWGPL,PKO TOWARZYSTWO FUNDUSZY INWESTYCYJNYCH SA
PTFIPLPW,PTFIPLPWMDG,PKO TOWARZYSTWO FUNDUSZY INWESTYCYJNYCH SA
PTFIPLPW,PTFIPLPWMER,PKO TOWARZYSTWO FUNDUSZY INWESTYCYJNYCH SA
PTFIPLPW,PTFIPLPWNED,PKO TOWARZYSTWO FUNDUSZY INWESTYCYJNYCH SA
PTFIPLPW,PTFIPLPWOBG,PKO TOWARZYSTWO FUNDUSZY INWESTYCYJNYCH SA
PTFIPLPW,PTFIPLPWOGL,PKO TOWARZYSTWO FUNDUSZY INWESTYCYJNYCH SA
PTFIPLPW,PTFIPLPWOKP,PKO TOWARZYSTWO FUNDUSZY INWESTYCYJNYCH SA
PTFIPLPW,PTFIPLPWORP,PKO TOWARZYSTWO FUNDUSZY INWESTYCYJNYCH SA
PTFIPLPW,PTFIPLPWP25,PKO TOWARZYSTWO FUNDUSZY INWESTYCYJNYCH SA
PTFIPLPW,PTFIPLPWP30,PKO TOWARZYSTWO FUNDUSZY INWESTYCYJNYCH SA
PTFIPLPW,PTFIPLPWP35,PKO TOWARZYSTWO FUNDUSZY INWESTYCYJNYCH SA
PTFIPLPW,PTFIPLPWP40,PKO TOWARZYSTWO FUNDUSZY INWESTYCYJNYCH SA
PTFIPLPW,PTFIPLPWP45,PKO TOWARZYSTWO FUNDUSZY INWESTYCYJNYCH SA
PTFIPLPW,PTFIPLPWP50,PKO TOWARZYSTWO FUNDUSZY INWESTYCYJNYCH SA
PTFIPLPW,PTFIPLPWP55,PKO TOWARZYSTWO FUNDUSZY INWESTYCYJNYCH SA
PTFIPLPW,PTFIPLPWP60,PKO TOWARZYSTWO FUNDUSZY INWESTYCYJNYCH SA
PTFIPLPW,PTFIPLPWP65,PKO TOWARZYSTWO FUNDUSZY INWESTYCYJNYCH SA
PTFIPLPW,PTFIPLPWP70,PKO TOWARZYSTWO FUNDUSZY INWESTYCYJNYCH SA
PTFIPLPW,PTFIPLPWPAK,PKO TOWARZYSTWO FUNDUSZY INWESTYCYJNYCH SA
PTFIPLPW,PTFIPLPWPAS,PKO TOWARZYSTWO FUNDUSZY INWESTYCYJNYCH SA
PTFIPLPW,PTFIPLPWPOB,PKO TOWARZYSTWO FUNDUSZY INWESTYCYJNYCH SA
PTFIPLPW,PTFIPLPWPPI,PKO TOWARZYSTWO FUNDUSZY INWESTYCYJNYCH SA
PTFIPLPW,PTFIPLPWRUB,PKO TOWARZYSTWO FUNDUSZY INWESTYCYJNYCH SA
PTFIPLPW,PTFIPLPWSGM,PKO TOWARZYSTWO FUNDUSZY INWESTYCYJNYCH SA
PTFIPLPW,PTFIPLPWSIG,PKO TOWARZYSTWO FUNDUSZY INWESTYCYJNYCH SA
PTFIPLPW,PTFIPLPWSUR,PKO TOWARZYSTWO FUNDUSZY INWESTYCYJNYCH SA
PTFIPLPW,PTFIPLPWSZA,PKO TOWARZYSTWO FUNDUSZY INWESTYCYJNYCH SA
PTFIPLPW,PTFIPLPWSZM,PKO TOWARZYSTWO FUNDUSZY INWESTYCYJNYCH SA
PTFIPLPW,PTFIPLPWXXX,PKO TOWARZYSTWO FUNDUSZY INWESTYCYJNYCH SA
PZUAPLP1,PZUAPLP1XXX,PZU ASSET MANAGEMET SA
PZUSPLPP,PZUSPLPPXXX,POWSZECHNY ZAKLAD UBEZPIECZEN SPOLKA AKCYJNA
PZUZPLPP,PZUZPLPPXXX,POWSZECHNY ZAKLAD UBEZPIECZEN NA ZYCIE SPOLKA AKCYJNA
QPAYPLP2,QPAYPLP2BNK,QIUNTEX PAY SP. Z O.O.
QPAYPLP2,QPAYPLP2QIB,QIUNTEX PAY SP. Z O.O.
QPAYPLP2,QPAYPLP2XXX,QIUNTEX PAY SP. Z O.O.
RATIPLP1,RATIPLP1XXX,INC RATING SP. Z O.O.
RHBHPLPW,RHBHPLPWXXX,MBANK HIPOTECZNY SA
SBELPLP1,SBELPLP1XXX,BANK SPOLDZIELCZY W BELCHATOWIE
SBLEPLP1,SBLEPLP1XXX,BRANIEWSKO - PASLECKI BANK SPOLDZIELCZY Z SIEDZIBA W PASLEKU
SCCUPLP1,SCCUPLP1XXX,SANTANDER SECURITIES S.A.
SCFBPLPW,SCFBPLPWXXX,SANTANDER CONSUMER BANK SA
SESNPLP1,SESNPLP1XXX,SECUS ASSET MANAGEMENT SA
SKARPLP1,SKARPLP1XXX,BANK SPOLDZIELCZY W SKARYSZEWIE
SKOKPLPW,SKOKPLPWXXX,KRAJOWA SPOLDZIELCZA KASA OSZCZEDNOSCIOWO-KREDYTOWA
SLIPPLP1,SLIPPLP1XXX,BANK SPOLDZIELCZY W LIPSKU
SOGEPLPW,SOGEPLPWXXX,SOCIETE GENERALE SPOLKA AKCYJNA ODDZIAL W POLSCE
SOPBPLP1,SOPBPLP1XXX,BANK SPOLDZIELCZY TOWARZYSTWO OSZCZEDNOSCIOWO POZYCZKOWE PA CO BANK W PABIANICACH
SPBCPLPP,SPBCPLPPXXX,BANK SPOLDZIELCZY W BYDGOSZCZY
SPBNPLP1,SPBNPLP1XXX,BANK SPOLDZIELCZY W BRANSKU
SPBOPLP1,SPBOPLP1XXX,BANK SPOLDZIELCZY W BRODNICY
SPBOPLPW,SPBOPLPWXXX,BANK SPOLDZIELCZY W BRODNICY
SPCEPLP1,SPCEPLP1XXX,BANK SPOLDZIELCZY W CZERSKU
SPCYPLP1,SPCYPLP1XXX,BANK SPOLDZIELCZY W CHYNOWIE
SPDDPLP1,SPDDPLP1XXX,BANK SPOLDZIELCZY W KADZIDLE
SPERPLP1,SPERPLP1XXX,BANK SPOLDZIELCZY W PRZEDBORZU
SPGBPLP1,SPGBPLP1XXX,BANK SPOLDZIELCZY W GABINIE
SPGIPLP1,SPGIPLP1XXX,BANK SPOLDZIELCZY W GLINOJECKU
SPHLPLP1,SPHLPLP1XXX,BANK SPOLDZIELCZY W HALINOWIE
SPILPLP1,SPILPLP1XXX,BANK SPOLDZIELCZY W ILOWIE
SPJEPLP1,SPJEPLP1XXX,POLUDNIOWO-MAZOWIECKI BS W JEDLINSKU
SPMLPLP1,SPMLPLP1XXX,BANK SPOLDZIELCZY W MALBORKU
SPMPPLP1,SPMPPLP1XXX,BANK SPOLDZIELCZY 'MAZOWSZE' W PLOCKU
SPNIPLP1,SPNIPLP1XXX,BANK SPOLDZIELCZY W NASIELSKU
SPOPPLP1,SPOPPLP1XXX,BANK SPOLDZIELCZY W OPOCZNIE
SPPUPLP1,SPPUPLP1XXX,BANK SPOLDZIELCZY W PULTUSKU
SPTOPLP1,SPTOPLP1XXX,BANK SPOLDZIELCZY W TARNOBRZEGU
SPWCPLP1,SPWCPLP1XXX,BANK SPOLDZIELCZY W GLOWACZOWIE
SPWSPLP1,SPWSPLP1XXX,BANK SPOLDZIELCZY W WISKITKACH
SPYYPLP1,SPYYPLP1XXX,KURPIOWSKI BANK SPOLDZIELCZY W MYSZYNCU
SPZKPLP1,SPZKPLP1XXX,BANK SPOLDZIELCZY RZEMIOSLA W KRAKOWIE
SPZOPLP1,SPZOPLP1XXX,BANK SPOLDZIELCZY W ZWOLENIU
SPZUPLP1,SPZUPLP1XXX,BANK SPOLDZIELCZY W ZUROMINIE
SRZKPLPK,SRZKPLPKXXX,BANK SPOLDZIELCZY RZEMIOSLA W KRAKOWIE
SSOPPLP2,SSOPPLP2XXX,SPEEDY AG SPOLKA Z OGRANICZONA ODPOWIEDZIALNOSCIA
SSTYPLP1,SSTYPLP1XXX,BANK SPOLDZIELCZY W STRYKOWIE
STIIPLP1,STIIPLP1XXX,BANK SPOLDZIELCZY W STAREJ BIALEJ
SUSRPLP1,SUSRPLP1XXX,SUPREMA SECURITIES S.A.
SZLLPLP1,SZLLPLP1XXX,BANK SPOLDZIELCZY ZIEMI LECZYCKIEJ W LECZYCY
SZTUPLP1,SZTUPLP1XXX,VIENNA LIFE TOWARZYSTWO UBEZPIECZEN NA ZYCIE S.A. VIENNA INSURANCE GROU
TBDMPLP1,TBDMPLP1XXX,X-TRADE BROKERS DOM MAKLERSKI SA
TOBAPLPW,TOBAPLPWXXX,TOYOTA BANK POLSKA S.A.
TOFNPLPP,TOFNPLPPXXX,TOWARZYSTWO FUNDUSZY INWESTYCYJNYCH PZU SA
TPEOPLPW,TPEOPLPWAAS,PEKAO TOWARZYSTWO FUNDUSZY INWESTYCYJNYCH SPOLKA AKCYJNA
TPEOPLPW,TPEOPLPWARW,PEKAO TOWARZYSTWO FUNDUSZY INWESTYCYJNYCH SPOLKA AKCYJNA
TPEOPLPW,TPEOPLPWASZ,PEKAO TOWARZYSTWO FUNDUSZY INWESTYCYJNYCH SPOLKA AKCYJNA
TPEOPLPW,TPEOPLPWAUS,PEKAO TOWARZYSTWO FUNDUSZY INWESTYCYJNYCH SPOLKA AKCYJNA
TPEOPLPW,TPEOPLPWB15,PEKAO TOWARZYSTWO FUNDUSZY INWESTYCYJNYCH SPOLKA AKCYJNA
TPEOPLPW,TPEOPLPWBOW,PEKAO TOWARZYSTWO FUNDUSZY INWESTYCYJNYCH SPOLKA AKCYJNA
TPEOPLPW,TPEOPLPWCHI,PEKAO TOWARZYSTWO FUNDUSZY INWESTYCYJNYCH SPOLKA AKCYJNA
TPEOPLPW,TPEOPLPWDA2,PEKAO TOWARZYSTWO FUNDUSZY INWESTYCYJNYCH SPOLKA AKCYJNA
TPEOPLPW,TPEOPLPWDUS,PEKAO TOWARZYSTWO FUNDUSZY INWESTYCYJNYCH SPOLKA AKCYJNA
TPEOPLPW,TPEOPLPWEKO,PEKAO TOWARZYSTWO FUNDUSZY INWESTYCYJNYCH SPOLKA AKCYJNA
TPEOPLPW,TPEOPLPWKOM,PEKAO TOWARZYSTWO FUNDUSZY INWESTYCYJNYCH SPOLKA AKCYJNA
TPEOPLPW,TPEOPLPWKON,PEKAO TOWARZYSTWO FUNDUSZY INWESTYCYJNYCH SPOLKA AKCYJNA
TPEOPLPW,TPEOPLPWKOP,PEKAO TOWARZYSTWO FUNDUSZY INWESTYCYJNYCH SPOLKA AKCYJNA
TPEOPLPW,TPEOPLPWMEG,PEKAO TOWARZYSTWO FUNDUSZY INWESTYCYJNYCH SPOLKA AKCYJNA
TPEOPLPW,TPEOPLPWOBP,PEKAO TOWARZYSTWO FUNDUSZY INWESTYCYJNYCH SPOLKA AKCYJNA
TPEOPLPW,TPEOPLPWODO,PEKAO TOWARZYSTWO FUNDUSZY INWESTYCYJNYCH SPOLKA AKCYJNA
TPEOPLPW,TPEOPLPWODP,PEKAO TOWARZYSTWO FUNDUSZY INWESTYCYJNYCH SPOLKA AKCYJNA
TPEOPLPW,TPEOPLPWOEP,PEKAO TOWARZYSTWO FUNDUSZY INWESTYCYJNYCH SPOLKA AKCYJNA
TPEOPLPW,TPEOPLPWOST,PEKAO TOWARZYSTWO FUNDUSZY INWESTYCYJNYCH SPOLKA AKCYJNA
TPEOPLPW,TPEOPLPWP20,PEKAO TOWARZYSTWO FUNDUSZY INWESTYCYJNYCH SPOLKA AKCYJNA
TPEOPLPW,TPEOPLPWP25,PEKAO TOWARZYSTWO FUNDUSZY INWESTYCYJNYCH SPOLKA AKCYJNA
TPEOPLPW,TPEOPLPWP30,PEKAO TOWARZYSTWO FUNDUSZY INWESTYCYJNYCH SPOLKA AKCYJNA
TPEOPLPW,TPEOPLPWP35,PEKAO TOWARZYSTWO FUNDUSZY INWESTYCYJNYCH SPOLKA AKCYJNA
TPEOPLPW,TPEOPLPWP40,PEKAO TOWARZYSTWO FUNDUSZY INWESTYCYJNYCH SPOLKA AKCYJNA
TPEOPLPW,TPEOPLPWP45,PEKAO TOWARZYSTWO FUNDUSZY INWESTYCYJNYCH SPOLKA AKCYJNA
TPEOPLPW,TPEOPLPWP50,PEKAO TOWARZYSTWO FUNDUSZY INWESTYCYJNYCH SPOLKA AKCYJNA
TPEOPLPW,TPEOPLPWP55,PEKAO TOWARZYSTWO FUNDUSZY INWESTYCYJNYCH SPOLKA AKCYJNA
TPEOPLPW,TPEOPLPWP60,PEKAO TOWARZYSTWO FUNDUSZY INWESTYCYJNYCH SPOLKA AKCYJNA
TPEOPLPW,TPEOPLPWP65,PEKAO TOWARZYSTWO FUNDUSZY INWESTYCYJNYCH SPOLKA AKCYJNA
TPEOPLPW,TPEOPLPWP70,PEKAO TOWARZYSTWO FUNDUSZY INWESTYCYJNYCH SPOLKA AKCYJNA
TPEOPLPW,TPEOPLPWPAD,PEKAO TOWARZYSTWO FUNDUSZY INWESTYCYJNYCH SPOLKA AKCYJNA
TPEOPLPW,TPEOPLPWPAE,PEKAO TOWARZYSTWO FUNDUSZY INWESTYCYJNYCH SPOLKA AKCYJNA
TPEOPLPW,TPEOPLPWPDA,PEKAO TOWARZYSTWO FUNDUSZY INWESTYCYJNYCH SPOLKA AKCYJNA
TPEOPLPW,TPEOPLPWPDS,PEKAO TOWARZYSTWO FUNDUSZY INWESTYCYJNYCH SPOLKA AKCYJNA
TPEOPLPW,TPEOPLPWPFI,PEKAO TOWARZYSTWO FUNDUSZY INWESTYCYJNYCH SPOLKA AKCYJNA
TPEOPLPW,TPEOPLPWPOD,PEKAO TOWARZYSTWO FUNDUSZY INWESTYCYJNYCH SPOLKA AKCYJNA
TPEOPLPW,TPEOPLPWPOS,PEKAO TOWARZYSTWO FUNDUSZY INWESTYCYJNYCH SPOLKA AKCYJNA
TPEOPLPW,TPEOPLPWSEN,PEKAO TOWARZYSTWO FUNDUSZY INWESTYCYJNYCH SPOLKA AKCYJNA
TPEOPLPW,TPEOPLPWSGD,PEKAO TOWARZYSTWO FUNDUSZY INWESTYCYJNYCH SPOLKA AKCYJNA
TPEOPLPW,TPEOPLPWSGF,PEKAO TOWARZYSTWO FUNDUSZY INWESTYCYJNYCH SPOLKA AKCYJNA
TPEOPLPW,TPEOPLPWSGK,PEKAO TOWARZYSTWO FUNDUSZY INWESTYCYJNYCH SPOLKA AKCYJNA
TPEOPLPW,TPEOPLPWSIN,PEKAO TOWARZYSTWO FUNDUSZY INWESTYCYJNYCH SPOLKA AKCYJNA
TPEOPLPW,TPEOPLPWSRR,PEKAO TOWARZYSTWO FUNDUSZY INWESTYCYJNYCH SPOLKA AKCYJNA
TPEOPLPW,TPEOPLPWSTW,PEKAO TOWARZYSTWO FUNDUSZY INWESTYCYJNYCH SPOLKA AKCYJNA
TPEOPLPW,TPEOPLPWXXX,PEKAO TOWARZYSTWO FUNDUSZY INWESTYCYJNYCH SPOLKA AKCYJNA
TPEOPLPW,TPEOPLPWZRA,PEKAO TOWARZYSTWO FUNDUSZY INWESTYCYJNYCH SPOLKA AKCYJNA
TPEOPLPW,TPEOPLPWZRO,PEKAO TOWARZYSTWO FUNDUSZY INWESTYCYJNYCH SPOLKA AKCYJNA
TRBKPLPP,TRBKPLPPXXX,TRADE REPUBLIC BANK GMBH SPOLKA Z OGRANICZONA ODPOWIEDZIALNOSCIAODDZIAL W POLSCE
TROMPLP1,TROMPLP1XXX,TRIGON DOM MAKLERSKI S.A.
UPSAPLP1,UPSAPLP1XXX,PEKAO INVESTMENT BANKING S.A. AKCYJNA
VOWAPLP1,VOWAPLP1XXX,VOLKSWAGEN BANK GMBH SPOLKA Z OGRANICZONA ODPOWIEDZIALNOSCIA ODDZIAL W POLSCE
VOWAPLP9,VOWAPLP9XXX,VOLKSWAGEN BANK GMBH SPOLKA Z OGRANICZONA ODPOWIEDZIALNOSCIA ODDZIAL W POLSCE
VPAYPLP2,VPAYPLP2XXX,VIVA PAYMENT SERVICES SPOLKA AKCYJNA ODDZIAL W POLSCE
WARTPLPW,WARTPLPWXXX,TOWARZYSTWO UBEZPIECZEN I REASEKURACJI WARTA SPOLKA AKCYJNA
WASWPLP1,WASWPLP1XXX,BANK SPOLDZIELCZY W WASEWIE
WBKPPLP1,WBKPPLP1CCP,SANTANDER BANK POLSKA S.A.
WBKPPLPP,WBKPPLPPCBM,SANTANDER BANK POLSKA S.A.
WBKPPLPP,WBKPPLPPXXX,SANTANDER BANK POLSKA S.A.
WCFSPLP1,WCFSPLP1XXX,WOOD AND COMPANY FINANCIAL SERVICES A.S. POLISH BRANCH
WSPDPLPP,WSPDPLPPXXX,WARMINSKO-MAZURSKI BANK SPOLDZIELCZY (WARMIA MASURIA COOPERATIVE BANK)
XWARPLP1,XWARPLP1XXX,GIELDA PAPIEROW WARTOSCIOWYCH W WARSZAWIE SPOLKA AKCYJNA
ZIPIPLP1,ZIPIPLP1XXX,BS ZIEMI PIOTRKOWSKIEJ
ZUSPPLP1,ZUSPPLP1XXX,ZULAWSKI BANK SPOLDZIELCZY
