bic_8,bic,bank
ACCNNZ21,ACCNNZ21XXX,ACCIDENT COMPENSATION CORPORATION
ACCNNZ2B,ACCNNZ2BXXX,ACCIDENT COMPENSATION CORPORATION
ANZBNZ22,ANZBNZ22058,ANZ BANK NEW ZEALAND LIMITED
ANZBNZ22,ANZBNZ22102,ANZ BANK NEW ZEALAND LIMITED
ANZBNZ22,ANZBNZ22797,ANZ BANK NEW ZEALAND LIMITED
ANZBNZ22,ANZBNZ22XXX,ANZ BANK NEW ZEALAND LIMITED
ANZINZ21,ANZINZ21XXX,ANZ NEW ZEALAND INVESTMENTS LIMITED
ASBBNZ2A,ASBBNZ2ACLS,ASB BANK LIMITED
ASBBNZ2A,ASBBNZ2AFXD,ASB BANK LIMITED
ASBBNZ2A,ASBBNZ2AITS,ASB BANK LIMITED
ASBBNZ2A,ASBBNZ2AMMD,ASB BANK LIMITED
ASBBNZ2A,ASBBNZ2ASEC,ASB BANK LIMITED
ASBBNZ2A,ASBBNZ2AXXX,ASB BANK LIMITED
AUSLNZ21,AUSLNZ21XXX,AUCKLAND SAVINGS AND LOAN LIMITED
BARBNZ2A,BARBNZ2AXXX,BANK OF BARODA (NEW ZELAND) LTD
BATSNZA1,BATSNZA1XXX,BRITISH AMERICAN TOBACCO (NEW ZEALAND) LIMITED
BKCHNZ22,BKCHNZ22XXX,BANK OF CHINA (NEW ZEALAND) LIMITED
BKCHNZ2A,BKCHNZ2AXXX,BANK OF CHINA LIMITED
BKIDNZ2A,BKIDNZ2AXXX,BANK OF INDIA (NEW ZEALAND) LIMITED
BKNZNZ22,BKNZNZ22100,BANK OF NEW ZEALAND
BKNZNZ22,BKNZNZ22500,BANK OF NEW ZEALAND
BKNZNZ22,BKNZNZ22800,BANK OF NEW ZEALAND
BKNZNZ22,BKNZNZ22900,BANK OF NEW ZEALAND
BKNZNZ22,BKNZNZ22985,BANK OF NEW ZEALAND
BKNZNZ22,BKNZNZ22XXX,BANK OF NEW ZEALAND
BOTKNZ2A,BOTKNZ2AXXX,"MUFG BANK, LTD."
BUTWNZ21,BUTWNZ21XXX,UBS NEW ZEALAND LTD
CENFNZ21,CENFNZ21XXX,CENTURION FINANCE LIMITED
CEVENZ21,CEVENZ21XXX,NZ COMMERCIAL VENTURES LIMITED
CGIPNZ22,CGIPNZ22XXX,CRAIGS INVESTMENT PARTNERS LTD
CHASNZ2A,CHASNZ2AACC,"JPMORGAN CHASE BANK, N.A. NEW ZEALAND BRANCH"
CHASNZ2A,CHASNZ2ACCS,"JPMORGAN CHASE BANK, N.A. NEW ZEALAND BRANCH"
CHASNZ2A,CHASNZ2ACHA,"JPMORGAN CHASE BANK, N.A. NEW ZEALAND BRANCH"
CHASNZ2A,CHASNZ2ASHR,"JPMORGAN CHASE BANK, N.A. NEW ZEALAND BRANCH"
CHASNZ2A,CHASNZ2AVLT,"JPMORGAN CHASE BANK, N.A. NEW ZEALAND BRANCH"
CHASNZ2A,CHASNZ2AXXX,"JPMORGAN CHASE BANK, N.A. NEW ZEALAND BRANCH"
CITINZ21,CITINZ2102W,"CITIBANK N.A., NEW ZEALAND BRANCH"
CITINZ2X,CITINZ2X54X,"CITIBANK N.A., NEW ZEALAND BRANCH"
CITINZ2X,CITINZ2XAMG,"CITIBANK N.A., NEW ZEALAND BRANCH"
CITINZ2X,CITINZ2XCOP,"CITIBANK N.A., NEW ZEALAND BRANCH"
CITINZ2X,CITINZ2XWWF,"CITIBANK N.A., NEW ZEALAND BRANCH"
CITINZ2X,CITINZ2XXXX,"CITIBANK N.A., NEW ZEALAND BRANCH"
COVONZ21,COVONZ21XXX,BNP PARIBAS FUND SERVICES AUSTRALASIA PTY LTD
CPNRNZ22,CPNRNZ22XXX,COMPUTERSHARE INVESTOR SERVICES LTD
CPRYNZZ2,CPRYNZZ2XXX,CORPAY (NZ) LIMITED
CRGGNZ21,CRGGNZ21XXX,CRAIGS INVESTMENT PARTNERS LIMITED
CURRNZ21,CURRNZ21XXX,CURRENCY ONLINE LIMITED
CZNBNZ2A,CZNBNZ2AXXX,"KOOKMIN BANK, AUCKLAND BRANCH"
DEFMNZ21,DEFMNZ21XXX,DEVON FUNDS MANAGEMENT
EMEGNZ22,EMEGNZ22XXX,EMERGE GROUP LIMITED
EMGLNZ22,EMGLNZ22XXX,EMERGE GROUP LIMITED
ESASNZ2A,ESASNZ2AXXX,RESERVE BANK OF NEW ZEALAND
FCASNZ22,FCASNZ22XXX,JARDEN SECURITIES LIMITED
FEXONZ21,FEXONZ21XXX,FEXCO (NZ) LIMITED
FFFXNZ21,FFFXNZ21XXX,FIRMA FOREIGN EXCHANGE CORPORATION (NZ) LTD
FICQNZ21,FICQNZ21XXX,JARDEN SECURITIES LIMITED
FORBNZ21,FORBNZ21XXX,FORSYTH BARR LIMITED
FORBNZ23,FORBNZ23XXX,FORSYTH BARR LIMITED
FRFMNZ2A,FRFMNZ2AXXX,FISHER FUNDS MANAGEMENT LIMITED
GINMNZ22,GINMNZ22XXX,GENERATE INVESTMENT MANAGEMENT LIMITED
GMIPNZ21,GMIPNZ21XXX,GARETH MORGAN INVESTMENTS LIMITED PARTNERSHIP
GNZSNZ2A,GNZSNZ2AXXX,GUARDIANS OF NEW ZEALAND SUPERANNUATION
GOUSNZ21,GOUSNZ21XXX,GOULD STEELE AND CO.
GSNZNZ21,GSNZNZ21XXX,GOLDMAN SACHS NEW ZEALAND LIMITED
GUAVNZ22,GUAVNZ22XXX,GUAVAPAY NZ LIMITED
HAAMNZ21,HAAMNZ21XXX,HARBOUR ASSET MANAGEMENT LIMITED
HAAMNZ2B,HAAMNZ2BXXX,HARBOUR ASSET MANAGEMENT LIMITED
HAHGNZ21,HAHGNZ21XXX,HAMILTON HINDIN GREENE LIMITED
HEATNZ22,HEATNZ22XXX,HEARTLAND BANK LIMITED
HIFXNZ2A,HIFXNZ2AXXX,HIFX LIMITED
HSBCNZ2A,HSBCNZ2ACHC,THE HONGKONG AND SHANGHAI BANKING CORPORATION LIMITED
HSBCNZ2A,HSBCNZ2ACLS,THE HONGKONG AND SHANGHAI BANKING CORPORATION LIMITED
HSBCNZ2A,HSBCNZ2AGPI,THE HONGKONG AND SHANGHAI BANKING CORPORATION LIMITED
HSBCNZ2A,HSBCNZ2AWLT,THE HONGKONG AND SHANGHAI BANKING CORPORATION LIMITED
HSBCNZ2A,HSBCNZ2AXXX,THE HONGKONG AND SHANGHAI BANKING CORPORATION LIMITED
ICBKNZ22,ICBKNZ22XXX,INDUSTRIAL AND COMMERCIAL BANK OF CHINA LIMITED
ICBKNZ2A,ICBKNZ2AXXX,INDUSTRIAL AND COMMERCIAL BANK OF CHINA (NEW ZEALAND) LIMITED
JBNMNZ21,JBNMNZ21XXX,JBWERE (NZ) NOMINEES LIMITED
JBWANZ21,JBWANZ21XXX,GOLDMAN SACHS NEW ZEALAND LIMITED
KIWINZ22,KIWINZ22XXX,KIWIBANK LIMITED
KTECNZ21,KTECNZ21NRG,KTEC NZ LIMITED
KTECNZ21,KTECNZ21XXX,KTEC NZ LIMITED
LEEFNZ21,LEEFNZ21XXX,LEVERAGED EQUITIES FINANCE LTD
MACQNZ21,MACQNZ21XXX,HOBSON WEALTH PARTNERS LIMITED
MDCFNZ21,MDCFNZ21001,MORGAN DEVERE CORPORATE FINANCE LIMITED
MDCFNZ21,MDCFNZ21XXX,MORGAN DEVERE CORPORATE FINANCE LIMITED
MIANNZ21,MIANNZ21XXX,MILFORD ASSET MANAGEMENT
MMCCNZ21,MMCCNZ21BTW,APEX INVESTMENT ADMINISTRATION (NZ) LIMITED
MMCCNZ21,MMCCNZ21CPT,APEX INVESTMENT ADMINISTRATION (NZ) LIMITED
MMCCNZ21,MMCCNZ21HOB,APEX INVESTMENT ADMINISTRATION (NZ) LIMITED
MMCCNZ21,MMCCNZ21KWL,APEX INVESTMENT ADMINISTRATION (NZ) LIMITED
MMCCNZ21,MMCCNZ21MIL,APEX INVESTMENT ADMINISTRATION (NZ) LIMITED
MMCCNZ21,MMCCNZ21MIN,APEX INVESTMENT ADMINISTRATION (NZ) LIMITED
MMCCNZ21,MMCCNZ21PGT,APEX INVESTMENT ADMINISTRATION (NZ) LIMITED
MMCCNZ21,MMCCNZ21PIE,APEX INVESTMENT ADMINISTRATION (NZ) LIMITED
MMCCNZ21,MMCCNZ21RGL,APEX INVESTMENT ADMINISTRATION (NZ) LIMITED
MMCCNZ21,MMCCNZ21SLT,APEX INVESTMENT ADMINISTRATION (NZ) LIMITED
MMCCNZ21,MMCCNZ21SUN,APEX INVESTMENT ADMINISTRATION (NZ) LIMITED
MMCCNZ21,MMCCNZ21TAH,APEX INVESTMENT ADMINISTRATION (NZ) LIMITED
MMCCNZ21,MMCCNZ21TYN,APEX INVESTMENT ADMINISTRATION (NZ) LIMITED
MMCCNZ21,MMCCNZ21XXX,APEX INVESTMENT ADMINISTRATION (NZ) LIMITED
MMCCNZ23,MMCCNZ23WGN,APEX INVESTMENT ADMINISTRATION (NZ) LIMITED
MMCCNZ23,MMCCNZ23XXX,APEX INVESTMENT ADMINISTRATION (NZ) LIMITED
MSNZNZ21,MSNZNZ21XXX,MACQUARIE SECURITIES NEW ZEALAND LIMITED
NBSENZ22,NBSENZ22XXX,NELSON BUILDING SOCIETY
NMFSNZ21,NMFSNZ21XXX,NRG MONEY FINANCIAL SERVICES LIMITE
NOBLNZ21,NOBLNZ21XXX,NOBLE AND LEE LTD
NZEUNZ21,NZEUNZ21XXX,NEW ZEALAND EMISSIONS TRADING REGISTER
NZFXNZ22,NZFXNZ22XXX,NZFOREX LIMITED
NZLGNZ22,NZLGNZ22XXX,NEW ZEALAND LOCAL GOVERNMENT FUNDING AGENCY LIMITED
NZSFNZ21,NZSFNZ21XXX,NEW ZEALAND SUPERANNUATION FUND
NZTRNZ2W,NZTRNZ2W222,NEW ZEALAND TREASURY
NZTRNZ2W,NZTRNZ2WXXX,NEW ZEALAND TREASURY
NZVENZ21,NZVENZ21XXX,NZREO VENTURES LIMITED
NZXCNZ2W,NZXCNZ2WXXX,NZX LIMITED
OMGLNZ21,OMGLNZ2102A,ORD MINNETT GROUP LTD.
OMGLNZ21,OMGLNZ21XXX,ORD MINNETT GROUP LTD.
ORBINZ22,ORBINZ22XXX,ORBITREMIT LIMITED
PCBCNZ22,PCBCNZ22XXX,CHINA CONSTRUCTION BANK (NEW ZEALAND) LIMITED
PCBCNZ2A,PCBCNZ2AXXX,CHINA CONSTRUCTION BANK CORPORATION
PIFANZ22,PIFANZ22XXX,PIE FUNDS MANAGEMENT LIMITED
PUTSNZ22,PUTSNZ22XXX,PUBLIC TRUST
QUDDNZ22,QUDDNZ22XXX,EPHELIA NZ PS LIMITED
RABONZ22,RABONZ22XXX,RABOBANK NEW ZEALAND LIMITED
RABONZ2W,RABONZ2WXXX,COOPERATIEVE RABOBANK U.A. NEW ZEALAND BRANCH
RBNZNZ22,RBNZNZ22XXX,RESERVE BANK OF NEW ZEALAND
RBNZNZ23,RBNZNZ23XXX,RESERVE BANK OF NEW ZEALAND
RBNZNZ2B,RBNZNZ2BXXX,RESERVE BANK OF NEW ZEALAND
RBNZNZ2S,RBNZNZ2SASA,RESERVE BANK OF NEW ZEALAND
RBNZNZ2S,RBNZNZ2SHCK,RESERVE BANK OF NEW ZEALAND
RBNZNZ2S,RBNZNZ2STIA,RESERVE BANK OF NEW ZEALAND
RBNZNZ2S,RBNZNZ2STSA,RESERVE BANK OF NEW ZEALAND
RBNZNZ2S,RBNZNZ2STSC,RESERVE BANK OF NEW ZEALAND
RBNZNZ2S,RBNZNZ2STSD,RESERVE BANK OF NEW ZEALAND
RBNZNZ2S,RBNZNZ2STSE,RESERVE BANK OF NEW ZEALAND
RBNZNZ2S,RBNZNZ2STSF,RESERVE BANK OF NEW ZEALAND
RBNZNZ2S,RBNZNZ2STSG,RESERVE BANK OF NEW ZEALAND
RBNZNZ2S,RBNZNZ2STSH,RESERVE BANK OF NEW ZEALAND
RBNZNZ2S,RBNZNZ2STSI,RESERVE BANK OF NEW ZEALAND
RBNZNZ2S,RBNZNZ2STSJ,RESERVE BANK OF NEW ZEALAND
RBNZNZ2S,RBNZNZ2STSK,RESERVE BANK OF NEW ZEALAND
RBNZNZ2S,RBNZNZ2SXXX,RESERVE BANK OF NEW ZEALAND
RBNZNZ2W,RBNZNZ2WACC,RESERVE BANK OF NEW ZEALAND
RBNZNZ2W,RBNZNZ2WASA,RESERVE BANK OF NEW ZEALAND
RBNZNZ2W,RBNZNZ2WCCY,RESERVE BANK OF NEW ZEALAND
RBNZNZ2W,RBNZNZ2WDCS,RESERVE BANK OF NEW ZEALAND
RBNZNZ2W,RBNZNZ2WREG,RESERVE BANK OF NEW ZEALAND
RBNZNZ2W,RBNZNZ2WXXX,RESERVE BANK OF NEW ZEALAND
REVONZ23,REVONZ23XXX,REVOLUT PAYMENTS NEW ZEALAND PTY LTD
RPNZNZ22,RPNZNZ22XXX,REVOLUT PAYMENTS NEW ZEALAND PTY LTD
SAUMNZ21,SAUMNZ21XXX,SALT FUNDS MANAGEMENT LIMITED
SBSYNZ22,SBSYNZ22XXX,SOUTHLAND BUILDING SOCIETY
SKTENZ22,SKTENZ22XXX,SKYLINE TECH LIMITED
SMASNZ21,SMASNZ21XXX,SMARTSHARES LIMITED
SOSRNZ21,SOSRNZ21XXX,SOMERSET SMITH PARTNERS LIMITED
SUTONZ22,SUTONZ22XXX,SUPAY TECHNOLOGY LIMITED
TECDNZ21,TECDNZ21XXX,TEA CUSTODIANS LIMITED
TECYNZ22,TECYNZ22XXX,IE TECHNOLOGY LIMITED
TREXNZ22,TREXNZ22XXX,TRUSTEES EXECUTORS LIMITED
TRWINZ21,TRWINZ21XXX,TRANSFERWISE LTD
TRWINZ23,TRWINZ23XXX,WISE PAYMENTS NEW ZEALAND LIMITED
TSBANZ22,TSBANZ22XXX,TSB BANK LIMITED
UNRNNZ22,UNRNNZ22XXX,UNITY CREDIT UNION
WIEGNZ21,WIEGNZ21XXX,GREENSLADES LTD
WOPSNZ21,WOPSNZ21XXX,WOODWARD PARTNERS SECURITIES LIMITED
WPACNZ2W,WPACNZ2WXXX,WESTPAC NEW ZEALAND LIMITED
XAUKNZ21,XAUKNZ21XXX,NEW ZEALAND STOCK EXCHANGE - AUCKLA ND
XNEENZ21,XNEENZ21XXX,NEW ZEALAND FUTURES AND OPTIONS EXCHANGE
YOUGNZ21,YOUGNZ21XXX,YOUNG AND CO
