bic_8,bic,bank
ABCOSGSG,ABCOSGSGXXX,"ARAB BANKING CORPORATION (B.S.C.), SINGAPORE BRANCH"
ABFMSGS1,ABFMSGS1XXX,ABERDEEN STANDARD INVESTMENTS (ASIA) LIMITED
ABNASGF1,ABNASGF1XXX,UBS FUTURES SINGAPORE LTD.
ABNCSGSG,ABNCSGSGXXX,ABN AMRO CLEARING BANK N.V.
ABOCSGSG,ABOCSGSGXXX,AGRICULTURAL BANK OF CHINA LIMITED SINGAPORE BRANCH
ACLPSGSG,ACLPSGSGXXX,ABAXX CLEARING PTE. LTD.
ACOESGS2,ACOESGS2XXX,ATLAS CONSOLIDATED PTE LTD
ADIESGSG,ADIESGSGXXX,ADVANCE INTELLIGENCE PTE. LTD.
AEIGSGS1,AEIGSGS1XXX,AMERICAN EXPRESS INTERNATIONAL INC (SINGAPORE BRANCH)
AFAPSGS2,AFAPSGS2XXX,ANGSANA FUND MANAGEMENT PTE. LTD.
AFCMSGSG,AFCMSGSGXXX,RESONA MERCHANT BANK ASIA LIMITED
AFENSGS2,AFENSGS2XXX,ASSOCIATED FOREIGN EXCHANGE (SINGAPORE) PTE. LTD.
AFMPSGS1,AFMPSGS1XXX,VULPES INVESTMENT MANAGEMENT PRIVATE LIMITED
AGRISG2X,AGRISG2XXXX,CA INDOSUEZ (SWITZERLAND) SA
AIACSGG1,AIACSGG1GIO,AIA SINGAPORE PRIVATE LIMITED
AIACSGSG,AIACSGSGXXX,AIA SINGAPORE PRIVATE LIMITED
AIAPSGSG,AIAPSGSGXXX,AIA INVESTMENT MANAGEMENT PRIVATE LIMITED
AIGPSGSG,AIGPSGSGXXX,AZALEA INVESTMENT MANAGEMENT PTE. LTD.
AIHPSGS1,AIHPSGS1XXX,ASIA INVESTING HOLDINGS PTE. LTD.
AIPESGS2,AIPESGS2XXX,AIRWALLET PTE
ALLFSGSG,ALLFSGSGXXX,ALLFUNDS SINGAPORE BRANCH
ALLSSGS1,ALLSSGS1XXX,ALLIANCE SECURITIES (PTE)
AMOSSGS2,AMOSSGS2XXX,ASSET MANAGEMENT ONE SINGAPORE PTE
ANTPSGSG,ANTPSGSGXXX,ANEXT BANK PTE. LTD.
ANZBSGSX,ANZBSGSXAFX,AUSTRALIA AND NEW ZEALAND BANKING GROUP LTD.
ANZBSGSX,ANZBSGSXXXX,AUSTRALIA AND NEW ZEALAND BANKING GROUP LTD.
APATSGS2,APATSGS2XXX,ATLANTIC PARTNERS ASIA (SG) PTE. LTD.
APEPSGSG,APEPSGSGXXX,ASIA PACIFIC CLEAR PTE. LTD.
APPLSGS1,APPLSGS1XXX,ICAP (SINGAPORE) PTE. LTD
APPTSGS2,APPTSGS2XXX,ASPIRE FT PTE. LTD
APSMSGS1,APSMSGS1XXX,APS ASSET MANAGEMENT PTE LTD
ARABSGSG,ARABSGSGXXX,ARAB BANK PLC
ARGPSGS1,ARGPSGS1XXX,J. ARON AND CO (SINGAPORE) PTE.
AROESGS2,AROESGS2XXX,AROHI ASSET MANAGEMENT PTE. LTD.
ASEDSGS2,ASEDSGS2XXX,ALIPAY SINGAPORE E-COMMERCE PRIVATE LIMITED
ASGPSGS1,ASGPSGS1XXX,AT ASSET MANAGEMENT PTE. LTD.
ATITSGSG,ATITSGSGXXX,WORLD FIRST ASIA PTE. LTD.
ATMTSGS2,ATMTSGS2XXX,ALOFT TECHNOLOGY COMPANY PTE. LTD.
AWMPSGS1,AWMPSGS1XXX,AIA-WALDEN MANAGEMENT PTE LTD
AXISSGSG,AXISSGSGIPB,AXIS BANK LIMITED
AXISSGSG,AXISSGSGXXX,AXIS BANK LIMITED
BAERSGSG,BAERSGSGXXX,BANK JULIUS BAER AND CO. LTD.
BARBSGSG,BARBSGSGXXX,BANK OF BARODA
BARCSGSG,BARCSGSGXXX,BARCLAYS BANK PLC
BARCSGSW,BARCSGSWXXX,BARCLAYS BANK PLC
BATSSG21,BATSSG21XXX,BRITISH AMERICAN TOBACCO (SINGAPORE) PTE LTD
BATSSGS1,BATSSGS1XXX,BRITISH AMERICAN TOBACCO MARKETING (SINGAPORE) PTE LTD
BBDASGSX,BBDASGSXGCA,HSBC INSTITUTIONAL TRUST SERVICES (SINGAPORE) LIMITED
BBDASGSX,BBDASGSXTAR,HSBC INSTITUTIONAL TRUST SERVICES (SINGAPORE) LIMITED
BBDASGSX,BBDASGSXXXX,HSBC INSTITUTIONAL TRUST SERVICES (SINGAPORE) LIMITED
BBVASGSG,BBVASGSGXXX,BANCO BILBAO VIZCAYA ARGENTARIA SINGAPORE BRANCH
BCIRSG22,BCIRSG22XXX,BC PAYMENTS PTE. LTD.
BCITSGSG,BCITSGSGXXX,INTESA SANPAOLO S.P.A. SINGAPORE
BEASSGSG,BEASSGSGXXX,THE BANK OF EAST ASIA LIMITED
BIIPSGS1,BIIPSGS1XXX,BEEP INVESTMENTS (SINGAPORE) PTE. LTD.
BKCHSGSG,BKCHSGSGCUS,BANK OF CHINA LIMITED
BKCHSGSG,BKCHSGSGPBG,BANK OF CHINA LIMITED
BKCHSGSG,BKCHSGSGXXX,BANK OF CHINA LIMITED
BKIDSGSG,BKIDSGSGXXX,"BANK OF INDIA, SINGAPORE BRANCH"
BKKBSGSG,BKKBSGSGXXX,BANGKOK BANK PUBLIC COMPANY LIMITED
BKTWSGSG,BKTWSGSGXXX,"BANK OF TAIWAN, SINGAPORE BRANCH"
BLFLSGSG,BLFLSGSGEXC,LGT BANK (SINGAPORE) LTD.
BLFLSGSG,BLFLSGSGXXX,LGT BANK (SINGAPORE) LTD.
BMRISGSG,BMRISGSGXXX,PT BANK MANDIRI (PERSERO) TBK
BNINSGSG,BNINSGSGXXX,PT BANK NEGARA INDONESIA (PERSERO) TBK
BNORSGSG,BNORSGSGXXX,"BDO UNIBANK, INC., SINGAPORE BRANCH"
BNPASGSG,BNPASGSGWMB,BNP PARIBAS - SINGAPORE BRANCH
BNPASGSG,BNPASGSGXXX,BNP PARIBAS - SINGAPORE BRANCH
BNPTSGSG,BNPTSGSGXXX,BNP PARIBAS TRUST SERVICES SINGAPORE LIMITED
BNSISGSG,BNSISGSGXXX,BNS ASIA LIMITED
BOFASG2X,BOFASG2XVAM,BANK OF AMERICA NATIONAL ASSOCIATION
BOFASG2X,BOFASG2XXXX,BANK OF AMERICA NATIONAL ASSOCIATION
BOFASG3X,BOFASG3XEMG,BANK OF AMERICA SINGAPORE LIMITED
BOFASG3X,BOFASG3XJVC,BANK OF AMERICA SINGAPORE LIMITED
BOFASG3X,BOFASG3XTRY,BANK OF AMERICA SINGAPORE LIMITED
BOFASG3X,BOFASG3XXXX,BANK OF AMERICA SINGAPORE LIMITED
BOISSGS1,BOISSGS1XXX,MUFG SECURITIES ASIA (SINGAPORE) LIMITED
BORDSGSX,BORDSGSXXXX,BORDIER AND CIE (SINGAPORE) LTD
BOTKSGSX,BOTKSGSXXXX,"MUFG BANK, LTD."
BPIDSGS2,BPIDSGS2XXX,BROAD PEAK INVESTMENT ADVISERS PTE
BPTSSGSG,BPTSSGSGXXX,BNP PARIBAS - SINGAPORE BRANCH
BRINSGSG,BRINSGSGXXX,"PT. BANK RAKYAT INDONESIA (PERSERO) TBK., SINGAPORE BRANCH"
BSCHSGSG,BSCHSGSGXXX,"BANCO SANTANDER, S.A. SINGAPORE BRANCH"
BSIHSGS1,BSIHSGS1XXX,BROAD STREET INVESTMENTS HOLDING (SINGAPORE) PTE. LTD.
BSIISGS1,BSIISGS1XXX,BROAD STREET INVESTMENTS (SINGAPORE) PTE. LTD.
BSSLSGS1,BSSLSGS1XXX,MACQUARIE CAPITAL SECURITIES (SINGAPORE) PTE. LIMITED
BTSPSGS1,BTSPSGS1XXX,BTIG SINGAPORE PTE. LIMITED
BZWPSGS1,BZWPSGS1XXX,BZW-PACIFIC UNION PRIVATE LIMITED
BZWSSGS1,BZWSSGS1XXX,BZW FUTURES (SINGAPORE) PTE LTD.
CAPASGS1,CAPASGS1XXX,VICKERS CAPITAL PTE. LTD
CATPSGS1,CATPSGS1XXX,CHARTERED ASSET MANAGEMENT PTE LTD
CBPVSGS2,CBPVSGS2XXX,CBIPAY PRIVATE LIMITED
CCBCSGSG,CCBCSGSGXXX,CHANG HWA COMMERCIAL BANK LTD.
CDPLSGSG,CDPLSGSG001,THE CENTRAL DEPOSITORY (PTE) LIMITED
CDPLSGSG,CDPLSGSGXXX,THE CENTRAL DEPOSITORY (PTE) LIMITED
CEGSSGS2,CEGSSGS2XXX,CRESCENT ASSET MANAGEMENT ASIA PTE. LTD.
CFSASGS1,CFSASGS1XXX,CARGILL FINANCIAL SERVICES ASIA PTE LTD
CFSPSGS1,CFSPSGS1XXX,BGC BROKERS L.P.
CHASSGSG,CHASSGSGPBI,"JPMORGAN CHASE BANK, N.A. - SINGAPORE BRANCH"
CHASSGSG,CHASSGSGTRO,"JPMORGAN CHASE BANK, N.A. - SINGAPORE BRANCH"
CHASSGSG,CHASSGSGXXX,"JPMORGAN CHASE BANK, N.A. - SINGAPORE BRANCH"
CHASSGSP,CHASSGSPXXX,"JPMORGAN CHASE BANK, N.A. - SINGAPORE BRANCH"
CHBASGSG,CHBASGSGXXX,"THE CHIBA BANK, LTD. SINGAPORE BRANCH"
CHGKSGSG,CHGKSGSGXXX,"THE CHUGOKU BANK, LTD. SINGAPORE BRANCH"
CHNFSGSG,CHNFSGSGXXX,CHINA INTERNATIONAL FACTORING (SINGAPORE) PTE LTD
CHPESGS1,CHPESGS1XXX,CASHCARDONE PTE. LTD.
CIBBSGSG,CIBBSGSGXXX,CIMB BANK BERHAD
CIBCSGSG,CIBCSGSGXXX,CANADIAN IMPERIAL BANK OF COMMERCE
CIBSSGS1,CIBSSGS1XXX,J.P. MORGAN (S.E.A.) LIMITED
CIEVSGSG,CIEVSGSGXXX,COMPETROL INTERNATIONAL INVESTMENTS PRIVATE LIMITED
CISISGS1,CISISGS1XXX,CITICORP INTERNATIONAL SINGAPORE LT D.
CITISG21,CITISG21XXX,CITIBANK SINGAPORE LIMITED
CITISG31,CITISG31XXX,CITIBANK N.A
CITISGSG,CITISGSGCC1,CITIBANK N.A
CITISGSG,CITISGSGCCO,CITIBANK N.A
CITISGSG,CITISGSGCDP,CITIBANK N.A
CITISGSG,CITISGSGCTI,CITIBANK N.A
CITISGSG,CITISGSGDFA,CITIBANK N.A
CITISGSG,CITISGSGEFX,CITIBANK N.A
CITISGSG,CITISGSGGCB,CITIBANK N.A
CITISGSG,CITISGSGHUB,CITIBANK N.A
CITISGSG,CITISGSGICE,CITIBANK N.A
CITISGSG,CITISGSGNRI,CITIBANK N.A
CITISGSG,CITISGSGOCB,CITIBANK N.A
CITISGSG,CITISGSGPBG,CITIBANK N.A
CITISGSG,CITISGSGTCH,CITIBANK N.A
CITISGSG,CITISGSGXXX,CITIBANK N.A
CITISGSL,CITISGSLXXX,CITIBANK SINGAPORE LIMITED
CLARSGS1,CLARSGS1XXX,CLARIDEN BANK SINGAPORE
CLIPSGSG,CLIPSGSGXXX,CLARENCY SINGAPORE PTE. LTD.
CLSSSGS2,CLSSSGS2XXX,CLSA SINGAPORE PTE LTD.
CLSSSGSG,CLSSSGSGCHV,CLSA SINGAPORE PTE LTD.
CLSSSGSG,CLSSSGSGCWM,CLSA SINGAPORE PTE LTD.
CLSSSGSG,CLSSSGSGXXX,CLSA SINGAPORE PTE LTD.
CMBCSGSG,CMBCSGSGPBD,CHINA MERCHANTS BANK SINGAPORE BRANCH
CMBCSGSG,CMBCSGSGXXX,CHINA MERCHANTS BANK SINGAPORE BRANCH
CMCISGSG,CMCISGSGXXX,CREDIT INDUSTRIEL ET COMMERCIAL
CMCKSGS2,CMCKSGS2XXX,CMC MARKETS SINGAPORE PTE. LTD.
CMSESGSG,CMSESGSGJPS,J.P. MORGAN (S.E.A.) LIMITED
CMSESGSG,CMSESGSGXXX,J.P. MORGAN (S.E.A.) LIMITED
CNORSGSG,CNORSGSGCOL,THE NORTHERN TRUST COMPANY
CNORSGSG,CNORSGSGETD,THE NORTHERN TRUST COMPANY
CNORSGSG,CNORSGSGOTC,THE NORTHERN TRUST COMPANY
CNORSGSG,CNORSGSGXXX,THE NORTHERN TRUST COMPANY
CNSPSGS2,CNSPSGS2XXX,CCB INTERNATIONAL (SINGAPORE) PTE. LTD.
COBASGSX,COBASGSXXXX,"COMMERZBANK AG, SINGAPORE BRANCH"
COMMSGSG,COMMSGSGXXX,"BANK OF COMMUNICATIONS CO., LTD SINGAPORE BRANCH"
CPPESGS1,CPPESGS1XXX,KORU PARTNERS PTE. LTD
CRESSGSG,CRESSGSGXXX,UBS AG SINGAPORE BRANCH
CRLYSGSG,CRLYSGSG940,CREDIT AGRICOLE CORPORATE AND INVESTMENT BANK
CRLYSGSG,CRLYSGSGCOM,CREDIT AGRICOLE CORPORATE AND INVESTMENT BANK
CRLYSGSG,CRLYSGSGXXX,CREDIT AGRICOLE CORPORATE AND INVESTMENT BANK
CSFBSGSE,CSFBSGSEVIS,CREDIT SUISSE (SINGAPORE) SECURITIES PTE LIMITED
CSFBSGSE,CSFBSGSEXXX,CREDIT SUISSE (SINGAPORE) SECURITIES PTE LIMITED
CSFBSGSX,CSFBSGSXVIS,CREDIT SUISSE (SINGAPORE) LIMITED
CSFBSGSX,CSFBSGSXXXX,CREDIT SUISSE (SINGAPORE) LIMITED
CSPBSGSG,CSPBSGSGXXX,UBS AG SINGAPORE BRANCH
CTBASGSG,CTBASGSGXXX,COMMONWEALTH BANK OF AUSTRALIA
CTCBSGSG,CTCBSGSG006,"CTBC BANK CO., LTD. SINGAPORE BRANCH"
CTCBSGSG,CTCBSGSGXXX,"CTBC BANK CO., LTD. SINGAPORE BRANCH"
CUDPSGS2,CUDPSGS2XXX,CURRENCIES DIRECT PTE LTD
CYSSSGS1,CYSSSGS1XXX,CYS EXPRESS EXCHANGE PTE LTD
CZNBSGSG,CZNBSGSGXXX,"KOOKMIN BANK CO.,LTD. SINGAPORE BRANCH"
DASMSGSG,DASMSGSGXXX,DAIWA CAPITAL MARKETS SINGAPORE LIMITED
DASPSGS1,DASPSGS1XXX,RHB SECURITIES SINGAPORE PTE LTD
DAWSSGS1,DAWSSGS1XXX,DAIWA CAPITAL MARKETS INVESTMENT SERVICES PTE LTD
DBCISGS1,DBCISGS1XXX,DBS CAPITAL INVESTMENTS LTD
DBSESGSG,DBSESGSGXXX,DBS VICKERS SECURITIES (SINGAPORE) PTE LTD
DBSNSGS1,DBSNSGS1XXX,DBSN SERVICES PTE LTD.
DBSSSGS2,DBSSSGS2XXX,DBS BANK LTD
DBSSSGSG,DBSSSGSGAPI,DBS BANK LTD
DBSSSGSG,DBSSSGSGDOD,DBS BANK LTD
DBSSSGSG,DBSSSGSGDRV,DBS BANK LTD
DBSSSGSG,DBSSSGSGIBD,DBS BANK LTD
DBSSSGSG,DBSSSGSGLAO,DBS BANK LTD
DBSSSGSG,DBSSSGSGPCG,DBS BANK LTD
DBSSSGSG,DBSSSGSGVEC,DBS BANK LTD
DBSSSGSG,DBSSSGSGXXX,DBS BANK LTD
DEUTSGSG,DEUTSGSGCUS,"DEUTSCHE BANK AG, SINGAPORE BRANCH"
DEUTSGSG,DEUTSGSGDIA,"DEUTSCHE BANK AG, SINGAPORE BRANCH"
DEUTSGSG,DEUTSGSGGMO,"DEUTSCHE BANK AG, SINGAPORE BRANCH"
DEUTSGSG,DEUTSGSGSRV,"DEUTSCHE BANK AG, SINGAPORE BRANCH"
DEUTSGSG,DEUTSGSGXXX,"DEUTSCHE BANK AG, SINGAPORE BRANCH"
DEUTSGSP,DEUTSGSPHKH,"DEUTSCHE BANK AG, SINGAPORE BRANCH"
DEUTSGSP,DEUTSGSPXXX,"DEUTSCHE BANK AG, SINGAPORE BRANCH"
DEUTSGSR,DEUTSGSREBP,"DEUTSCHE BANK AG, SINGAPORE BRANCH"
DEUTSGSR,DEUTSGSRXXX,"DEUTSCHE BANK AG, SINGAPORE BRANCH"
DICMSGS1,DICMSGS1XXX,DAIWA INTERNATIONAL CAPITAL MANAGEM ENT (SINGAPORE) LIMITED
DMACSG31,DMACSG31XXX,DYMON ASIA CAPITAL
DMACSGS1,DMACSGS1XXX,DYMON ASIA CAPITAL
EBILSGSG,EBILSGSGXXX,EMIRATES NBD BANK (P.J.S.C.)
EBPPSGS2,EBPPSGS2XXX,EBURY PAYMENTS PTE. LTD
ECMPSGS1,ECMPSGS1XXX,EFFISSIMO CAPITAL MANAGEMENT PTE LTD
ECQLSGS1,ECQLSGS1XXX,ELLIOTT AND CARMEN INTERNATIONAL LLP
EFGBSGSG,EFGBSGSGXXX,EFG BANK AG SINGAPORE BRANCH
ESINSGS2,ESINSGS2XXX,EASTSPRING INVESTMENTS SINGAPORE LIMITED
ESINSGS3,ESINSGS3XXX,EASTSPRING INVESTMENTS SINGAPORE LIMITED
ESSESGSG,ESSESGSGCLS,SKANDINAVISKA ENSKILDA BANKEN AB (PUBL)
ESSESGSG,ESSESGSGXXX,SKANDINAVISKA ENSKILDA BANKEN AB (PUBL)
ESUNSGSG,ESUNSGSGPBX,"E.SUN COMMERCIAL BANK, LTD."
ESUNSGSG,ESUNSGSGXXX,"E.SUN COMMERCIAL BANK, LTD."
EXIKSGSG,EXIKSGSGXXX,KEXIM GLOBAL (SINGAPORE) LTD.
FCBKSGSG,FCBKSGSGXXX,"FIRST COMMERCIAL BANK, LTD."
FFMCSGSG,FFMCSGSGXXX,FULLERTON FUND MANAGEMENT COMPANY LTD
FGBMSGSG,FGBMSGSGLAU,FIRST ABU DHABI BANK PJSC SINGAPORE BRANCH
FGBMSGSG,FGBMSGSGXXX,FIRST ABU DHABI BANK PJSC SINGAPORE BRANCH
FGCISGS1,FGCISGS1XXX,"ABN AMRO CLEARING BANK N.V., SINGAPORE BRANCH"
FIISSGS1,FIISSGS1XXX,FIDELITY INVESTMENTS (SINGAPORE) LT D
FNTPSGS2,FNTPSGS2XXX,FINMO TECH PTE. LTD.
FOMPSGS2,FOMPSGS2XXX,FOMO PAY PTE. LTD.
FOMPSGSG,FOMPSGSGXXX,FOMO PAY PTE. LTD.
FRIPSGS1,FRIPSGS1XXX,FITCH RATINGS SINGAPORE PTE LTD.
FRSESGS1,FRSESGS1XXX,KGI SECURITIES (SINGAPORE) PTE.LTD
GANSSGS1,GANSSGS1XXX,GALENA ASSET MANAGEMENT (ASIA) PTE . LTD
GCSPSGS1,GCSPSGS1XXX,GORDIAN CAPITAL SINGAPORE PRIVATE LIMITED
GELASGSG,GELASGSGXXX,THE GREAT EASTERN LIFE ASSURANCE COMPANY LIMITED
GENOSGSG,GENOSGSGXXX,"DZ BANK AG, SINGAPORE BRANCH"
GKGTSGS1,GKGTSGS1XXX,CGS INTERNATIONAL SECURITIES SINGAPORE PTE. LTD.
GLASSGSG,GLASSGSGXXX,GLAS TRUST (SINGAPORE) LTD.
GLDTSGSG,GLDTSGSGXXX,GREEN LINK DIGITAL BANK PTE LTD
GOOGSGS1,GOOGSGS1XXX,GOOGLE ASIA PACIFIC PTE LTD
GOSESGS1,GOSESGS1XXX,GRAND ORIENT SECURITIES PTE
GPNTSGSG,GPNTSGSGXXX,GPAY NETWORK (S) PTE LTD
GSENSGS1,GSENSGS1XXX,GOLDMAN SACHS ASSET MANAGEMENT (SINGAPORE) PTE. LTD.
GSFESGS1,GSFESGS1XXX,GOLDMAN SACHS FOREIGN EXCHANGE
GSFSSGS1,GSFSSGS1XXX,GOLDMAN SACHS FUTURES PTE LTD.
GSHISGS1,GSHISGS1XXX,GOLDMAN SACHS HOLDINGS (SINGAPORE) PTE. LTD.
GSICSGSG,GSICSGSGBAC,GIC PRIVATE LIMITED
GSICSGSG,GSICSGSGCAC,GIC PRIVATE LIMITED
GSICSGSG,GSICSGSGHAC,GIC PRIVATE LIMITED
GSICSGSG,GSICSGSGXXX,GIC PRIVATE LIMITED
GSSCSGS1,GSSCSGS1XXX,GOLDMAN SACHS ASIA STRATEGIC PTE. LTD.
GSSGSGSG,GSSGSGSGXXX,GOLDMAN SACHS (SINGAPORE) PTE
GSSOSGS1,GSSOSGS1XXX,GOLDMAN SACHS SERVICES (SINGAPORE) PTE. LTD.
GTMGSGS1,GTMGSGS1XXX,INVESCO ASSET MANAGEMENT SINGAPORE PTE LIMITED
GTNSSGS2,GTNSSGS2XXX,GTN ASIA FINANCIAL SERVICES (PTE.) LTD
GXSPSGSG,GXSPSGSG888,GXS BANK PTE. LTD.
GXSPSGSG,GXSPSGSGXXX,GXS BANK PTE. LTD.
HABBSGSG,HABBSGSGXXX,HABIB BANK LIMITED
HABKSGSG,HABKSGSGXXX,"THE HACHIJUNI BANK, LTD. SINGAPORE BRANCH"
HAMASGS2,HAMASGS2XXX,"THE BANK OF YOKOHAMA, LTD. SINGAPORE BRANCH"
HASESGSG,HASESGSGXXX,HANG SENG BANK LIMITED
HDFCSGSG,HDFCSGSGXXX,HDFC BANK LIMITED
HEFPSG22,HEFPSG22XXX,8HEXA FINANCIAL PTE. LTD.
HIEESGSG,HIEESGSGXXX,INTERNATIONAL EXCHANGE CO (SINGAPORE) PTE LTD
HITPSGS2,HITPSGS2XXX,HITPAY PAYMENT SOLUTIONS PTE. LTD.
HJCSSGSG,HJCSSGSGXXX,HSBC SECURITIES (SINGAPORE) PTE LTD
HLBBSGSG,HLBBSGSGXXX,"HL BANK, SINGAPORE"
HLFASGSG,HLFASGSGXXX,HONG LEONG FINANCE LIMITED
HNBKSGSG,HNBKSGSGXXX,HUA NAN COMMERCIAL BANK LTD
HSBCSGS2,HSBCSGS2GPI,HSBC BANK (SINGAPORE) LIMITED
HSBCSGS2,HSBCSGS2XXX,HSBC BANK (SINGAPORE) LIMITED
HSBCSGSG,HSBCSGSGBLC,THE HONGKONG AND SHANGHAI BANKING CORPORATION LIMITED
HSBCSGSG,HSBCSGSGCLS,THE HONGKONG AND SHANGHAI BANKING CORPORATION LIMITED
HSBCSGSG,HSBCSGSGCNC,THE HONGKONG AND SHANGHAI BANKING CORPORATION LIMITED
HSBCSGSG,HSBCSGSGFEX,THE HONGKONG AND SHANGHAI BANKING CORPORATION LIMITED
HSBCSGSG,HSBCSGSGGPI,THE HONGKONG AND SHANGHAI BANKING CORPORATION LIMITED
HSBCSGSG,HSBCSGSGGWS,THE HONGKONG AND SHANGHAI BANKING CORPORATION LIMITED
HSBCSGSG,HSBCSGSGISV,THE HONGKONG AND SHANGHAI BANKING CORPORATION LIMITED
HSBCSGSG,HSBCSGSGPBD,THE HONGKONG AND SHANGHAI BANKING CORPORATION LIMITED
HSBCSGSG,HSBCSGSGWBS,THE HONGKONG AND SHANGHAI BANKING CORPORATION LIMITED
HSBCSGSG,HSBCSGSGXXX,THE HONGKONG AND SHANGHAI BANKING CORPORATION LIMITED
HSMSSGS1,HSMSSGS1XXX,HSBC ASSET MANAGEMENT SINGAPORE LTD
HSNTSGSG,HSNTSGSGXXX,HUATAI SECURITIES (SINGAPORE) PTE. LIMITED
HVBKSGSG,HVBKSGSGXXX,"WOORI BANK, SINGAPORE"
HVPASGS1,HVPASGS1XXX,HAVENPORT INVESTMENTS PTE. LTD
IASISGS1,IASISGS1XXX,CREDIT AGRICOLE CORPORATE AND INVESTMENT BANK
IBKRSGSG,IBKRSGSGXXX,INTERACTIVE BROKERS SINGAPORE PTE. LTD.
ICBCSGSG,ICBCSGSGXXX,"MEGA INTERNATIONAL COMMERCIAL BANK CO., LTD., SINGAPORE BRANCH"
ICBKSGSG,ICBKSGSGCLR,INDUSTRIAL AND COMMERCIAL BANK OF CHINA LIMITED
ICBKSGSG,ICBKSGSGXXX,INDUSTRIAL AND COMMERCIAL BANK OF CHINA LIMITED
ICICSGSG,ICICSGSGCOP,ICICI BANK LIMITED
ICICSGSG,ICICSGSGCTS,ICICI BANK LIMITED
ICICSGSG,ICICSGSGIPB,ICICI BANK LIMITED
ICICSGSG,ICICSGSGMOG,ICICI BANK LIMITED
ICICSGSG,ICICSGSGRET,ICICI BANK LIMITED
ICICSGSG,ICICSGSGXXX,ICICI BANK LIMITED
ICIPSGSG,ICIPSGSGXXX,ICE CLEAR SINGAPORE PTE LTD
IDIBSGSG,IDIBSGSGXXX,"INDIAN BANK, SINGAPORE BRANCH"
IGLUSGSG,IGLUSGSGXXX,STONEX FINANCIAL PTE. LTD.
IISTSGS1,IISTSGS1XXX,GS INDIA INVESTMENTS (SINGAPORE) PTE LTD
INGBSGSG,INGBSGSGXXX,ING BANK N.V. SINGAPORE BRANCH
INGPSGSG,INGPSGSGXXX,BANK OF SINGAPORE LIMITED
INLLSGS1,INLLSGS1XXX,VICKERS CAPITAL PTE. LTD
IOBASGSG,IOBASGSGXXX,INDIAN OVERSEAS BANK
IPPPSGS1,IPPPSGS1XXX,INVESTMENT PROTECTION PLANNING PTE LTD
IRVTSGSX,IRVTSGSXXXX,THE BANK OF NEW YORK MELLON
ISPTSGSA,ISPTSGSAXXX,NIUM PTE. LTD.
ISPTSGSG,ISPTSGSGXXX,NIUM PTE. LTD.
ISSPSGS1,ISSPSGS1XXX,INSTINET SINGAPORE SERVICES PTE LTD
IVCPSGS1,IVCPSGS1XXX,HIGHER PARK PTE. LIMITED
IVHPSGS1,IVHPSGS1XXX,IVENIO HOLDINGS PTE LTD
IYOBSGSG,IYOBSGSGXXX,"THE IYO BANK, LTD. SINGAPORE BRANCH"
JFSSSGS1,JFSSSGS1XXX,J.P. MORGAN SECURITIES SINGAPORE PRIVATE LIMITED
JGRPSGS1,JGRPSGS1XXX,CGS-CIMB RESEARCH PTE. LTD
JPMSSGS1,JPMSSGS1XXX,J.P. MORGAN SECURITIES ASIA PRIVATE LIMITED
JPSESGS1,JPSESGS1XXX,J.P. MORGAN SECURITES SINGAPORE PRIVATE LIMITED
JTPPSGS1,JTPPSGS1XXX,JUMP TRADING PACIFIC PTE. LTD
KARPSGS2,KARPSGS2XXX,OPAL FINTECH PTE LTD
KEPPSGS1,KEPPSGS1XXX,OCBC SECURITIES PRIVATE LIMITED
KEPSSGS1,KEPSSGS1XXX,OCBC SECURITIES PRIVATE LIMITED
KEYISGS2,KEYISGS2XXX,KEYSTONE INVESTORS PTE. LTD
KHPLSGSG,KHPLSGSGXXX,UOB KAY HIAN PTE LIMITED
KMESSGS1,KMESSGS1XXX,KIM ENG SECURITIES PTE LTD
KODBSGSG,KODBSGSGXXX,"THE KOREA DEVELOPMENT BANK, SINGAPORE BRANCH"
KOEXSGSG,KOEXSGSGXXX,"KEB HANA BANK, SINGAPORE BR."
KREDSGSX,KREDSGSXXXX,KBC BANK N.V. SINGAPORE BRANCH
KRTHSGSG,KRTHSGSGXXX,KRUNG THAI BANK PUBLIC COMPANY LIMITED
KWHKSGSG,KWHKSGSGXXX,CHINA CITIC BANK INTERNATIONAL LIMITED SINGAPORE BRANCH
LBCASGS1,LBCASGS1XXX,LEHMAN BROTHERS CAPITAL ASIA PTE LTD
LBOTSGSG,LBOTSGSGXXX,"LAND BANK OF TAIWAN, SINGAPORE BRANCH"
LBPSSGS1,LBPSSGS1XXX,LEHMAN BROTHERS SINGAPORE PTE LTD
LEVPSGS1,LEVPSGS1XXX,LEGACY VIP PTE LTD
LHCTSGS2,LHCTSGS2XXX,LIGHTHOUSE CANTON PTE. LTD.
LHIVSGL1,LHIVSGL1XXX,LIAN HE INVESTMENT PTE LTD.
LIGPSGSG,LIGPSGSGXXX,LIQUID GROUP PTE. LTD.
LIMTSGS1,LIMTSGS1XXX,LIM AND TAN SECURITIES PTE LTD
LIQSSGS1,LIQSSGS1XXX,LIQUIDNET SINGAPORE PRIVATE LIMITED
LMAMSGS1,LMAMSGS1XXX,HAVENPORT INVESTMENTS PTE. LTD
LOCYSGSG,LOCYSGSGNDP,LOMBARD ODIER (SINGAPORE) LTD
LOCYSGSG,LOCYSGSGXXX,LOMBARD ODIER (SINGAPORE) LTD
MACQSGSG,MACQSGSGXXX,"MACQUARIE BANK LIMITED, SINGAPORE BRANCH"
MASGSGSG,MASGSGSGXXX,THE MONETARY AUTHORITY OF SINGAPORE
MASGSGSM,MASGSGSMXXX,THE MONETARY AUTHORITY OF SINGAPORE
MAYPSGSG,MAYPSGSGXXX,MATCHMOVE PAY PTE. LTD.
MBBESGS2,MBBESGS2RWM,MAYBANK SINGAPORE LIMITED
MBBESGS2,MBBESGS2XXX,MAYBANK SINGAPORE LIMITED
MBBESGSG,MBBESGSGRWM,MALAYAN BANKING BERHAD
MBBESGSG,MBBESGSGXXX,MALAYAN BANKING BERHAD
MCAPSGSG,MCAPSGSGXXX,CONDUIT SECURITIES PTE. LTD.
MDCPSGSG,MDCPSGSGXXX,M-DAQ CASHPORT PTE LTD
MEMCSGS2,MEMCSGS2XXX,METACOMP PTE. LTD.
MFCTSGSG,MFCTSGSGXXX,MANULIFE (SINGAPORE) PTE. LTD
MGAPSGS1,MGAPSGS1XXX,DEUTSCHE ASIA AND PARTNERS SECURITIES PTE LTD.
MHCBSGSG,MHCBSGSGXXX,"MIZUHO BANK LTD., SINGAPORE BRANCH"
MHSCSGSG,MHSCSGSGXXX,MIZUHO SECURITIES (SINGAPORE) PTE. LTD.
MIGTSGS1,MIGTSGS1XXX,MERCER INVESTMENTS (SINGAPORE) PTE. LTD.
MISTSGS1,MISTSGS1XXX,MILLENNIUM SECURITIES PTE LTD
MKEESGS1,MKEESGS1XXX,MAYBANK KIM ENG SECURITIES PTE LTD
MLFSSGS1,MLFSSGS1XXX,MERRILL LYNCH MARKETS SINGAPORE PTE LTD
MLSSSGSG,MLSSSGSGIND,MERRILL LYNCH (SINGAPORE) PTE LTD. SINGAPORE
MLSSSGSG,MLSSSGSGXXX,MERRILL LYNCH (SINGAPORE) PTE LTD. SINGAPORE
MNPESGS2,MNPESGS2XXX,MONEYCIERGE PTE LTD
MNPTSGSG,MNPTSGSGXXX,MONFX PTE. LTD.
MOITSGS1,MOITSGS1XXX,MOODY'S SINGAPORE PTE LTD
MRPESGSG,MRPESGSGXXX,MARKETNODE PTE. LTD.
MRSPSGS1,MRSPSGS1XXX,MARKETAXESS SINGAPORE PTE. LIMITED
MSAMSGSX,MSAMSGSXXXX,MORGAN STANLEY INVESTMENT MANAGEMENT COMPANY - CAPITAL SQ.
MSMNSGS1,MSMNSGS1XXX,MANULIFE ASSET MANAGEMENT (SINGAPORE) PTE. LTD
MSMPSGS1,MSMPSGS1XXX,MAYWOOD ASSET MANAGEMENT PTE. LTD.
MSMPSGSG,MSMPSGSGXXX,MAYWOOD ASSET MANAGEMENT PTE. LTD.
MSSASGSG,MSSASGSGCTR,MORGAN STANLEY BANK ASIA LIMITED
MSSASGSG,MSSASGSGXXX,MORGAN STANLEY BANK ASIA LIMITED
MTBCSGSG,MTBCSGSGXXX,MITSUBISHI UFJ TRUST AND BANKING CORP SINGAPORE BRANCH
MTSXSGSG,MTSXSGSGXXX,MASTERCARD TRANSACTION SERVICES (SINGAPORE) PTE. LTD.
NATASGSG,NATASGSGXXX,NATIONAL AUSTRALIA BANK LIMITED
NATXSGSG,NATXSGSGXXX,NATIXIS
NBOKSGSG,NBOKSGSGXXX,NATIONAL BANK OF KUWAIT S.A.K.P
NCBKSGSG,NCBKSGSGXXX,THE SAUDI NATIONAL BANK SINGAPORE BRANCH
NCBTSGS1,NCBTSGS1XXX,"NIPPON CREDIT BANK LTD., THE"
NCMSSGS1,NCMSSGS1XXX,NIKKO ASSET MANAGEMENT INTERNATIONAL LIMITED
NFTPSGS1,NFTPSGS1XXX,NOVUM FINANCIAL TECHNOLOGIES PTE. LTD.
NGTPSGS1,NGTPSGS1XXX,NIKE GLOBAL TRADING PTE LTD
NIICSGA1,NIICSGA1XXX,NTUC INCOME INSURANCE CO-OPERATIVE LIMITED
NIICSGS1,NIICSGS1XXX,NTUC INCOME INSURANCE CO-OPERATIVE LIMITED
NKSCSGSG,NKSCSGSGXXX,SMBC NIKKO SECURITIES (SINGAPORE) PTE. LTD.
NLGISGS2,NLGISGS2XXX,NIPPON LIFE GLOBAL INVESTORS SINGAPORE LIMITED
NOCMSGSG,NOCMSGSGXXX,NOMURA ASSET MANAGEMENT SINGAPORE LIMITED
NOCUSGSG,NOCUSGSGXXX,THE NORINCHUKIN BANK
NOEPSGS1,NOEPSGS1XXX,COFCO INTERNATIONAL SINGAPORE PTE. LTD.
NOISSGSG,NOISSGSGXXX,NOMURA INVESTMENTS (SINGAPORE) PTE
NOMSSGS1,NOMSSGS1XXX,NOMURA SECURITIES SINGAPORE PTE LTD
NOSCSG21,NOSCSG21XXX,THE BANK OF NOVA SCOTIA
NOSCSGSG,NOSCSGSGGFI,THE BANK OF NOVA SCOTIA
NOSCSGSG,NOSCSGSGIMM,THE BANK OF NOVA SCOTIA
NOSCSGSG,NOSCSGSGXXX,THE BANK OF NOVA SCOTIA
NRISSGS1,NRISSGS1XXX,NOMURA RESEARCH INSTITUTE (SINGAPORE) PRIVATE LIMIED
NWNBSGS1,NWNBSGS1XXX,WELLS FARGO BANK MINNESOTA NA
OAMLSGSG,OAMLSGSGXXX,LION GLOBAL INVESTORS LTD
OCBCSGS1,OCBCSGS1XXX,OCBC SECURITIES PRIVATE LIMITED
OCBCSGSG,OCBCSGSGGCF,OVERSEA-CHINESE BANKING CORPORATION LIMITED
OCBCSGSG,OCBCSGSGGWO,OVERSEA-CHINESE BANKING CORPORATION LIMITED
OCBCSGSG,OCBCSGSGXXX,OVERSEA-CHINESE BANKING CORPORATION LIMITED
OCNPSGS1,OCNPSGS1XXX,OCBC NOMINEES SINGAPORE PRIVATE LIMITED
OCSESGS1,OCSESGS1XXX,OCBC SECURITIES PTE LTD.
OCSPSGSG,OCSPSGSGXXX,OCBC SECURITIES PRIVATE LIMITED
OFSESGS2,OFSESGS2XXX,OFX SINGAPORE PTE. LIMITED
OIRPSGS1,OIRPSGS1XXX,OCBC INVESTMENT RESEARCH PRIVATE LI MITED
OTSPSGS1,OTSPSGS1XXX,TRADITION SINGAPORE PTE. LTD.
OUSPSGS1,OUSPSGS1XXX,OUB SECURITIES PTE LTD.
OWWMSGS1,OWWMSGS1XXX,OWW CAPITAL PARTNERS PTE LTD
PAMASGS1,PAMASGS1XXX,PHEIM ASSET MANAGEMENT (ASIA) PTE
PAMGSGS1,PAMGSGS1XXX,EASTSPRING INVESTMENTS SINGAPORE LIMITED
PANASGS1,PANASGS1XXX,PANASONIC ASIA PACIFIC PTE. LTD.
PAPPSGS1,PAPPSGS1XXX,PAA CAPITAL PTE LIMITED
PARBSG21,PARBSG21000,BNP PARIBAS - SINGAPORE BRANCH
PARBSG21,PARBSG21001,BNP PARIBAS - SINGAPORE BRANCH
PARBSG21,PARBSG21002,BNP PARIBAS - SINGAPORE BRANCH
PARBSG21,PARBSG21003,BNP PARIBAS - SINGAPORE BRANCH
PARBSG21,PARBSG21004,BNP PARIBAS - SINGAPORE BRANCH
PARBSG21,PARBSG21005,BNP PARIBAS - SINGAPORE BRANCH
PARBSG21,PARBSG21006,BNP PARIBAS - SINGAPORE BRANCH
PARBSG21,PARBSG21007,BNP PARIBAS - SINGAPORE BRANCH
PARBSG21,PARBSG21008,BNP PARIBAS - SINGAPORE BRANCH
PARBSG21,PARBSG21009,BNP PARIBAS - SINGAPORE BRANCH
PARBSG21,PARBSG21010,BNP PARIBAS - SINGAPORE BRANCH
PARBSG21,PARBSG21011,BNP PARIBAS - SINGAPORE BRANCH
PARBSG21,PARBSG21012,BNP PARIBAS - SINGAPORE BRANCH
PARBSG21,PARBSG21013,BNP PARIBAS - SINGAPORE BRANCH
PARBSG21,PARBSG21014,BNP PARIBAS - SINGAPORE BRANCH
PARBSG21,PARBSG21015,BNP PARIBAS - SINGAPORE BRANCH
PARBSG21,PARBSG21016,BNP PARIBAS - SINGAPORE BRANCH
PARBSG21,PARBSG21017,BNP PARIBAS - SINGAPORE BRANCH
PARBSG21,PARBSG21018,BNP PARIBAS - SINGAPORE BRANCH
PARBSG21,PARBSG21019,BNP PARIBAS - SINGAPORE BRANCH
PARBSG21,PARBSG21020,BNP PARIBAS - SINGAPORE BRANCH
PARBSG21,PARBSG21021,BNP PARIBAS - SINGAPORE BRANCH
PARBSG21,PARBSG21022,BNP PARIBAS - SINGAPORE BRANCH
PARBSG21,PARBSG21023,BNP PARIBAS - SINGAPORE BRANCH
PARBSG21,PARBSG21024,BNP PARIBAS - SINGAPORE BRANCH
PARBSG21,PARBSG21025,BNP PARIBAS - SINGAPORE BRANCH
PARBSG21,PARBSG21026,BNP PARIBAS - SINGAPORE BRANCH
PARBSG21,PARBSG21027,BNP PARIBAS - SINGAPORE BRANCH
PARBSG21,PARBSG21028,BNP PARIBAS - SINGAPORE BRANCH
PARBSG21,PARBSG21029,BNP PARIBAS - SINGAPORE BRANCH
PARBSG21,PARBSG21030,BNP PARIBAS - SINGAPORE BRANCH
PARBSG21,PARBSG21031,BNP PARIBAS - SINGAPORE BRANCH
PARBSG21,PARBSG21032,BNP PARIBAS - SINGAPORE BRANCH
PARBSG21,PARBSG21033,BNP PARIBAS - SINGAPORE BRANCH
PARBSG21,PARBSG21034,BNP PARIBAS - SINGAPORE BRANCH
PARBSG21,PARBSG21035,BNP PARIBAS - SINGAPORE BRANCH
PARBSG21,PARBSG21036,BNP PARIBAS - SINGAPORE BRANCH
PARBSG21,PARBSG21037,BNP PARIBAS - SINGAPORE BRANCH
PARBSG21,PARBSG21038,BNP PARIBAS - SINGAPORE BRANCH
PARBSG21,PARBSG21039,BNP PARIBAS - SINGAPORE BRANCH
PARBSG21,PARBSG21040,BNP PARIBAS - SINGAPORE BRANCH
PARBSG21,PARBSG21041,BNP PARIBAS - SINGAPORE BRANCH
PARBSG21,PARBSG21042,BNP PARIBAS - SINGAPORE BRANCH
PARBSG21,PARBSG21043,BNP PARIBAS - SINGAPORE BRANCH
PARBSG21,PARBSG21044,BNP PARIBAS - SINGAPORE BRANCH
PARBSG21,PARBSG21045,BNP PARIBAS - SINGAPORE BRANCH
PARBSG21,PARBSG21046,BNP PARIBAS - SINGAPORE BRANCH
PARBSG21,PARBSG21047,BNP PARIBAS - SINGAPORE BRANCH
PARBSG21,PARBSG21048,BNP PARIBAS - SINGAPORE BRANCH
PARBSG21,PARBSG21049,BNP PARIBAS - SINGAPORE BRANCH
PARBSG21,PARBSG21050,BNP PARIBAS - SINGAPORE BRANCH
PARBSG21,PARBSG21051,BNP PARIBAS - SINGAPORE BRANCH
PARBSG21,PARBSG21052,BNP PARIBAS - SINGAPORE BRANCH
PARBSG21,PARBSG21053,BNP PARIBAS - SINGAPORE BRANCH
PARBSG21,PARBSG21054,BNP PARIBAS - SINGAPORE BRANCH
PARBSG21,PARBSG21055,BNP PARIBAS - SINGAPORE BRANCH
PARBSG21,PARBSG21056,BNP PARIBAS - SINGAPORE BRANCH
PARBSG21,PARBSG21057,BNP PARIBAS - SINGAPORE BRANCH
PARBSG21,PARBSG21058,BNP PARIBAS - SINGAPORE BRANCH
PARBSG21,PARBSG21059,BNP PARIBAS - SINGAPORE BRANCH
PARBSG21,PARBSG21060,BNP PARIBAS - SINGAPORE BRANCH
PARBSG21,PARBSG21061,BNP PARIBAS - SINGAPORE BRANCH
PARBSG21,PARBSG21062,BNP PARIBAS - SINGAPORE BRANCH
PARBSG21,PARBSG21063,BNP PARIBAS - SINGAPORE BRANCH
PARBSG21,PARBSG21064,BNP PARIBAS - SINGAPORE BRANCH
PARBSG21,PARBSG21065,BNP PARIBAS - SINGAPORE BRANCH
PARBSG21,PARBSG21066,BNP PARIBAS - SINGAPORE BRANCH
PARBSG21,PARBSG21067,BNP PARIBAS - SINGAPORE BRANCH
PARBSG21,PARBSG21068,BNP PARIBAS - SINGAPORE BRANCH
PARBSG21,PARBSG21069,BNP PARIBAS - SINGAPORE BRANCH
PARBSG21,PARBSG21070,BNP PARIBAS - SINGAPORE BRANCH
PARBSG21,PARBSG21071,BNP PARIBAS - SINGAPORE BRANCH
PARBSG21,PARBSG21072,BNP PARIBAS - SINGAPORE BRANCH
PARBSG21,PARBSG21073,BNP PARIBAS - SINGAPORE BRANCH
PARBSG21,PARBSG21074,BNP PARIBAS - SINGAPORE BRANCH
PARBSG21,PARBSG21075,BNP PARIBAS - SINGAPORE BRANCH
PARBSG21,PARBSG21076,BNP PARIBAS - SINGAPORE BRANCH
PARBSG21,PARBSG21077,BNP PARIBAS - SINGAPORE BRANCH
PARBSG21,PARBSG21078,BNP PARIBAS - SINGAPORE BRANCH
PARBSG21,PARBSG21079,BNP PARIBAS - SINGAPORE BRANCH
PARBSG21,PARBSG21080,BNP PARIBAS - SINGAPORE BRANCH
PARBSG21,PARBSG21081,BNP PARIBAS - SINGAPORE BRANCH
PARBSG21,PARBSG21082,BNP PARIBAS - SINGAPORE BRANCH
PARBSG21,PARBSG21083,BNP PARIBAS - SINGAPORE BRANCH
PARBSG21,PARBSG21084,BNP PARIBAS - SINGAPORE BRANCH
PARBSG21,PARBSG21085,BNP PARIBAS - SINGAPORE BRANCH
PARBSG21,PARBSG21086,BNP PARIBAS - SINGAPORE BRANCH
PARBSG21,PARBSG21087,BNP PARIBAS - SINGAPORE BRANCH
PARBSG21,PARBSG21088,BNP PARIBAS - SINGAPORE BRANCH
PARBSG21,PARBSG21089,BNP PARIBAS - SINGAPORE BRANCH
PARBSG21,PARBSG21090,BNP PARIBAS - SINGAPORE BRANCH
PARBSG21,PARBSG21091,BNP PARIBAS - SINGAPORE BRANCH
PARBSG21,PARBSG21092,BNP PARIBAS - SINGAPORE BRANCH
PARBSG21,PARBSG21093,BNP PARIBAS - SINGAPORE BRANCH
PARBSG21,PARBSG21094,BNP PARIBAS - SINGAPORE BRANCH
PARBSG21,PARBSG21095,BNP PARIBAS - SINGAPORE BRANCH
PARBSG21,PARBSG21096,BNP PARIBAS - SINGAPORE BRANCH
PARBSG21,PARBSG21097,BNP PARIBAS - SINGAPORE BRANCH
PARBSG21,PARBSG21098,BNP PARIBAS - SINGAPORE BRANCH
PARBSG21,PARBSG21099,BNP PARIBAS - SINGAPORE BRANCH
PARBSG21,PARBSG21100,BNP PARIBAS - SINGAPORE BRANCH
PARBSG21,PARBSG21101,BNP PARIBAS - SINGAPORE BRANCH
PARBSG21,PARBSG21102,BNP PARIBAS - SINGAPORE BRANCH
PARBSG21,PARBSG21103,BNP PARIBAS - SINGAPORE BRANCH
PARBSG21,PARBSG21104,BNP PARIBAS - SINGAPORE BRANCH
PARBSG21,PARBSG21105,BNP PARIBAS - SINGAPORE BRANCH
PARBSG21,PARBSG21106,BNP PARIBAS - SINGAPORE BRANCH
PARBSG21,PARBSG21107,BNP PARIBAS - SINGAPORE BRANCH
PARBSG21,PARBSG21108,BNP PARIBAS - SINGAPORE BRANCH
PARBSG21,PARBSG21109,BNP PARIBAS - SINGAPORE BRANCH
PARBSG21,PARBSG21110,BNP PARIBAS - SINGAPORE BRANCH
PARBSG21,PARBSG21111,BNP PARIBAS - SINGAPORE BRANCH
PARBSG21,PARBSG21112,BNP PARIBAS - SINGAPORE BRANCH
PARBSG21,PARBSG21113,BNP PARIBAS - SINGAPORE BRANCH
PARBSG21,PARBSG21114,BNP PARIBAS - SINGAPORE BRANCH
PARBSG21,PARBSG21115,BNP PARIBAS - SINGAPORE BRANCH
PARBSG21,PARBSG21116,BNP PARIBAS - SINGAPORE BRANCH
PARBSG21,PARBSG21117,BNP PARIBAS - SINGAPORE BRANCH
PARBSG21,PARBSG21118,BNP PARIBAS - SINGAPORE BRANCH
PARBSG21,PARBSG21119,BNP PARIBAS - SINGAPORE BRANCH
PARBSG21,PARBSG21120,BNP PARIBAS - SINGAPORE BRANCH
PARBSG21,PARBSG21121,BNP PARIBAS - SINGAPORE BRANCH
PARBSG21,PARBSG21122,BNP PARIBAS - SINGAPORE BRANCH
PARBSG21,PARBSG21123,BNP PARIBAS - SINGAPORE BRANCH
PARBSG21,PARBSG21124,BNP PARIBAS - SINGAPORE BRANCH
PARBSG21,PARBSG21125,BNP PARIBAS - SINGAPORE BRANCH
PARBSG21,PARBSG21126,BNP PARIBAS - SINGAPORE BRANCH
PARBSG21,PARBSG21127,BNP PARIBAS - SINGAPORE BRANCH
PARBSG21,PARBSG21128,BNP PARIBAS - SINGAPORE BRANCH
PARBSG21,PARBSG21129,BNP PARIBAS - SINGAPORE BRANCH
PARBSG21,PARBSG21130,BNP PARIBAS - SINGAPORE BRANCH
PARBSG21,PARBSG21131,BNP PARIBAS - SINGAPORE BRANCH
PARBSG21,PARBSG21132,BNP PARIBAS - SINGAPORE BRANCH
PARBSG21,PARBSG21133,BNP PARIBAS - SINGAPORE BRANCH
PARBSG21,PARBSG21134,BNP PARIBAS - SINGAPORE BRANCH
PARBSG21,PARBSG21135,BNP PARIBAS - SINGAPORE BRANCH
PARBSG21,PARBSG21136,BNP PARIBAS - SINGAPORE BRANCH
PARBSG21,PARBSG21137,BNP PARIBAS - SINGAPORE BRANCH
PARBSG21,PARBSG21138,BNP PARIBAS - SINGAPORE BRANCH
PARBSG21,PARBSG21139,BNP PARIBAS - SINGAPORE BRANCH
PARBSG21,PARBSG21140,BNP PARIBAS - SINGAPORE BRANCH
PARBSG21,PARBSG21141,BNP PARIBAS - SINGAPORE BRANCH
PARBSG21,PARBSG21142,BNP PARIBAS - SINGAPORE BRANCH
PARBSG21,PARBSG21143,BNP PARIBAS - SINGAPORE BRANCH
PARBSG21,PARBSG21144,BNP PARIBAS - SINGAPORE BRANCH
PARBSG21,PARBSG21145,BNP PARIBAS - SINGAPORE BRANCH
PARBSG21,PARBSG21146,BNP PARIBAS - SINGAPORE BRANCH
PARBSG21,PARBSG21147,BNP PARIBAS - SINGAPORE BRANCH
PARBSG21,PARBSG21148,BNP PARIBAS - SINGAPORE BRANCH
PARBSG21,PARBSG21149,BNP PARIBAS - SINGAPORE BRANCH
PARBSG21,PARBSG21150,BNP PARIBAS - SINGAPORE BRANCH
PARBSG21,PARBSG21151,BNP PARIBAS - SINGAPORE BRANCH
PARBSG21,PARBSG21152,BNP PARIBAS - SINGAPORE BRANCH
PARBSG21,PARBSG21153,BNP PARIBAS - SINGAPORE BRANCH
PARBSG21,PARBSG21154,BNP PARIBAS - SINGAPORE BRANCH
PARBSG21,PARBSG21155,BNP PARIBAS - SINGAPORE BRANCH
PARBSG21,PARBSG21156,BNP PARIBAS - SINGAPORE BRANCH
PARBSG21,PARBSG21157,BNP PARIBAS - SINGAPORE BRANCH
PARBSG21,PARBSG21158,BNP PARIBAS - SINGAPORE BRANCH
PARBSG21,PARBSG21159,BNP PARIBAS - SINGAPORE BRANCH
PARBSG21,PARBSG21160,BNP PARIBAS - SINGAPORE BRANCH
PARBSG21,PARBSG21161,BNP PARIBAS - SINGAPORE BRANCH
PARBSG21,PARBSG21162,BNP PARIBAS - SINGAPORE BRANCH
PARBSG21,PARBSG21163,BNP PARIBAS - SINGAPORE BRANCH
PARBSG21,PARBSG21164,BNP PARIBAS - SINGAPORE BRANCH
PARBSG21,PARBSG21165,BNP PARIBAS - SINGAPORE BRANCH
PARBSG21,PARBSG21166,BNP PARIBAS - SINGAPORE BRANCH
PARBSG21,PARBSG21167,BNP PARIBAS - SINGAPORE BRANCH
PARBSG21,PARBSG21168,BNP PARIBAS - SINGAPORE BRANCH
PARBSG21,PARBSG21169,BNP PARIBAS - SINGAPORE BRANCH
PARBSG21,PARBSG21170,BNP PARIBAS - SINGAPORE BRANCH
PARBSG21,PARBSG21171,BNP PARIBAS - SINGAPORE BRANCH
PARBSG21,PARBSG21172,BNP PARIBAS - SINGAPORE BRANCH
PARBSG21,PARBSG21173,BNP PARIBAS - SINGAPORE BRANCH
PARBSG21,PARBSG21174,BNP PARIBAS - SINGAPORE BRANCH
PARBSG21,PARBSG21175,BNP PARIBAS - SINGAPORE BRANCH
PARBSG21,PARBSG21176,BNP PARIBAS - SINGAPORE BRANCH
PARBSG21,PARBSG21177,BNP PARIBAS - SINGAPORE BRANCH
PARBSG21,PARBSG21178,BNP PARIBAS - SINGAPORE BRANCH
PARBSG21,PARBSG21179,BNP PARIBAS - SINGAPORE BRANCH
PARBSG21,PARBSG21180,BNP PARIBAS - SINGAPORE BRANCH
PARBSG21,PARBSG21181,BNP PARIBAS - SINGAPORE BRANCH
PARBSG21,PARBSG21182,BNP PARIBAS - SINGAPORE BRANCH
PARBSG21,PARBSG21183,BNP PARIBAS - SINGAPORE BRANCH
PARBSG21,PARBSG21184,BNP PARIBAS - SINGAPORE BRANCH
PARBSG21,PARBSG21185,BNP PARIBAS - SINGAPORE BRANCH
PARBSG21,PARBSG21186,BNP PARIBAS - SINGAPORE BRANCH
PARBSG21,PARBSG21187,BNP PARIBAS - SINGAPORE BRANCH
PARBSG21,PARBSG21188,BNP PARIBAS - SINGAPORE BRANCH
PARBSG21,PARBSG21189,BNP PARIBAS - SINGAPORE BRANCH
PARBSG21,PARBSG21190,BNP PARIBAS - SINGAPORE BRANCH
PARBSG21,PARBSG21191,BNP PARIBAS - SINGAPORE BRANCH
PARBSG21,PARBSG21192,BNP PARIBAS - SINGAPORE BRANCH
PARBSG21,PARBSG21193,BNP PARIBAS - SINGAPORE BRANCH
PARBSG21,PARBSG21194,BNP PARIBAS - SINGAPORE BRANCH
PARBSG21,PARBSG21195,BNP PARIBAS - SINGAPORE BRANCH
PARBSG21,PARBSG21196,BNP PARIBAS - SINGAPORE BRANCH
PARBSG21,PARBSG21197,BNP PARIBAS - SINGAPORE BRANCH
PARBSG21,PARBSG21198,BNP PARIBAS - SINGAPORE BRANCH
PARBSG21,PARBSG21199,BNP PARIBAS - SINGAPORE BRANCH
PARBSG21,PARBSG21200,BNP PARIBAS - SINGAPORE BRANCH
PARBSG21,PARBSG21201,BNP PARIBAS - SINGAPORE BRANCH
PARBSG21,PARBSG21202,BNP PARIBAS - SINGAPORE BRANCH
PARBSG21,PARBSG21203,BNP PARIBAS - SINGAPORE BRANCH
PARBSG21,PARBSG21204,BNP PARIBAS - SINGAPORE BRANCH
PARBSG21,PARBSG21205,BNP PARIBAS - SINGAPORE BRANCH
PARBSG21,PARBSG21206,BNP PARIBAS - SINGAPORE BRANCH
PARBSG21,PARBSG21207,BNP PARIBAS - SINGAPORE BRANCH
PARBSG21,PARBSG21208,BNP PARIBAS - SINGAPORE BRANCH
PARBSG21,PARBSG21209,BNP PARIBAS - SINGAPORE BRANCH
PARBSG21,PARBSG21210,BNP PARIBAS - SINGAPORE BRANCH
PARBSG21,PARBSG21211,BNP PARIBAS - SINGAPORE BRANCH
PARBSG21,PARBSG21212,BNP PARIBAS - SINGAPORE BRANCH
PARBSG21,PARBSG21213,BNP PARIBAS - SINGAPORE BRANCH
PARBSG21,PARBSG21214,BNP PARIBAS - SINGAPORE BRANCH
PARBSG21,PARBSG21215,BNP PARIBAS - SINGAPORE BRANCH
PARBSG21,PARBSG21216,BNP PARIBAS - SINGAPORE BRANCH
PARBSG21,PARBSG21217,BNP PARIBAS - SINGAPORE BRANCH
PARBSG21,PARBSG21218,BNP PARIBAS - SINGAPORE BRANCH
PARBSG21,PARBSG21219,BNP PARIBAS - SINGAPORE BRANCH
PARBSG21,PARBSG21220,BNP PARIBAS - SINGAPORE BRANCH
PARBSG21,PARBSG21221,BNP PARIBAS - SINGAPORE BRANCH
PARBSG21,PARBSG21222,BNP PARIBAS - SINGAPORE BRANCH
PARBSG21,PARBSG21223,BNP PARIBAS - SINGAPORE BRANCH
PARBSG21,PARBSG21224,BNP PARIBAS - SINGAPORE BRANCH
PARBSG21,PARBSG21225,BNP PARIBAS - SINGAPORE BRANCH
PARBSG21,PARBSG21226,BNP PARIBAS - SINGAPORE BRANCH
PARBSG21,PARBSG21227,BNP PARIBAS - SINGAPORE BRANCH
PARBSG21,PARBSG21228,BNP PARIBAS - SINGAPORE BRANCH
PARBSG21,PARBSG21229,BNP PARIBAS - SINGAPORE BRANCH
PARBSG21,PARBSG21230,BNP PARIBAS - SINGAPORE BRANCH
PARBSG21,PARBSG21231,BNP PARIBAS - SINGAPORE BRANCH
PARBSG21,PARBSG21232,BNP PARIBAS - SINGAPORE BRANCH
PARBSG21,PARBSG21233,BNP PARIBAS - SINGAPORE BRANCH
PARBSG21,PARBSG21234,BNP PARIBAS - SINGAPORE BRANCH
PARBSG21,PARBSG21235,BNP PARIBAS - SINGAPORE BRANCH
PARBSG21,PARBSG21236,BNP PARIBAS - SINGAPORE BRANCH
PARBSG21,PARBSG21237,BNP PARIBAS - SINGAPORE BRANCH
PARBSG21,PARBSG21238,BNP PARIBAS - SINGAPORE BRANCH
PARBSG21,PARBSG21239,BNP PARIBAS - SINGAPORE BRANCH
PARBSG21,PARBSG21240,BNP PARIBAS - SINGAPORE BRANCH
PARBSG21,PARBSG21241,BNP PARIBAS - SINGAPORE BRANCH
PARBSG21,PARBSG21242,BNP PARIBAS - SINGAPORE BRANCH
PARBSG21,PARBSG21243,BNP PARIBAS - SINGAPORE BRANCH
PARBSG21,PARBSG21244,BNP PARIBAS - SINGAPORE BRANCH
PARBSG21,PARBSG21245,BNP PARIBAS - SINGAPORE BRANCH
PARBSG21,PARBSG21246,BNP PARIBAS - SINGAPORE BRANCH
PARBSG21,PARBSG21247,BNP PARIBAS - SINGAPORE BRANCH
PARBSG21,PARBSG21248,BNP PARIBAS - SINGAPORE BRANCH
PARBSG21,PARBSG21249,BNP PARIBAS - SINGAPORE BRANCH
PARBSG21,PARBSG21250,BNP PARIBAS - SINGAPORE BRANCH
PARBSG21,PARBSG21251,BNP PARIBAS - SINGAPORE BRANCH
PARBSG21,PARBSG21252,BNP PARIBAS - SINGAPORE BRANCH
PARBSG21,PARBSG21253,BNP PARIBAS - SINGAPORE BRANCH
PARBSG21,PARBSG21254,BNP PARIBAS - SINGAPORE BRANCH
PARBSG21,PARBSG21255,BNP PARIBAS - SINGAPORE BRANCH
PARBSG21,PARBSG21256,BNP PARIBAS - SINGAPORE BRANCH
PARBSG21,PARBSG21257,BNP PARIBAS - SINGAPORE BRANCH
PARBSG21,PARBSG21258,BNP PARIBAS - SINGAPORE BRANCH
PARBSG21,PARBSG21259,BNP PARIBAS - SINGAPORE BRANCH
PARBSG21,PARBSG21260,BNP PARIBAS - SINGAPORE BRANCH
PARBSG21,PARBSG21261,BNP PARIBAS - SINGAPORE BRANCH
PARBSG21,PARBSG21262,BNP PARIBAS - SINGAPORE BRANCH
PARBSG21,PARBSG21263,BNP PARIBAS - SINGAPORE BRANCH
PARBSG21,PARBSG21264,BNP PARIBAS - SINGAPORE BRANCH
PARBSG21,PARBSG21265,BNP PARIBAS - SINGAPORE BRANCH
PARBSG21,PARBSG21266,BNP PARIBAS - SINGAPORE BRANCH
PARBSG21,PARBSG21267,BNP PARIBAS - SINGAPORE BRANCH
PARBSG21,PARBSG21268,BNP PARIBAS - SINGAPORE BRANCH
PARBSG21,PARBSG21269,BNP PARIBAS - SINGAPORE BRANCH
PARBSG21,PARBSG21270,BNP PARIBAS - SINGAPORE BRANCH
PARBSG21,PARBSG21271,BNP PARIBAS - SINGAPORE BRANCH
PARBSG21,PARBSG21272,BNP PARIBAS - SINGAPORE BRANCH
PARBSG21,PARBSG21273,BNP PARIBAS - SINGAPORE BRANCH
PARBSG21,PARBSG21274,BNP PARIBAS - SINGAPORE BRANCH
PARBSG21,PARBSG21275,BNP PARIBAS - SINGAPORE BRANCH
PARBSG21,PARBSG21276,BNP PARIBAS - SINGAPORE BRANCH
PARBSG21,PARBSG21277,BNP PARIBAS - SINGAPORE BRANCH
PARBSG21,PARBSG21278,BNP PARIBAS - SINGAPORE BRANCH
PARBSG21,PARBSG21279,BNP PARIBAS - SINGAPORE BRANCH
PARBSG21,PARBSG21280,BNP PARIBAS - SINGAPORE BRANCH
PARBSG21,PARBSG21281,BNP PARIBAS - SINGAPORE BRANCH
PARBSG21,PARBSG21282,BNP PARIBAS - SINGAPORE BRANCH
PARBSG21,PARBSG21283,BNP PARIBAS - SINGAPORE BRANCH
PARBSG21,PARBSG21284,BNP PARIBAS - SINGAPORE BRANCH
PARBSG21,PARBSG21285,BNP PARIBAS - SINGAPORE BRANCH
PARBSG21,PARBSG21286,BNP PARIBAS - SINGAPORE BRANCH
PARBSG21,PARBSG21287,BNP PARIBAS - SINGAPORE BRANCH
PARBSG21,PARBSG21288,BNP PARIBAS - SINGAPORE BRANCH
PARBSG21,PARBSG21289,BNP PARIBAS - SINGAPORE BRANCH
PARBSG21,PARBSG21290,BNP PARIBAS - SINGAPORE BRANCH
PARBSG21,PARBSG21291,BNP PARIBAS - SINGAPORE BRANCH
PARBSG21,PARBSG21292,BNP PARIBAS - SINGAPORE BRANCH
PARBSG21,PARBSG21293,BNP PARIBAS - SINGAPORE BRANCH
PARBSG21,PARBSG21294,BNP PARIBAS - SINGAPORE BRANCH
PARBSG21,PARBSG21295,BNP PARIBAS - SINGAPORE BRANCH
PARBSG21,PARBSG21296,BNP PARIBAS - SINGAPORE BRANCH
PARBSG21,PARBSG21297,BNP PARIBAS - SINGAPORE BRANCH
PARBSG21,PARBSG21298,BNP PARIBAS - SINGAPORE BRANCH
PARBSG21,PARBSG21299,BNP PARIBAS - SINGAPORE BRANCH
PARBSG21,PARBSG21300,BNP PARIBAS - SINGAPORE BRANCH
PARBSG21,PARBSG21301,BNP PARIBAS - SINGAPORE BRANCH
PARBSG21,PARBSG21302,BNP PARIBAS - SINGAPORE BRANCH
PARBSG21,PARBSG21303,BNP PARIBAS - SINGAPORE BRANCH
PARBSG21,PARBSG21304,BNP PARIBAS - SINGAPORE BRANCH
PARBSG21,PARBSG21305,BNP PARIBAS - SINGAPORE BRANCH
PARBSG21,PARBSG21306,BNP PARIBAS - SINGAPORE BRANCH
PARBSG21,PARBSG21307,BNP PARIBAS - SINGAPORE BRANCH
PARBSG21,PARBSG21308,BNP PARIBAS - SINGAPORE BRANCH
PARBSG21,PARBSG21309,BNP PARIBAS - SINGAPORE BRANCH
PARBSG21,PARBSG21310,BNP PARIBAS - SINGAPORE BRANCH
PARBSG21,PARBSG21311,BNP PARIBAS - SINGAPORE BRANCH
PARBSG21,PARBSG21312,BNP PARIBAS - SINGAPORE BRANCH
PARBSG21,PARBSG21313,BNP PARIBAS - SINGAPORE BRANCH
PARBSG21,PARBSG21314,BNP PARIBAS - SINGAPORE BRANCH
PARBSG21,PARBSG21315,BNP PARIBAS - SINGAPORE BRANCH
PARBSG21,PARBSG21316,BNP PARIBAS - SINGAPORE BRANCH
PARBSG21,PARBSG21317,BNP PARIBAS - SINGAPORE BRANCH
PARBSG21,PARBSG21318,BNP PARIBAS - SINGAPORE BRANCH
PARBSG21,PARBSG21319,BNP PARIBAS - SINGAPORE BRANCH
PARBSG21,PARBSG21320,BNP PARIBAS - SINGAPORE BRANCH
PARBSG21,PARBSG21321,BNP PARIBAS - SINGAPORE BRANCH
PARBSG21,PARBSG21322,BNP PARIBAS - SINGAPORE BRANCH
PARBSG21,PARBSG21323,BNP PARIBAS - SINGAPORE BRANCH
PARBSG21,PARBSG21324,BNP PARIBAS - SINGAPORE BRANCH
PARBSG21,PARBSG21325,BNP PARIBAS - SINGAPORE BRANCH
PARBSG21,PARBSG21326,BNP PARIBAS - SINGAPORE BRANCH
PARBSG21,PARBSG21327,BNP PARIBAS - SINGAPORE BRANCH
PARBSG21,PARBSG21328,BNP PARIBAS - SINGAPORE BRANCH
PARBSG21,PARBSG21329,BNP PARIBAS - SINGAPORE BRANCH
PARBSG21,PARBSG21330,BNP PARIBAS - SINGAPORE BRANCH
PARBSG21,PARBSG21331,BNP PARIBAS - SINGAPORE BRANCH
PARBSG21,PARBSG21332,BNP PARIBAS - SINGAPORE BRANCH
PARBSG21,PARBSG21333,BNP PARIBAS - SINGAPORE BRANCH
PARBSG21,PARBSG21334,BNP PARIBAS - SINGAPORE BRANCH
PARBSG21,PARBSG21335,BNP PARIBAS - SINGAPORE BRANCH
PARBSG21,PARBSG21336,BNP PARIBAS - SINGAPORE BRANCH
PARBSG21,PARBSG21337,BNP PARIBAS - SINGAPORE BRANCH
PARBSG21,PARBSG21338,BNP PARIBAS - SINGAPORE BRANCH
PARBSG21,PARBSG21339,BNP PARIBAS - SINGAPORE BRANCH
PARBSG21,PARBSG21340,BNP PARIBAS - SINGAPORE BRANCH
PARBSG21,PARBSG21341,BNP PARIBAS - SINGAPORE BRANCH
PARBSG21,PARBSG21342,BNP PARIBAS - SINGAPORE BRANCH
PARBSG21,PARBSG21343,BNP PARIBAS - SINGAPORE BRANCH
PARBSG21,PARBSG21344,BNP PARIBAS - SINGAPORE BRANCH
PARBSG21,PARBSG21345,BNP PARIBAS - SINGAPORE BRANCH
PARBSG21,PARBSG21346,BNP PARIBAS - SINGAPORE BRANCH
PARBSG21,PARBSG21347,BNP PARIBAS - SINGAPORE BRANCH
PARBSG21,PARBSG21348,BNP PARIBAS - SINGAPORE BRANCH
PARBSG21,PARBSG21349,BNP PARIBAS - SINGAPORE BRANCH
PARBSG21,PARBSG21350,BNP PARIBAS - SINGAPORE BRANCH
PARBSG21,PARBSG21351,BNP PARIBAS - SINGAPORE BRANCH
PARBSG21,PARBSG21352,BNP PARIBAS - SINGAPORE BRANCH
PARBSG21,PARBSG21353,BNP PARIBAS - SINGAPORE BRANCH
PARBSG21,PARBSG21354,BNP PARIBAS - SINGAPORE BRANCH
PARBSG21,PARBSG21355,BNP PARIBAS - SINGAPORE BRANCH
PARBSG21,PARBSG21356,BNP PARIBAS - SINGAPORE BRANCH
PARBSG21,PARBSG21357,BNP PARIBAS - SINGAPORE BRANCH
PARBSG21,PARBSG21358,BNP PARIBAS - SINGAPORE BRANCH
PARBSG21,PARBSG21359,BNP PARIBAS - SINGAPORE BRANCH
PARBSG21,PARBSG21360,BNP PARIBAS - SINGAPORE BRANCH
PARBSG21,PARBSG21361,BNP PARIBAS - SINGAPORE BRANCH
PARBSG21,PARBSG21362,BNP PARIBAS - SINGAPORE BRANCH
PARBSG21,PARBSG21363,BNP PARIBAS - SINGAPORE BRANCH
PARBSG21,PARBSG21364,BNP PARIBAS - SINGAPORE BRANCH
PARBSG21,PARBSG21365,BNP PARIBAS - SINGAPORE BRANCH
PARBSG21,PARBSG21366,BNP PARIBAS - SINGAPORE BRANCH
PARBSG21,PARBSG21367,BNP PARIBAS - SINGAPORE BRANCH
PARBSG21,PARBSG21368,BNP PARIBAS - SINGAPORE BRANCH
PARBSG21,PARBSG21369,BNP PARIBAS - SINGAPORE BRANCH
PARBSG21,PARBSG21370,BNP PARIBAS - SINGAPORE BRANCH
PARBSG21,PARBSG21371,BNP PARIBAS - SINGAPORE BRANCH
PARBSG21,PARBSG21372,BNP PARIBAS - SINGAPORE BRANCH
PARBSG21,PARBSG21373,BNP PARIBAS - SINGAPORE BRANCH
PARBSG21,PARBSG21374,BNP PARIBAS - SINGAPORE BRANCH
PARBSG21,PARBSG21375,BNP PARIBAS - SINGAPORE BRANCH
PARBSG21,PARBSG21376,BNP PARIBAS - SINGAPORE BRANCH
PARBSG21,PARBSG21377,BNP PARIBAS - SINGAPORE BRANCH
PARBSG21,PARBSG21378,BNP PARIBAS - SINGAPORE BRANCH
PARBSG21,PARBSG21379,BNP PARIBAS - SINGAPORE BRANCH
PARBSG21,PARBSG21380,BNP PARIBAS - SINGAPORE BRANCH
PARBSG21,PARBSG21381,BNP PARIBAS - SINGAPORE BRANCH
PARBSG21,PARBSG21382,BNP PARIBAS - SINGAPORE BRANCH
PARBSG21,PARBSG21383,BNP PARIBAS - SINGAPORE BRANCH
PARBSG21,PARBSG21384,BNP PARIBAS - SINGAPORE BRANCH
PARBSG21,PARBSG21385,BNP PARIBAS - SINGAPORE BRANCH
PARBSG21,PARBSG21386,BNP PARIBAS - SINGAPORE BRANCH
PARBSG21,PARBSG21387,BNP PARIBAS - SINGAPORE BRANCH
PARBSG21,PARBSG21388,BNP PARIBAS - SINGAPORE BRANCH
PARBSG21,PARBSG21389,BNP PARIBAS - SINGAPORE BRANCH
PARBSG21,PARBSG21390,BNP PARIBAS - SINGAPORE BRANCH
PARBSG21,PARBSG21391,BNP PARIBAS - SINGAPORE BRANCH
PARBSG21,PARBSG21392,BNP PARIBAS - SINGAPORE BRANCH
PARBSG21,PARBSG21393,BNP PARIBAS - SINGAPORE BRANCH
PARBSG21,PARBSG21394,BNP PARIBAS - SINGAPORE BRANCH
PARBSG21,PARBSG21395,BNP PARIBAS - SINGAPORE BRANCH
PARBSG21,PARBSG21396,BNP PARIBAS - SINGAPORE BRANCH
PARBSG21,PARBSG21397,BNP PARIBAS - SINGAPORE BRANCH
PARBSG21,PARBSG21398,BNP PARIBAS - SINGAPORE BRANCH
PARBSG21,PARBSG21399,BNP PARIBAS - SINGAPORE BRANCH
PARBSG21,PARBSG21400,BNP PARIBAS - SINGAPORE BRANCH
PARBSG21,PARBSG21401,BNP PARIBAS - SINGAPORE BRANCH
PARBSG21,PARBSG21402,BNP PARIBAS - SINGAPORE BRANCH
PARBSG21,PARBSG21403,BNP PARIBAS - SINGAPORE BRANCH
PARBSG21,PARBSG21404,BNP PARIBAS - SINGAPORE BRANCH
PARBSG21,PARBSG21405,BNP PARIBAS - SINGAPORE BRANCH
PARBSG21,PARBSG21406,BNP PARIBAS - SINGAPORE BRANCH
PARBSG21,PARBSG21407,BNP PARIBAS - SINGAPORE BRANCH
PARBSG21,PARBSG21408,BNP PARIBAS - SINGAPORE BRANCH
PARBSG21,PARBSG21409,BNP PARIBAS - SINGAPORE BRANCH
PARBSG21,PARBSG21410,BNP PARIBAS - SINGAPORE BRANCH
PARBSG21,PARBSG21411,BNP PARIBAS - SINGAPORE BRANCH
PARBSG21,PARBSG21412,BNP PARIBAS - SINGAPORE BRANCH
PARBSG21,PARBSG21413,BNP PARIBAS - SINGAPORE BRANCH
PARBSG21,PARBSG21414,BNP PARIBAS - SINGAPORE BRANCH
PARBSG21,PARBSG21415,BNP PARIBAS - SINGAPORE BRANCH
PARBSG21,PARBSG21416,BNP PARIBAS - SINGAPORE BRANCH
PARBSG21,PARBSG21417,BNP PARIBAS - SINGAPORE BRANCH
PARBSG21,PARBSG21418,BNP PARIBAS - SINGAPORE BRANCH
PARBSG21,PARBSG21419,BNP PARIBAS - SINGAPORE BRANCH
PARBSG21,PARBSG21420,BNP PARIBAS - SINGAPORE BRANCH
PARBSG21,PARBSG21421,BNP PARIBAS - SINGAPORE BRANCH
PARBSG21,PARBSG21422,BNP PARIBAS - SINGAPORE BRANCH
PARBSG21,PARBSG21423,BNP PARIBAS - SINGAPORE BRANCH
PARBSG21,PARBSG21424,BNP PARIBAS - SINGAPORE BRANCH
PARBSG21,PARBSG21425,BNP PARIBAS - SINGAPORE BRANCH
PARBSG21,PARBSG21426,BNP PARIBAS - SINGAPORE BRANCH
PARBSG21,PARBSG21427,BNP PARIBAS - SINGAPORE BRANCH
PARBSG21,PARBSG21428,BNP PARIBAS - SINGAPORE BRANCH
PARBSG21,PARBSG21429,BNP PARIBAS - SINGAPORE BRANCH
PARBSG21,PARBSG21430,BNP PARIBAS - SINGAPORE BRANCH
PARBSG21,PARBSG21431,BNP PARIBAS - SINGAPORE BRANCH
PARBSG21,PARBSG21432,BNP PARIBAS - SINGAPORE BRANCH
PARBSG21,PARBSG21433,BNP PARIBAS - SINGAPORE BRANCH
PARBSG21,PARBSG21434,BNP PARIBAS - SINGAPORE BRANCH
PARBSG21,PARBSG21435,BNP PARIBAS - SINGAPORE BRANCH
PARBSG21,PARBSG21436,BNP PARIBAS - SINGAPORE BRANCH
PARBSG21,PARBSG21437,BNP PARIBAS - SINGAPORE BRANCH
PARBSG21,PARBSG21438,BNP PARIBAS - SINGAPORE BRANCH
PARBSG21,PARBSG21439,BNP PARIBAS - SINGAPORE BRANCH
PARBSG21,PARBSG21440,BNP PARIBAS - SINGAPORE BRANCH
PARBSG21,PARBSG21441,BNP PARIBAS - SINGAPORE BRANCH
PARBSG21,PARBSG21442,BNP PARIBAS - SINGAPORE BRANCH
PARBSG21,PARBSG21443,BNP PARIBAS - SINGAPORE BRANCH
PARBSG21,PARBSG21444,BNP PARIBAS - SINGAPORE BRANCH
PARBSG21,PARBSG21445,BNP PARIBAS - SINGAPORE BRANCH
PARBSG21,PARBSG21446,BNP PARIBAS - SINGAPORE BRANCH
PARBSG21,PARBSG21447,BNP PARIBAS - SINGAPORE BRANCH
PARBSG21,PARBSG21448,BNP PARIBAS - SINGAPORE BRANCH
PARBSG21,PARBSG21449,BNP PARIBAS - SINGAPORE BRANCH
PARBSG21,PARBSG21450,BNP PARIBAS - SINGAPORE BRANCH
PARBSG21,PARBSG21BLK,BNP PARIBAS - SINGAPORE BRANCH
PARBSG21,PARBSG21SCH,BNP PARIBAS - SINGAPORE BRANCH
PARBSG21,PARBSG21XXX,BNP PARIBAS - SINGAPORE BRANCH
PARBSGSG,PARBSGSGESI,BNP PARIBAS - SINGAPORE BRANCH
PARBSGSG,PARBSGSGGMP,BNP PARIBAS - SINGAPORE BRANCH
PARBSGSG,PARBSGSGISI,BNP PARIBAS - SINGAPORE BRANCH
PARBSGSG,PARBSGSGMOO,BNP PARIBAS - SINGAPORE BRANCH
PARBSGSG,PARBSGSGTPC,BNP PARIBAS - SINGAPORE BRANCH
PARBSGSG,PARBSGSGXXX,BNP PARIBAS - SINGAPORE BRANCH
PBOCSGSG,PBOCSGSGXXX,INVESTMENT COMPANY OF THE PEOPLE'S REPUBLIC OF CHINA (SINGAPORE) PTE LTD
PCBCSGSG,PCBCSGSGCIS,CHINA CONSTRUCTION BANK CORPORATION SINGAPORE BRANCH
PCBCSGSG,PCBCSGSGXXX,CHINA CONSTRUCTION BANK CORPORATION SINGAPORE BRANCH
PHCMSGS1,PHCMSGS1XXX,PHILLIP CAPITAL MANAGEMENT (S) LTD
PHFUSGS1,PHFUSGS1XXX,PHILLIP FUTURES PTE LTD.
PHSESGS1,PHSESGS1XXX,PHILLIP SECURITIES PTE LTD.
PICTSGSG,PICTSGSGCOR,BANQUE PICTET ET CIE SA SINGAPORE BRANCH
PICTSGSG,PICTSGSGXXX,BANQUE PICTET ET CIE SA SINGAPORE BRANCH
PIIPSGS1,PIIPSGS1XXX,PIA 2015 INVESTMENTS (SINGAPORE) PTE. LTD.
PIPPSGSG,PIPPSGSGXXX,PIPO (SG) PTE. LTD.
PNBMSGSG,PNBMSGSGXXX,PHILIPPINE NATIONAL BANK-SINGAPORE
PNBPSGSG,PNBPSGSGXXX,"WELLS FARGO BANK, NA"
PPMLSGS1,PPMLSGS1XXX,PRUDENTIAL PORTOFOLIO MANAGERS SINGAPORE LIMITED
PRYLSGS1,PRYLSGS1XXX,PREBON YAMANE (S) LIMITED
PSMNSGS2,PSMNSGS2XXX,PERSEVERANCE ASSET MANAGEMENT INTERNATIONAL (SINGAPORE) PTE. LTD.
PSRPSGS1,PSRPSGS1XXX,PHILLIP SECURITIES RESEARCH (PTE) L TD
PYPTSGS2,PYPTSGS2XXX,PAYPAL PTE. LTD.
QNBASGSG,QNBASGSGSLQ,QATAR NATIONAL BANK (Q.P.S.C)
QNBASGSG,QNBASGSGXXX,QATAR NATIONAL BANK (Q.P.S.C)
RAAISGS1,RAAISGS1XXX,AXA INVESTMENT MANAGERS ASIA (SINGAPORE) LTD
RAAPSGS1,RAAPSGS1XXX,NIPPON LIFE INDIA ASSET MANAGEMENT (SINGAPORE) PTE. LTD
RABOSGSG,RABOSGSGXXX,COOPERATIEVE RABOBANK U.A.
RANTSGS1,RANTSGS1XXX,RHB ASSET MANAGEMENT PTE LTD
RAPYSGS2,RAPYSGS2XXX,RAPYD HOLDINGS PTE LTD
RBOSSGSG,RBOSSGSGEQT,NATWEST MARKETS PLC SINGAPORE BRANCH
RBOSSGSG,RBOSSGSGNWB,NATWEST MARKETS PLC SINGAPORE BRANCH
RBOSSGSG,RBOSSGSGRSI,NATWEST MARKETS PLC SINGAPORE BRANCH
RBOSSGSG,RBOSSGSGXXX,NATWEST MARKETS PLC SINGAPORE BRANCH
RGSSSGSG,RGSSSGSGXXX,REVANTAGE GLOBAL SERVICES ASIA PTE. LTD.
RHBBSGSG,RHBBSGSGXXX,RHB BANK BHD
ROAMSGS1,ROAMSGS1XXX,ROTHSCHILD ASSET MANAGEMENT (S) LTD
ROTHSGS1,ROTHSGS1XXX,N.M. ROTHSCHILD AND SONS (SINGAPORE) LIMITED
ROYCSGS2,ROYCSGS2XXX,ROYAL BANK OF CANADA
ROYCSGSG,ROYCSGSGGSS,ROYAL BANK OF CANADA
ROYCSGSG,ROYCSGSGXXX,ROYAL BANK OF CANADA
RTSLSGS1,RTSLSGS1XXX,REFINITIV TRANSACTION SERVICES LIMITED SINGAPORE BRANCH
RVCASGS2,RVCASGS2XXX,RV CAPITAL MANAGEMENT PRIVATE LTD
RZBASGS1,RZBASGS1XXX,RAIFFEISEN BANK INTERNATIONAL AG SINGAPORE BRANCH
SACHSG22,SACHSG22XXX,BANKING COMPUTER SERVICES PRIVATE LIMITED
SACHSG32,SACHSG32XXX,BANKING COMPUTER SERVICES PRIVATE LIMITED
SACHSGS1,SACHSGS1XXX,BANKING COMPUTER SERVICES PRIVATE LIMITED
SALISGSG,SALISGSGXXX,SCHRODER AND CO. (ASIA) LIMITED
SAPTSGS1,SAPTSGS1XXX,J.M. SASSOON AND CO (PTE) LTD
SARASGSG,SARASGSGXXX,BANK J. SAFRA SARASIN LTD SINGAPORE BRANCH
SASSSGS1,SASSSGS1XXX,KHATTAR FINANCIAL FUTURES PTE. LTD
SBINSGSG,SBINSGSGXXX,STATE BANK OF INDIA
SBOSSGSX,SBOSSGSXAGC,STATE STREET BANK AND TRUST COMPANY
SBOSSGSX,SBOSSGSXAGD,STATE STREET BANK AND TRUST COMPANY
SBOSSGSX,SBOSSGSXTAD,STATE STREET BANK AND TRUST COMPANY
SBOSSGSX,SBOSSGSXUBS,STATE STREET BANK AND TRUST COMPANY
SBOSSGSX,SBOSSGSXXXX,STATE STREET BANK AND TRUST COMPANY
SBSASGSG,SBSASGSGXXX,"ICBC STANDARD BANK PLC, SINGAPORE BRANCH"
SBSPSGS1,SBSPSGS1XXX,CITIGROUP GLOBAL MARKETS SINGAPORE PTE LIMITED
SBSTSGSG,SBSTSGSGXXX,SBI SECURITIES (SINGAPORE) PTE.LTD.
SCBLSG21,SCBLSG21XXX,RAFFLES NOMINEES (S) PTE LIMITED
SCBLSG22,SCBLSG22EQI,STANDARD CHARTERED BANK (SINGAPORE) LIMITED
SCBLSG22,SCBLSG22GPE,STANDARD CHARTERED BANK (SINGAPORE) LIMITED
SCBLSG22,SCBLSG22STM,STANDARD CHARTERED BANK (SINGAPORE) LIMITED
SCBLSG22,SCBLSG22WMO,STANDARD CHARTERED BANK (SINGAPORE) LIMITED
SCBLSG22,SCBLSG22XXX,STANDARD CHARTERED BANK (SINGAPORE) LIMITED
SCBLSG22,SCBLSG22ZOP,STANDARD CHARTERED BANK (SINGAPORE) LIMITED
SCBLSG22,SCBLSG22ZPB,STANDARD CHARTERED BANK (SINGAPORE) LIMITED
SCBLSGS1,SCBLSGS1ZLA,STANDARD CHARTERED BANK
SCBLSGSG,SCBLSGSGCDP,STANDARD CHARTERED BANK
SCBLSGSG,SCBLSGSGEQI,STANDARD CHARTERED BANK
SCBLSGSG,SCBLSGSGFIN,STANDARD CHARTERED BANK
SCBLSGSG,SCBLSGSGFTL,STANDARD CHARTERED BANK
SCBLSGSG,SCBLSGSGGPE,STANDARD CHARTERED BANK
SCBLSGSG,SCBLSGSGXXX,STANDARD CHARTERED BANK
SCBLSGSG,SCBLSGSGZOP,STANDARD CHARTERED BANK
SCBLSGSG,SCBLSGSGZPB,STANDARD CHARTERED BANK
SCMASGS1,SCMASGS1XXX,STANDARD CHARTERED MERCHANT BANK AS IA LTD.
SCNISGS2,SCNISGS2XXX,SPRINGS CAPITAL MANAGEMENT (SINGAPORE) PTE. LTD.
SCSBSGSG,SCSBSGSGXXX,"THE SHANGHAI COMMERCIAL AND SAVINGS BANK, LTD."
SEBRSGS1,SEBRSGS1XXX,MACQUARIE CAPITAL SECURITIES (SINGAPORE) PTE. LIMITED
SECESGS1,SECESGS1XXX,SEMBAWANG CAPITAL PTE LIMITED
SEPPSGS1,SEPPSGS1XXX,DD SHELL EASTERN PETROLEUM
SGAMSGS1,SGAMSGS1XXX,SG ASSET MANAGEMENT (SINGAPORE) LTD
SGBTSGS1,SGBTSGS1XXX,"SOCIETE GENERALE BANK AND TRUST, SINGAPORE BRANCH"
SGSCSGS1,SGSCSGS1XXX,SG SECURITIES (SINGAPORE) CUSTODIAL SERVICES PTE LTD
SGSESGSG,SGSESGSGXXX,SG SECURITIES (SINGAPORE) PTE LTD
SGXBSGS2,SGXBSGS2XXX,SGX BOND TRADING PTE. LTD.
SHBKSGSG,SHBKSGSGXXX,"SHINHAN BANK, SINGAPORE BRANCH"
SHIZSGSG,SHIZSGSGXXX,"THE SHIZUOKA BANK, LTD. SINGAPORE BRANCH"
SIBASGSG,SIBASGSGXXX,SIEMENS BANK GMBH SINGAPORE BRANCH
SICOSGSG,SICOSGSGXXX,"THE SIAM COMMERCIAL BANK PUBLIC COMPANY LIMITED, SINGAPORE BRANCH"
SIEISGS1,SIEISGS1XXX,SINGAPURA FINANCE LTD
SILFSGSG,SILFSGSGXXX,SINGAPORE LIFE LTD.
SIMNSGSG,SIMNSGSGXXX,SCHRODER INVESTMENT MANAGEMENT (SINGAPORE) LTD
SIOTSGS2,SIOTSGS2XXX,SINGX SINGAPORE PTE LTD
SIVFSGSG,SIVFSGSGXXX,SING INVESTMENTS AND FINANCE LTD
SLIESGSG,SLIESGSGXXX,SWISS LIFE (SINGAPORE) PTE. LTD.
SLTTSGS2,SLTTSGS2XXX,SLEEK TECH (PTE. LTD.)
SMBCSGSG,SMBCSGSGXXX,"SUMITOMO MITSUI BANKING CORPORATION (FORMERLY THE SAKURA BANK, LTD)"
SNCOSGS1,SNCOSGS1XXX,MERRILL LYNCH (SINGAPORE) PTE. LTD
SNCPSGS1,SNCPSGS1XXX,SMITH NEW COURT SECURITIES PTE LTD
SNOMSGL1,SNOMSGL1XXX,NOMURA SINGAPORE LIMITED
SNOMSGSG,SNOMSGSGXXX,NOMURA SINGAPORE LIMITED
SNPTSGSG,SNPTSGSGXXX,SINGCASH PTE. LTD.
SOGESGSG,SOGESGSGCTI,"SOCIETE GENERALE, SINGAPORE BRANCH"
SOGESGSG,SOGESGSGXXX,"SOCIETE GENERALE, SINGAPORE BRANCH"
SOLASGSG,SOLASGSGXXX,LANDESBANK BADEN-WUERTTEMBERG
SPDBSGSG,SPDBSGSGXXX,"SHANGHAI PUDONG DEVELOPMENT BANK CO., LTD."
SSBGSGS1,SSBGSGS1XXX,CITIGROUP GLOBAL MARKETS SINGAPORE SECURITIES PTE LTD
SSGASG21,SSGASG21XXX,STATE STREET GLOBAL ADVISORS SINGAPORE LIMITED
SSIVSG21,SSIVSG21XXX,SWISS ASIA FINANCIAL SERVICES PTE LTD
SSPISGSG,SSPISGSGXXX,MARIBANK SINGAPORE PRIVATE LIMITED
STBCSGSG,STBCSGSGXXX,"SUMITOMO MITSUI TRUST BANK, LIMITED SINGAPORE BRANCH"
SWHQSGSG,SWHQSGSGXXX,S.W.I.F.T. SC PRODUCTS GLOBAL PROFESSIONAL SERVICES
SWRESGS1,SWRESGS1XXX,SWISS REINSURANCE COMPANY SINGAPORE BRANCH
SYMHSGS1,SYMHSGS1XXX,SYMPHONY FINANCIAL PARTNERS (SINGAPORE) PTE. LTD.
TAPTSGS2,TAPTSGS2XXX,TRANSFERMATE PTE LTD
TAZCSGS2,TAZCSGS2XXX,TAZAPAY PTE. LTD.
TDOMSG2S,TDOMSG2SXXX,TORONTO DOMINION (SOUTH EAST ASIA) LTD.
TDOMSGSG,TDOMSGSGXXX,TORONTO DOMINION BANK
TEHOSGS1,TEHOSGS1XXX,TEMASEK INTERNATIONAL PTE LTD
THAISGSG,THAISGSGXXX,THUNES ASIA PRIVATE LIMITED
THPLSGS2,THPLSGS2XXX,FULLERTON (PRIVATE) LIMITED
THPLSGSG,THPLSGSGXXX,FULLERTON (PRIVATE) LIMITED
TIBASGSG,TIBASGSGXXX,THE ISLAMIC BANK OF ASIA LIMITED
TIMISGSG,TIMISGSGBEM,TEMPLETON ASSET MANAGEMENT LTD.
TIMISGSG,TIMISGSGXXX,TEMPLETON ASSET MANAGEMENT LTD.
TMAJSGS1,TMAJSGS1XXX,TOKIO MARINE ASSET MANAGEMENT INTERNATIONAL PTE. LTD
TMLISGS1,TMLISGS1XXX,TOKIO MARINE LIFE INSURANCE SINGAPORE LTD.
TORPSGS1,TORPSGS1XXX,MILLENNIUM SECURITIES PTE LTD
TPBKSGSG,TPBKSGSGXXX,"TAIPEI FUBON COMMERCIAL BANK CO., LTD. SINGAPORE BRANCH"
TRBUSGSG,TRBUSGSGXXX,TRUST BANK SINGAPORE LIMITED
TRLFSGS2,TRLFSGS2XXX,TRANSFERCLEAR PTE LTD
TRPVSGS2,TRPVSGS2XXX,TRANSWAP PRIVATE LIMITED
TRWISGS1,TRWISGS1TST,WISE ASIA-PACIFC PTE. LTD.
TRWISGS1,TRWISGS1XXX,WISE ASIA-PACIFC PTE. LTD.
TRWISGSG,TRWISGSGXXX,WISE ASIA-PACIFC PTE. LTD.
TSANSGS1,TSANSGS1XXX,TSANG AND ONG STOCKBROKERS (PTE) LT D.
TSIBSGSG,TSIBSGSGXXX,TAISHIN INTERNATIONAL BANK CO. LTD. SINGAPORE BRANCH
UBAFSGSX,UBAFSGSXXXX,UNION DE BANQUES ARABES ET FRANCAISES-UBAF
UBPGSGSX,UBPGSGSXXXX,UNION BANCAIRE PRIVEE UBP SA SINGAPORE BRANCH
UBSASGSG,UBSASGSGXXX,UBS ASSET MANAGEMENT (SINGAPORE) LTD
UBSWSGSG,UBSWSGSGCIC,UBS AG SINGAPORE BRANCH
UBSWSGSG,UBSWSGSGCLS,UBS AG SINGAPORE BRANCH
UBSWSGSG,UBSWSGSGE1M,UBS AG SINGAPORE BRANCH
UBSWSGSG,UBSWSGSGETD,UBS AG SINGAPORE BRANCH
UBSWSGSG,UBSWSGSGHSE,UBS AG SINGAPORE BRANCH
UBSWSGSG,UBSWSGSGKEY,UBS AG SINGAPORE BRANCH
UBSWSGSG,UBSWSGSGSCI,UBS AG SINGAPORE BRANCH
UBSWSGSG,UBSWSGSGXXX,UBS AG SINGAPORE BRANCH
UBSWSGSX,UBSWSGSXXXX,UBS AG SINGAPORE BRANCH
UCBASGSG,UCBASGSGXXX,UCO BANK
UMBISGS1,UMBISGS1XXX,UOB ASIA LIMITED
UOBFSGS1,UOBFSGS1XXX,UOB BULLION AND FUTURES LTD.
UOBSSGS1,UOBSSGS1XXX,UOB SECURITIES PTE LTD.
UOVBSGSG,UOVBSGSGCMS,UNITED OVERSEAS BANK LTD
UOVBSGSG,UOVBSGSGCSD,UNITED OVERSEAS BANK LTD
UOVBSGSG,UOVBSGSGXXX,UNITED OVERSEAS BANK LTD
UQTPSGS2,UQTPSGS2XXX,UQPAY PTE. LTD.
UTIBSGS1,UTIBSGS1XXX,AXIS BANK LIMITED(FORMERLY UTI BANK
UVMPSGS1,UVMPSGS1XXX,UOB VENTURE MANAGEMENT PTE LTD
UWCBSGSG,UWCBSGSGXXX,CATHAY UNITED BANK
VPBVSGS1,VPBVSGS1XXX,VP BANK LTD SINGAPORE BRANCH
WATPSGS2,WATPSGS2XXX,M-DAQ PAYMENT SOLUTIONS PTE LTD
WEPPSGS1,WEPPSGS1XXX,AL WEALTH PARTNERS PTE LTD
WFAPSGS1,WFAPSGS1XXX,WORLD FIRST ASIA PTE. LTD.
WOTPSGS2,WOTPSGS2XXX,WOTRANSFER PTE. LTD.
WPACSGSG,WPACSGSGTRD,WESTPAC BANKING CORPORATION
WPACSGSG,WPACSGSGTSY,WESTPAC BANKING CORPORATION
WPACSGSG,WPACSGSGXXX,WESTPAC BANKING CORPORATION
WSSPSGS1,WSSPSGS1XXX,UBS SECURITIES PTE. LTD.
XFEPSGSG,XFEPSGSGXXX,XFERS PTE LTD
XPNPSGSA,XPNPSGSAXXX,XENDIT PAYMENTS SINGAPORE PTE. LTD.
XPNPSGSG,XPNPSGSGXXX,XENDIT PAYMENTS SINGAPORE PTE. LTD.
XSCESGS1,XSCESGS1XXX,SINGAPORE COMMODITY EXCHANGE LIMITED
XSIMSGSG,XSIMSGSGXXX,SINGAPORE EXCHANGE DERIVATIVES CLEARING LIMITED
