bic_8,bic,bank
AASHMUM1,AASHMUM1XXX,AFRICAN ALLIANCE STOCKBROKING HOLDINGS LIMITED
ABCKMUMU,ABCKMUMUXXX,ABC BANKING CORPORATION LTD
AFBLMUMU,AFBLMUMU101,AFRASIA BANK LIMITED
AFBLMUMU,AFBLMUMUXXX,AFRASIA BANK LIMITED
AXSOMUM1,AXSOMUM1XXX,AXYS STOCKBROKING LTD
BAIMMUMU,BAIMMUMUXXX,BCP BANK (MAURITIUS) LTD
BARBMUMU,BARBMUMUOBU,BANK OF BARODA
BARBMUMU,BARBMUMUXXX,BANK OF BARODA
BARCMUMU,BARCMUMUCSU,ABSA BANK (MAURITIUS) LIMITED
BARCMUMU,BARCMUMUMAF,ABSA BANK (MAURITIUS) LIMITED
BARCMUMU,BARCMUMUOBU,ABSA BANK (MAURITIUS) LIMITED
BARCMUMU,BARCMUMUXXX,ABSA BANK (MAURITIUS) LIMITED
BATSMUM1,BATSMUM1XXX,BRITISH AMERICAN TOBACCO MAURITIUS
BKCHMUMU,BKCHMUMUCLR,BANK OF CHINA (MAURITIUS) LIMITED
BKCHMUMU,BKCHMUMUXXX,BANK OF CHINA (MAURITIUS) LIMITED
BKONMUMU,BKONMUMUXXX,BANK ONE LIMITED
BOMMMUPL,BOMMMUPLXXX,BANK OF MAURITIUS
BPLLMUMU,BPLLMUMUSSU,BANQUE PATRONUS LIMITEE
BPLLMUMU,BPLLMUMUXXX,BANQUE PATRONUS LIMITEE
BTBLMUMU,BTBLMUMUXXX,SILVER BANK LIMITED
CEDTMUM1,CEDTMUM1XXX,CENTRAL DEPOSITORY AND SETTLEMENT CO. LTD
CGMMMUM1,CGMMMUM1XXX,CITIGROUP GLOBAL MARKETS MAURITIUS PRIVATE LIMITED
CHHOMUM1,CHHOMUM1XXX,GS CHROMA HOLDINGS LIMITED
CIHAMUM1,CIHAMUM1XXX,CITIGROUP HOLDINGS MAURITIUS LTD
CIMUMUMU,CIMUMUMUXXX,ILLUMINA GLOBAL LTD
CLSAMUM1,CLSAMUM1XXX,CLSA (MAURITIUS) LIMITED
CMAKMUM1,CMAKMUM1XXX,CAPITAL MARKETS BROKERS LIMITED
COCUMUMU,COCUMUMUXXX,BANK OF MAURITIUS
CSHMMUM1,CSHMMUM1XXX,CITIGROUP STRATEGIC HOLDINGS MAURITIUS LTD.
DBMAMUM1,DBMAMUM1XXX,DEVELOPMENT BANK OF MAURITIUS LTD
DEIMMUMU,DEIMMUMUXXX,DUNEARN INVESTMENTS (MAURITIUS) PTE LTD
DEUTMUML,DEUTMUMLXXX,DEUTSCHE SECURITIES MAURITIUS LTD
DIPRMUM1,DIPRMUM1XXX,GS DIRECT PHARMA LIMITED
DITEMUM1,DITEMUM1XXX,GS DIRECT GD LIMITED
EXONMUM1,EXONMUM1XXX,EXON FINANCE LTD
FIRNMUMU,FIRNMUMUXXX,RMB INTERNATIONAL (MAURITIUS) LTD
GENRMUM1,GENRMUM1XXX,SWAN SECURITIES LTD
GOCLMUM1,GOCLMUM1XXX,GOLDMAN SACHS LLC
GPAIMUM1,GPAIMUM1XXX,GSPS ASIA LIMITED
GRLOMUM1,GRLOMUM1XXX,GREEN LOTUS LIMITED
GSIHMUM1,GSIHMUM1XXX,GSAM INDIA HOLDINGS LIMITED
GSMBMUM1,GSMBMUM1XXX,GOLDMAN SACHS (MAURITIUS) NBFC L.L.C.
GSMLMUM1,GSMLMUM1XXX,GOLDMAN SACHS (MAURITIUS) LLC
GSNMMUM1,GSNMMUM1XXX,GOLDMAN SACHS INVESTMENTS (MAURITIUS) 1
GSSNMUM1,GSSNMUM1XXX,GOLDMAN SACHS STRATEGIC INVESTMENTS II
HEHDMUM1,HEHDMUM1XXX,GS HEAL HOLDINGS LIMITED
HOMAMUM1,HOMAMUM1XXX,GOLDMAN SACHS HOLDINGS (MAURITIUS) LIMITED
HSBCMUMU,HSBCMUMUOBU,THE HONGKONG AND SHANGHAI BANKING CORPORATION LIMITED
HSBCMUMU,HSBCMUMUXXX,THE HONGKONG AND SHANGHAI BANKING CORPORATION LIMITED
HUONMUM1,HUONMUM1XXX,HUIZHOU ONE LIMITED
IDVCMUM1,IDVCMUM1XXX,GOLDMAN SACHS INDIA VENTURE CAPITAL LIMITED
INHGMUM1,INHGMUM1XXX,N.S. INVESTMENTS HOLDING LIMITED
INHTMUM1,INHTMUM1XXX,GS INVESTMENTS HLDGS (ASIA)LTD
INILMUMU,INILMUMU101,SBI (MAURITIUS) LTD
INILMUMU,INILMUMUXXX,SBI (MAURITIUS) LTD
IVESMUMU,IVESMUMUXXX,INVESTEC BANK (MAURITIUS) LIMITED
KSSAMUM1,KSSAMUM1XXX,SPARKASSA EKONOMISK FORENING LTEE
LOHOMUM1,LOHOMUM1XXX,GS LOGISTICS HOLDINGS LTD
MAVUMUM1,MAVUMUM1XXX,MANTARAY INVESTMENTS (MAURITIUS) PTE LTD
MCBLMUMU,MCBLMUMUXXX,THE MAURITIUS COMMERCIAL BANK LIMITED
MCSOMUM1,MCSOMUM1XXX,MCB STOCKBROKERS LIMITED
MGMAMUMU,MGMAMUMUXXX,MAGMA FINANCE
MPCBMUMU,MPCBMUMUXXX,MAUBANK LTD
NESCMUM1,NESCMUM1XXX,NEWTON SECURITIES LTD
PAEVMUM1,PAEVMUM1XXX,PANDA INVESTMENTS LTD.
PHHLMUM1,PHHLMUM1XXX,GS PHERECLUS HOLDINGS LIMITED
PLLPMUMU,PLLPMUMUXXX,"PROVIDENCE LIFE LIMITED, PCC"
RICFMUM1,RICFMUM1XXX,RICHEFOND LIMITED
SBICMUMU,SBICMUMUXXX,STANDARD BANK (MAURITIUS) LIMITED
SCBLMUMU,SCBLMUMUSSU,STANDARD CHARTERED BANK (MAURITIUS) LTD
SCBLMUMU,SCBLMUMUXXX,STANDARD CHARTERED BANK (MAURITIUS) LTD
SCBLMUMU,SCBLMUMUZOP,STANDARD CHARTERED BANK (MAURITIUS) LTD
SGCTMUM1,SGCTMUM1XXX,SUPER GROUP TRADING LIMITED
STCBMUMU,STCBMUMU575,SBM BANK (MAURITIUS) LTD
STCBMUMU,STCBMUMUXXX,SBM BANK (MAURITIUS) LTD
STVTMUM1,STVTMUM1XXX,GS STRATEGIC INVESTMENTS LIMITED
TPSVMUMU,TPSVMUMUXXX,TERRA PAYMENT SERVICES (MAURITIUS)
VIPYMUMU,VIPYMUMUXXX,VIRTUAL PAY (MAURITIUS) LTD
WPBLMUMU,WPBLMUMUXXX,WARWYCK PRIVATE BANK LTD
WWRUMUM1,WWRUMUM1XXX,WWD RUBY LIMITED
XMAUMUM1,XMAUMUM1XXX,"STOCK EXCHANGE OF MAURITIUS LTD, TH E"
