bic_8,bic,bank
AAMNAU21,AAMNAU21XXX,ADVANCE ASSET MANAGEMENT LIMITED
ABAOAU41,ABAOAU41BNE,MORGANS FINANCIAL LIMITED
ABAOAU41,ABAOAU41XXX,MORGANS FINANCIAL LIMITED
ABEMAU21,ABEMAU21XXX,ABERDEEN STANDARD INVESTMENTS AUSTRALIA LIMITED
ABOCAU2S,ABOCAU2SXXX,AGRICULTURAL BANK OF CHINA LIMITED
ACBRAU31,ACBRAU31XXX,OPES PRIME STOCKBROKING LTD
ACCAAU31,ACCAAU31XXX,ACORN CAPITAL
ACLOAU22,ACLOAU22XXX,ASX CLEARING CORPORATION LIMITED
ACLOAUS2,ACLOAUS2XXX,ASX CLEARING CORPORATION LIMITED
ACLRAU2S,ACLRAU2S201,AUSTRACLEAR LIMITED
ACLRAU2S,ACLRAU2S202,AUSTRACLEAR LIMITED
ACLRAU2S,ACLRAU2S203,AUSTRACLEAR LIMITED
ACLRAU2S,ACLRAU2S204,AUSTRACLEAR LIMITED
ACLRAU2S,ACLRAU2S205,AUSTRACLEAR LIMITED
ACLRAU2S,ACLRAU2S206,AUSTRACLEAR LIMITED
ACLRAU2S,ACLRAU2S207,AUSTRACLEAR LIMITED
ACLRAU2S,ACLRAU2S208,AUSTRACLEAR LIMITED
ACLRAU2S,ACLRAU2S209,AUSTRACLEAR LIMITED
ACLRAU2S,ACLRAU2S210,AUSTRACLEAR LIMITED
ACLRAU2S,ACLRAU2S211,AUSTRACLEAR LIMITED
ACLRAU2S,ACLRAU2S212,AUSTRACLEAR LIMITED
ACLRAU2S,ACLRAU2S213,AUSTRACLEAR LIMITED
ACLRAU2S,ACLRAU2S214,AUSTRACLEAR LIMITED
ACLRAU2S,ACLRAU2S215,AUSTRACLEAR LIMITED
ACLRAU2S,ACLRAU2S216,AUSTRACLEAR LIMITED
ACLRAU2S,ACLRAU2S217,AUSTRACLEAR LIMITED
ACLRAU2S,ACLRAU2S218,AUSTRACLEAR LIMITED
ACLRAU2S,ACLRAU2S219,AUSTRACLEAR LIMITED
ACLRAU2S,ACLRAU2S220,AUSTRACLEAR LIMITED
ACLRAU2S,ACLRAU2S221,AUSTRACLEAR LIMITED
ACLRAU2S,ACLRAU2S222,AUSTRACLEAR LIMITED
ACLRAU2S,ACLRAU2S223,AUSTRACLEAR LIMITED
ACLRAU2S,ACLRAU2S224,AUSTRACLEAR LIMITED
ACLRAU2S,ACLRAU2S225,AUSTRACLEAR LIMITED
ACLRAU2S,ACLRAU2S226,AUSTRACLEAR LIMITED
ACLRAU2S,ACLRAU2S227,AUSTRACLEAR LIMITED
ACLRAU2S,ACLRAU2S228,AUSTRACLEAR LIMITED
ACLRAU2S,ACLRAU2S229,AUSTRACLEAR LIMITED
ACLRAU2S,ACLRAU2S230,AUSTRACLEAR LIMITED
ACLRAU2S,ACLRAU2S231,AUSTRACLEAR LIMITED
ACLRAU2S,ACLRAU2S232,AUSTRACLEAR LIMITED
ACLRAU2S,ACLRAU2S233,AUSTRACLEAR LIMITED
ACLRAU2S,ACLRAU2S234,AUSTRACLEAR LIMITED
ACLRAU2S,ACLRAU2S235,AUSTRACLEAR LIMITED
ACLRAU2S,ACLRAU2S236,AUSTRACLEAR LIMITED
ACLRAU2S,ACLRAU2S237,AUSTRACLEAR LIMITED
ACLRAU2S,ACLRAU2S238,AUSTRACLEAR LIMITED
ACLRAU2S,ACLRAU2S239,AUSTRACLEAR LIMITED
ACLRAU2S,ACLRAU2S240,AUSTRACLEAR LIMITED
ACLRAU2S,ACLRAU2S241,AUSTRACLEAR LIMITED
ACLRAU2S,ACLRAU2S242,AUSTRACLEAR LIMITED
ACLRAU2S,ACLRAU2S243,AUSTRACLEAR LIMITED
ACLRAU2S,ACLRAU2S244,AUSTRACLEAR LIMITED
ACLRAU2S,ACLRAU2S245,AUSTRACLEAR LIMITED
ACLRAU2S,ACLRAU2S246,AUSTRACLEAR LIMITED
ACLRAU2S,ACLRAU2S247,AUSTRACLEAR LIMITED
ACLRAU2S,ACLRAU2SXXX,AUSTRACLEAR LIMITED
ACLRAUSS,ACLRAUSSXXX,AUSTRACLEAR LIMITED
ACTYAU31,ACTYAU31XXX,ACV2 PTY LTD
ACVTAU31,ACVTAU31XXX,AUSTREO COMMERCIAL VENTURES PTY LTD
AEIAAU21,AEIAAU21XXX,AMERICAN EXPRESS INTERNATIONAL INC (AUSTRALIA BRANCH)
AETLAUS1,AETLAUS1XXX,AUSTRALIAN EXECUTOR TRUSTEES LIMITE
AFFPAU22,AFFPAU22XXX,AUSSIE FOREX AND FINANCE PTY LTD
AFMTAUS1,AFMTAUS1XXX,AIRLIE FUNDS MANAGEMENT PTY LTD
AFMYAU32,AFMYAU32XXX,ALEXANDER FUNDS MANAGEMENT PTY LTD
AFPYAU22,AFPYAU22XXX,AFT AU PTY LTD
AGAMAU31,AGAMAU31XXX,AGORA ASSET MANAGEMENT
AIMGAU21,AIMGAU21XXX,ARNHEM INVESTMENT MANAGEMENT
AIMPAU31,AIMPAU31XXX,ALPHA INVESTMENT MANAGEMENT PTY LTD
AIMTAU21,AIMTAU21XXX,ALLERON INVESTMENT MANAGEMENT LTD
ALXPAU42,ALXPAU42XXX,ALEX BANK PTY LTD
AMCIAU21,AMCIAU21BSW,NATIONAL MUTUAL FUNDS MANAGEMENT LTD
AMCIAU21,AMCIAU21COL,NATIONAL MUTUAL FUNDS MANAGEMENT LTD
AMCIAU21,AMCIAU21UDP,NATIONAL MUTUAL FUNDS MANAGEMENT LTD
AMCIAU21,AMCIAU21UNC,NATIONAL MUTUAL FUNDS MANAGEMENT LTD
AMCIAU21,AMCIAU21UST,NATIONAL MUTUAL FUNDS MANAGEMENT LTD
AMCIAU2X,AMCIAU2XDAA,NATIONAL MUTUAL FUNDS MANAGEMENT LTD
AMCIAU2X,AMCIAU2XDNC,NATIONAL MUTUAL FUNDS MANAGEMENT LTD
AMCIAU2X,AMCIAU2XDNM,NATIONAL MUTUAL FUNDS MANAGEMENT LTD
AMCIAU2X,AMCIAU2XDTM,NATIONAL MUTUAL FUNDS MANAGEMENT LTD
AMCIAU2X,AMCIAU2XDTP,NATIONAL MUTUAL FUNDS MANAGEMENT LTD
AMCIAU2X,AMCIAU2XFXX,NATIONAL MUTUAL FUNDS MANAGEMENT LTD
AMCIAU2X,AMCIAU2XINS,NATIONAL MUTUAL FUNDS MANAGEMENT LTD
AMCIAU2X,AMCIAU2XPSW,NATIONAL MUTUAL FUNDS MANAGEMENT LTD
AMCIAU2X,AMCIAU2XRBT,NATIONAL MUTUAL FUNDS MANAGEMENT LTD
AMCIAU2X,AMCIAU2XSTD,NATIONAL MUTUAL FUNDS MANAGEMENT LTD
AMCIAU2X,AMCIAU2XSTM,NATIONAL MUTUAL FUNDS MANAGEMENT LTD
AMCIAU2X,AMCIAU2XXXX,NATIONAL MUTUAL FUNDS MANAGEMENT LTD
AMLIAU21,AMLIAU21CMT,AMP LIFE LIMITED
AMLIAU21,AMLIAU21XXX,AMP LIFE LIMITED
AMPBAU2S,AMPBAU2SRET,AMP BANK LIMITED
AMPBAU2S,AMPBAU2STRY,AMP BANK LIMITED
AMPBAU2S,AMPBAU2SXXX,AMP BANK LIMITED
AMXAAU22,AMXAAU22XXX,AMERICAN EXPRESS AUSTRALIA LIMITED
ANNCAU22,ANNCAU22XXX,HAY LIMITED
ANNCAU23,ANNCAU23XXX,HAY LIMITED
ANPTAU32,ANPTAU32XXX,FLINDERS INVESTMENT PARTNERS PTY LTD
ANRMAU21,ANRMAU21XXX,THE AUSTRALIAN NATIONAL REGISTRY OF EMISSIONS UNITS
ANWEAU21,ANWEAU21XXX,ANDREW WEST AND CO LIMITED
ANZBAU3L,ANZBAU3LXXX,AUSTRALIA AND NEW ZEALAND BANKING GROUP LIMITED
ANZBAU3M,ANZBAU3M516,AUSTRALIA AND NEW ZEALAND BANKING GROUP LIMITED
ANZBAU3M,ANZBAU3M535,AUSTRALIA AND NEW ZEALAND BANKING GROUP LIMITED
ANZBAU3M,ANZBAU3M645,AUSTRALIA AND NEW ZEALAND BANKING GROUP LIMITED
ANZBAU3M,ANZBAU3MAFM,AUSTRALIA AND NEW ZEALAND BANKING GROUP LIMITED
ANZBAU3M,ANZBAU3MCFX,AUSTRALIA AND NEW ZEALAND BANKING GROUP LIMITED
ANZBAU3M,ANZBAU3MCLS,AUSTRALIA AND NEW ZEALAND BANKING GROUP LIMITED
ANZBAU3M,ANZBAU3MGTO,AUSTRALIA AND NEW ZEALAND BANKING GROUP LIMITED
ANZBAU3M,ANZBAU3MNOM,AUSTRALIA AND NEW ZEALAND BANKING GROUP LIMITED
ANZBAU3M,ANZBAU3MTRA,AUSTRALIA AND NEW ZEALAND BANKING GROUP LIMITED
ANZBAU3M,ANZBAU3MTRB,AUSTRALIA AND NEW ZEALAND BANKING GROUP LIMITED
ANZBAU3M,ANZBAU3MTRP,AUSTRALIA AND NEW ZEALAND BANKING GROUP LIMITED
ANZBAU3M,ANZBAU3MTRS,AUSTRALIA AND NEW ZEALAND BANKING GROUP LIMITED
ANZBAU3M,ANZBAU3MXXX,AUSTRALIA AND NEW ZEALAND BANKING GROUP LIMITED
ANZBAU3R,ANZBAU3RXXX,AUSTRALIA AND NEW ZEALAND BANKING GROUP LIMITED
ANZBAU41,ANZBAU41530,AUSTRALIA AND NEW ZEALAND BANKING GROUP LIMITED
ANZBAU41,ANZBAU41704,AUSTRALIA AND NEW ZEALAND BANKING GROUP LIMITED
ANZBAU41,ANZBAU41730,AUSTRALIA AND NEW ZEALAND BANKING GROUP LIMITED
ANZBAU41,ANZBAU41XXX,AUSTRALIA AND NEW ZEALAND BANKING GROUP LIMITED
ANZBAU51,ANZBAU51XXX,AUSTRALIA AND NEW ZEALAND BANKING GROUP LIMITED
ANZBAU61,ANZBAU61307,AUSTRALIA AND NEW ZEALAND BANKING GROUP LIMITED
ANZBAU61,ANZBAU61XXX,AUSTRALIA AND NEW ZEALAND BANKING GROUP LIMITED
ANZBAU71,ANZBAU71042,AUSTRALIA AND NEW ZEALAND BANKING GROUP LIMITED
ANZBAU71,ANZBAU71XXX,AUSTRALIA AND NEW ZEALAND BANKING GROUP LIMITED
ANZBAU81,ANZBAU81881,AUSTRALIA AND NEW ZEALAND BANKING GROUP LIMITED
ANZBAU81,ANZBAU81XXX,AUSTRALIA AND NEW ZEALAND BANKING GROUP LIMITED
ANZBAUC1,ANZBAUC1XXX,AUSTRALIA AND NEW ZEALAND BANKING GROUP LIMITED
ANZBAUS1,ANZBAUS1780,AUSTRALIA AND NEW ZEALAND BANKING GROUP LIMITED
ANZBAUS1,ANZBAUS1878,AUSTRALIA AND NEW ZEALAND BANKING GROUP LIMITED
ANZBAUS1,ANZBAUS1XXX,AUSTRALIA AND NEW ZEALAND BANKING GROUP LIMITED
ANZSAU31,ANZSAU31XXX,ANZ SECURITIES LIMITED
APFNAU31,APFNAU31XXX,APN FUNDS MANAGEMENT LIMITED
APFSAU22,APFSAU22XXX,APEX FUND SERVICES PTY LTD
APFSAU23,APFSAU23BWP,APEX FUND SERVICES PTY LTD
APFSAU23,APFSAU23ETF,APEX FUND SERVICES PTY LTD
APFSAU23,APFSAU23WTR,APEX FUND SERVICES PTY LTD
APFSAU23,APFSAU23XXX,APEX FUND SERVICES PTY LTD
APSPAUS1,APSPAUS1APP,APP SECURITIES PTY LTD
APSPAUS1,APSPAUS1XXX,APP SECURITIES PTY LTD
APVPAU31,APVPAU31XXX,AUSTREO PROPERTY VENTURES PTY LTD
ARABAU2S,ARABAU2SXXX,ARAB BANK AUSTRALIA LIMITED
AREEAU61,AREEAU61XXX,ARGONAUT SECURITES LIMITED
ARMYAUS2,ARMYAUS2XXX,ARGAMON MARKETS PTY LTD
ARTIAU44,ARTIAU44XXX,ART GROUP SERVICES LTD
ARUUAU51,ARUUAU51XXX,SOUTHWESTERN PTY. LTD
ARYTAU22,ARYTAU22XXX,ARRIVEE AU PTY LTD
ASLLAU2C,ASLLAU2CARA,AUSTRALIAN SETTLEMENTS LIMITED
ASLLAU2C,ASLLAU2CASL,AUSTRALIAN SETTLEMENTS LIMITED
ASLLAU2C,ASLLAU2CCAP,AUSTRALIAN SETTLEMENTS LIMITED
ASLLAU2C,ASLLAU2CFFC,AUSTRALIAN SETTLEMENTS LIMITED
ASLLAU2C,ASLLAU2CGBS,AUSTRALIAN SETTLEMENTS LIMITED
ASLLAU2C,ASLLAU2CGTW,AUSTRALIAN SETTLEMENTS LIMITED
ASLLAU2C,ASLLAU2CHBS,AUSTRALIAN SETTLEMENTS LIMITED
ASLLAU2C,ASLLAU2CIMB,AUSTRALIAN SETTLEMENTS LIMITED
ASLLAU2C,ASLLAU2CXXX,AUSTRALIAN SETTLEMENTS LIMITED
ASMEAU31,ASMEAU31XXX,JM FINANCIAL GROUP LIMITED
ASNTAU31,ASNTAU31XXX,K2 ASSET MANAGEMENT
ATCYAU21,ATCYAU21XXX,ATTUNGA CAPITAL PTY LTD
ATFAAU21,ATFAAU21XXX,EIGHT INVESTMENT PARTNERS AUSTRALIA PTY LIMITED
ATRMAU22,ATRMAU22XXX,ATRIUM INVESTMENT MANAGEMENT PTY LTD
AUBPAU31,AUBPAU31XXX,AUSTOCK FINANCIAL SERVICES PTY LTD
AUEIAU21,AUEIAU21XXX,AUSTRALIAN ETHICAL INVESTMENT LTD
AUIEAU22,AUIEAU22XXX,AUSTRALIAN INVESTMENT EXCHANGE
AUIEAU61,AUIEAU61XXX,AUSTRALIAN INVESTMENT EXCHANGE
AUIVAU2S,AUIVAU2SXXX,AUSBIL INVESTMENT MANAGEMENT LIMITED
AUMLAU21,AUMLAU21XXX,AUSTRALIAN MILITARY BANK LTD
AUSDAU21,AUSDAU21XXX,AUSBIL INVESTMENT MANAGEMENT LIMITED
AUSQAU2S,AUSQAU2SXXX,CLEARSTREAM AUSTRALIA LIMITED
AUSWAU41,AUSWAU41XXX,AUSWIDE BANK LTD
AUSYAU33,AUSYAU33XXX,AUSTRALIANSUPER PTY LTD
AUSYAU34,AUSYAU34XXX,AUSTRALIANSUPER PTY LTD
AVIUAU31,AVIUAU31XXX,ANTARES CAPITAL PARTNERS LTD
AWAAAU31,AWAAAU31XXX,BENDIGO AND ADELAIDE BANK LIMITED
AXAAAU31,AXAAAU31XXX,AXA AUSTRALIA
AXCFAU21,AXCFAU21XXX,ASX CLEAR (FUTURES) PTY LTD
AZTPAU22,AZTPAU22XXX,AZUPAY TRADING PTY LTD
BAAYAU22,BAAYAU22XXX,BARRENJOEY MARKETS PTY LIMITED
BAILAU31,BAILAU31XXX,E.L. AND C. BAILLIEU LIMITED
BARBAU2S,BARBAU2SXXX,BANK OF BARODA
BARCAUSS,BARCAUSSXXX,BARCLAYS BANK PLC AUSTRALIA BRANCH
BATSAUA1,BATSAUA1XXX,BRITISH AMERICAN TOBACCO AUSTRALIA LTD
BATSAUB1,BATSAUB1XXX,BRITISH AMERICAN TOBACCO MANUFACTURING AUSTRALIA PTY LTD
BAWPAU32,BAWPAU32XXX,BAKAAL WORLDWIDE PTY LTD
BAYSAU51,BAYSAU51XXX,BAKER YOUNG STOCKBROKERS LIMITED
BCEOAU21,BCEOAU21XXX,POLICE AND NURSES LIMITED
BCIRAU22,BCIRAU22XXX,AUSTRALIAN SETTLEMENTS LIMITED
BCITAU2S,BCITAU2SXXX,INTESA SANPAOLO SPA - SYDNEY BRANCH
BDALAU21,BDALAU21XXX,BENDIGO AND ADELAIDE BANK LIMITED
BEAIAUS1,BEAIAUS1XXX,BETASHARES CAPITAL LTD
BEFMAU31,BEFMAU31XXX,BENNELONG FUNDS MANAGEMENT
BEMTAU31,BEMTAU31XXX,BALANCED EQUITY MANAGEMENT PTY LIMITED
BENDAU3B,BENDAU3BXXX,BENDIGO AND ADELAIDE BANK LIMITED
BEPTAU31,BEPTAU31XXX,BELLWETHER PARTNERS LTD
BEPYAU31,BEPYAU31XXX,BESTEX PTY LTD
BETDAU71,BETDAU71XXX,B AND E LTD
BEUAAU31,BEUAAU31XXX,BEULAH GROUP HOLDINGS PTY LTD
BFSPAU21,BFSPAU21XXX,BRIDGES FINANCIAL SERVICES PTY LTD
BHCCAU21,BHCCAU21XXX,BROKEN HILL BANK
BKCHAU2A,BKCHAU2AADL,BANK OF CHINA (AUSTRALIA) LIMITED
BKCHAU2A,BKCHAU2ABKG,BANK OF CHINA (AUSTRALIA) LIMITED
BKCHAU2A,BKCHAU2ABRI,BANK OF CHINA (AUSTRALIA) LIMITED
BKCHAU2A,BKCHAU2ABWD,BANK OF CHINA (AUSTRALIA) LIMITED
BKCHAU2A,BKCHAU2ABXH,BANK OF CHINA (AUSTRALIA) LIMITED
BKCHAU2A,BKCHAU2ACWD,BANK OF CHINA (AUSTRALIA) LIMITED
BKCHAU2A,BKCHAU2AHMB,BANK OF CHINA (AUSTRALIA) LIMITED
BKCHAU2A,BKCHAU2AHSV,BANK OF CHINA (AUSTRALIA) LIMITED
BKCHAU2A,BKCHAU2AMEL,BANK OF CHINA (AUSTRALIA) LIMITED
BKCHAU2A,BKCHAU2AMLC,BANK OF CHINA (AUSTRALIA) LIMITED
BKCHAU2A,BKCHAU2AMON,BANK OF CHINA (AUSTRALIA) LIMITED
BKCHAU2A,BKCHAU2ANPP,BANK OF CHINA (AUSTRALIA) LIMITED
BKCHAU2A,BKCHAU2APAR,BANK OF CHINA (AUSTRALIA) LIMITED
BKCHAU2A,BKCHAU2APTH,BANK OF CHINA (AUSTRALIA) LIMITED
BKCHAU2A,BKCHAU2ASUN,BANK OF CHINA (AUSTRALIA) LIMITED
BKCHAU2A,BKCHAU2AXXX,BANK OF CHINA (AUSTRALIA) LIMITED
BKCHAU2S,BKCHAU2SACC,"BANK OF CHINA LIMITED, SYDNEY BRANCH"
BKCHAU2S,BKCHAU2SADL,"BANK OF CHINA LIMITED, SYDNEY BRANCH"
BKCHAU2S,BKCHAU2SBKG,"BANK OF CHINA LIMITED, SYDNEY BRANCH"
BKCHAU2S,BKCHAU2SBLS,"BANK OF CHINA LIMITED, SYDNEY BRANCH"
BKCHAU2S,BKCHAU2SBRI,"BANK OF CHINA LIMITED, SYDNEY BRANCH"
BKCHAU2S,BKCHAU2SBWD,"BANK OF CHINA LIMITED, SYDNEY BRANCH"
BKCHAU2S,BKCHAU2SBXH,"BANK OF CHINA LIMITED, SYDNEY BRANCH"
BKCHAU2S,BKCHAU2SCUS,"BANK OF CHINA LIMITED, SYDNEY BRANCH"
BKCHAU2S,BKCHAU2SCWD,"BANK OF CHINA LIMITED, SYDNEY BRANCH"
BKCHAU2S,BKCHAU2SFEX,"BANK OF CHINA LIMITED, SYDNEY BRANCH"
BKCHAU2S,BKCHAU2SHMB,"BANK OF CHINA LIMITED, SYDNEY BRANCH"
BKCHAU2S,BKCHAU2SHSV,"BANK OF CHINA LIMITED, SYDNEY BRANCH"
BKCHAU2S,BKCHAU2SMEL,"BANK OF CHINA LIMITED, SYDNEY BRANCH"
BKCHAU2S,BKCHAU2SMLC,"BANK OF CHINA LIMITED, SYDNEY BRANCH"
BKCHAU2S,BKCHAU2SMON,"BANK OF CHINA LIMITED, SYDNEY BRANCH"
BKCHAU2S,BKCHAU2SNPP,"BANK OF CHINA LIMITED, SYDNEY BRANCH"
BKCHAU2S,BKCHAU2SOBU,"BANK OF CHINA LIMITED, SYDNEY BRANCH"
BKCHAU2S,BKCHAU2SPAR,"BANK OF CHINA LIMITED, SYDNEY BRANCH"
BKCHAU2S,BKCHAU2SPTH,"BANK OF CHINA LIMITED, SYDNEY BRANCH"
BKCHAU2S,BKCHAU2SRMD,"BANK OF CHINA LIMITED, SYDNEY BRANCH"
BKCHAU2S,BKCHAU2SSUN,"BANK OF CHINA LIMITED, SYDNEY BRANCH"
BKCHAU2S,BKCHAU2SXXX,"BANK OF CHINA LIMITED, SYDNEY BRANCH"
BKTWAUS2,BKTWAUS2XXX,BANK OF TAIWAN
BKWAAU6P,BKWAAU6PXXX,"BANKWEST, A DIVISION OF COMMONWEALTH BANK OF AUSTRALIA"
BLOEAU21,BLOEAU21XXX,BLUE OCEAN EQUITIES
BNOPAU22,BNOPAU22XXX,BANO PTY LTD
BNPAAU2S,BNPAAU2S200,BNP PARIBAS AUSTRALIA
BNPAAU2S,BNPAAU2SOBU,BNP PARIBAS AUSTRALIA
BNPAAU2S,BNPAAU2SXXX,BNP PARIBAS AUSTRALIA
BNYMAU2S,BNYMAU2SCCM,THE BANK OF NEW YORK MELLON
BNYMAU2S,BNYMAU2SCTA,THE BANK OF NEW YORK MELLON
BNYMAU2S,BNYMAU2SXXX,THE BANK OF NEW YORK MELLON
BOFAAUSX,BOFAAUSXSAL,"BANK OF AMERICA, N.A. SYDNEY"
BOFAAUSX,BOFAAUSXXXX,"BANK OF AMERICA, N.A. SYDNEY"
BOLTAU2S,BOLTAU2SXXX,BANO PTY LTD
BOTKAU2X,BOTKAU2XXXX,"MUFG BANK, LTD."
BPFXAU31,BPFXAU31XXX,BELL POTTER SECURITIES
BPUPAU21,BPUPAU21XXX,BGC PARTNERS (AUSTRALIA) PTY LTD
BRJYAU2S,BRJYAU2SXXX,BARRENJOEY MARKETS PTY LIMITED
BSBTAU31,BSBTAU31XXX,AUSTRALIAN UNITY BANK LIMITED
BSUIAU2S,BSUIAU2SOBU,CREDIT AGRICOLE CORPORATE AND INVESTMENT BANK
BSUIAU2S,BSUIAU2SXXX,CREDIT AGRICOLE CORPORATE AND INVESTMENT BANK
BSYDAU21,BSYDAU21XXX,BANKINVEST
BTAUAU21,BTAUAU21XXX,BTIG AUSTRALIA LIMITED
BTFGAU2S,BTFGAU2SXXX,BT PORTFOLIO SERVICES PTY LTD
BUBYAU21,BUBYAU21XXX,BBY LTD
BUROAU21,BUROAU21XXX,VIRTU ITG AUSTRALIA LIMITED
BUTAAU21,BUTAAU21XXX,BT AUSTRALIA
CAETAU21,CAETAU21XXX,CHESS ASX SETTLEMENT AND TRANSFER CORPORATION PTY LTD
CAGUAU31,CAGUAU31XXX,CITIGROUP ASSET MANAGEMENT AUSTRA LIA LTD
CALIAU21,CALIAU21XXX,CALEDONIA INVESTMENTS PTY LTD
CAPRAU2S,CAPRAU2SXXX,CAPROCK INSTITUTIONAL PTY LIMITED
CARHAU61,CARHAU61XXX,DJ CARMICHAEL AND CO
CAYAAU31,CAYAAU31XXX,CANACCORD GENUITY (AUSTRALIA) LIMITED
CAYPAU22,CAYPAU22XXX,CORPORATE ALLIANCE PAYMENTS PTY LTD
CCPYAU22,CCPYAU22XXX,COLUMBUS CAPITAL PTY LTD
CECYAU31,CECYAU31XXX,CERES CAPITAL PTY LTD
CEEYAU22,CEEYAU22XXX,CEYLON EXCHANGE PTY LTD
CEUIAU51,CEUIAU51XXX,CREDIT UNION SA LTD
CFCIAU21,CFCIAU21XXX,COMMUNITY FIRST BANK
CFMTAU22,CFMTAU22XXX,CATALYST FUNDS MANAGEMENT PTY LTD
CFSEAU21,CFSEAU21XXX,CHIFLEY FINANCIAL SERVICES LTD
CFSGAU21,CFSGAU21XXX,CHALLENGER FINANCIAL SERVICES GROUP
CFSMAU2S,CFSMAU2SFSC,COLONIAL FIRST STATE INVESTMENT LTD
CFSMAU2S,CFSMAU2SFSD,COLONIAL FIRST STATE INVESTMENT LTD
CFSMAU2S,CFSMAU2SXXX,COLONIAL FIRST STATE INVESTMENT LTD
CFSMAU3M,CFSMAU3METD,FIRST SENTIER INVESTORS (AUSTRALIA) IM LIMITED
CFSMAU3M,CFSMAU3MXXX,FIRST SENTIER INVESTORS (AUSTRALIA) IM LIMITED
CGHPAUS2,CGHPAUS2XXX,EBONFX AUSTRALIA PTY LTD
CHASAU2P,CHASAU2PXXX,"JPMORGAN CHASE BANK, N. A. - SYDNEY BRANCH"
CHASAU2X,CHASAU2XASP,"JPMORGAN CHASE BANK, N. A. - SYDNEY BRANCH"
CHASAU2X,CHASAU2XC20,"JPMORGAN CHASE BANK, N. A. - SYDNEY BRANCH"
CHASAU2X,CHASAU2XC21,"JPMORGAN CHASE BANK, N. A. - SYDNEY BRANCH"
CHASAU2X,CHASAU2XCBU,"JPMORGAN CHASE BANK, N. A. - SYDNEY BRANCH"
CHASAU2X,CHASAU2XCCS,"JPMORGAN CHASE BANK, N. A. - SYDNEY BRANCH"
CHASAU2X,CHASAU2XDCC,"JPMORGAN CHASE BANK, N. A. - SYDNEY BRANCH"
CHASAU2X,CHASAU2XEPD,"JPMORGAN CHASE BANK, N. A. - SYDNEY BRANCH"
CHASAU2X,CHASAU2XETF,"JPMORGAN CHASE BANK, N. A. - SYDNEY BRANCH"
CHASAU2X,CHASAU2XFAX,"JPMORGAN CHASE BANK, N. A. - SYDNEY BRANCH"
CHASAU2X,CHASAU2XFSO,"JPMORGAN CHASE BANK, N. A. - SYDNEY BRANCH"
CHASAU2X,CHASAU2XGSS,"JPMORGAN CHASE BANK, N. A. - SYDNEY BRANCH"
CHASAU2X,CHASAU2XHES,"JPMORGAN CHASE BANK, N. A. - SYDNEY BRANCH"
CHASAU2X,CHASAU2XLCO,"JPMORGAN CHASE BANK, N. A. - SYDNEY BRANCH"
CHASAU2X,CHASAU2XNBM,"JPMORGAN CHASE BANK, N. A. - SYDNEY BRANCH"
CHASAU2X,CHASAU2XNPP,"JPMORGAN CHASE BANK, N. A. - SYDNEY BRANCH"
CHASAU2X,CHASAU2XSHR,"JPMORGAN CHASE BANK, N. A. - SYDNEY BRANCH"
CHASAU2X,CHASAU2XSMM,"JPMORGAN CHASE BANK, N. A. - SYDNEY BRANCH"
CHASAU2X,CHASAU2XSPO,"JPMORGAN CHASE BANK, N. A. - SYDNEY BRANCH"
CHASAU2X,CHASAU2XSTO,"JPMORGAN CHASE BANK, N. A. - SYDNEY BRANCH"
CHASAU2X,CHASAU2XTSD,"JPMORGAN CHASE BANK, N. A. - SYDNEY BRANCH"
CHASAU2X,CHASAU2XVLT,"JPMORGAN CHASE BANK, N. A. - SYDNEY BRANCH"
CHASAU2X,CHASAU2XXXX,"JPMORGAN CHASE BANK, N. A. - SYDNEY BRANCH"
CHAYAU41,CHAYAU41XXX,CHANNEL CAPITAL PTY LTD
CHLGAU2S,CHLGAU2SXXX,CHALLENGER GROUP SERVICES PTY LTD
CHPTAU31,CHPTAU31XXX,CHIMAERA CAPITAL LIMITED
CIAYAU22,CIAYAU22XXX,CONTRARIUS INVESTMENT ADVISORY PTY LIMITED
CIBCAU2S,CIBCAU2SXXX,CANADIAN IMPERIAL BANK OF COMMERCE
CILNAU31,CILNAU31XXX,CIRCLE ALLIANCE BANK
CITIAU2X,CITIAU2XCTI,CITIBANK N.A.
CITIAU2X,CITIAU2XGCB,CITIBANK N.A.
CITIAU2X,CITIAU2XICE,CITIBANK N.A.
CITIAU2X,CITIAU2XONE,CITIBANK N.A.
CITIAU2X,CITIAU2XRTG,CITIBANK N.A.
CITIAU2X,CITIAU2XWWF,CITIBANK N.A.
CITIAU2X,CITIAU2XXXX,CITIBANK N.A.
CITIAU3X,CITIAU3X54X,CITIBANK N.A.
CITIAU3X,CITIAU3XAMG,CITIBANK N.A.
CITIAU3X,CITIAU3XONE,CITIBANK N.A.
CITIAU3X,CITIAU3XPHS,CITIBANK N.A.
CITIAU3X,CITIAU3XXXX,CITIBANK N.A.
CITIAUSX,CITIAUSXXXX,CITIBANK N.A.
CLSAAU21,CLSAAU21XXX,CLSA AUSTRALIA PTY LTD
CLTNAU21,CLTNAU21XXX,ILLAWARRA CREDIT UNIION LIMITED
CMAYAU2S,CMAYAU2SXXX,CAMBRIDGE MERCANTILE (AUSTRALIA) PTY. LTD.
CMBCAU2S,CMBCAU2SXXX,"CHINA MERCHANTS BANK CO., LTD."
CMCKAUSS,CMCKAUSSXXX,CMC MARKETS ASIA PACIFIC PTY LTD
CMMTAU21,CMMTAU21XXX,CMC MARKETS STOCKBROKING LIMITED
CMSCAU21,CMSCAU21XXX,COMMUNITY AND REGIONAL PROPRIETARY LIMITED
CNANAU31,CNANAU31XXX,CONTANGO ASSET MANAGEMENT LIMITED
CNANAU3B,CNANAU3BXXX,CONTANGO ASSET MANAGEMENT LIMITED
CNAYAU22,CNAYAU22XXX,CONVERA AUSTRALIA PTY LTD
CNCMAU21,CNCMAU21XXX,CONTINUUM CAPITAL MANAGEMENT LIMITED
CNECAU22,CNECAU22XXX,CURRENC PTY LTD
CNMCAU21,CNMCAU21XXX,REGIONAL AUSTRALIA BANK LTD
CNMYAU44,CNMYAU44XXX,CHANNEL INVESTMENT MANAGEMENT LIMITED
CNORAU3M,CNORAU3MEBM,THE NORTHERN TRUST COMPANY
CNORAU3M,CNORAU3MXXX,THE NORTHERN TRUST COMPANY
CNSLAU21,CNSLAU21XXX,COUNTY NATWEST SECURITIES AUSTRALIA LIMITED
COEEAU21,COEEAU21XXX,COMMONWEALTH SECURITIES LTD
COFGAU21,COFGAU21XXX,THE TRUSTEE FOR COLONIAL FIRST STATE WHOLESALE INDEXED GLOBAL SHARE FUND
COMMAU2S,COMMAU2SBRI,"BANK OF COMMUNICATIONS CO.,LTD SYDNEY BRANCH"
COMMAU2S,COMMAU2SMEL,"BANK OF COMMUNICATIONS CO.,LTD SYDNEY BRANCH"
COMMAU2S,COMMAU2SXXX,"BANK OF COMMUNICATIONS CO.,LTD SYDNEY BRANCH"
COPYAU22,COPYAU22XXX,COASTER CAPITAL PTY LTD
CPANAU21,CPANAU21XXX,1770 CAPITAL PARTNERS
CPIPAU31,CPIPAU31XXX,COPIA INVESTMENT PARTNERS
CPNIAU41,CPNIAU41XXX,THE CAPRICORNIAN LTD
CPPAAU21,CPPAAU21XXX,PM CAPITAL LIMITED
CPPNAU31,CPPNAU31XXX,JCP INVESTMENT PARTNERS LTD
CPSNAU21,CPSNAU21XXX,COOLABAH CAPITAL INSTITUTIONAL INVESTMENTS
CPSUAU51,CPSUAU51XXX,BEYOND BANK AUSTRALIA LIMITED
CPTCAU22,CPTCAU22XXX,CORPORATE ALLIANCE GROUP PTY LTD
CPUFAU31,CPUFAU31XXX,COMPUTERSHARE FUND SERVICES
CRESAU2S,CRESAU2SPBS,UBS AG AUSTRALIA BRANCH
CRESAU2S,CRESAU2SXXX,UBS AG AUSTRALIA BRANCH
CRWMAU2S,CRWMAU2SXXX,LGT CRESTONE WEALTH MANAGEMENT LIMITED
CSAPAU22,CSAPAU22XXX,CONTACT ASSET MANAGEMENT PTY LIMITED
CSEPAU21,CSEPAU21XXX,CCZ STATTON EQUITIES PTY LTD
CSPYAU22,CSPYAU22XXX,COSMOREMIT PTY LTD
CTBAAU2S,CTBAAU2S3FX,COMMONWEALTH BANK OF AUSTRALIA
CTBAAU2S,CTBAAU2S3OT,COMMONWEALTH BANK OF AUSTRALIA
CTBAAU2S,CTBAAU2S400,COMMONWEALTH BANK OF AUSTRALIA
CTBAAU2S,CTBAAU2S500,COMMONWEALTH BANK OF AUSTRALIA
CTBAAU2S,CTBAAU2S600,COMMONWEALTH BANK OF AUSTRALIA
CTBAAU2S,CTBAAU2S700,COMMONWEALTH BANK OF AUSTRALIA
CTBAAU2S,CTBAAU2S800,COMMONWEALTH BANK OF AUSTRALIA
CTBAAU2S,CTBAAU2SCLS,COMMONWEALTH BANK OF AUSTRALIA
CTBAAU2S,CTBAAU2SFXD,COMMONWEALTH BANK OF AUSTRALIA
CTBAAU2S,CTBAAU2SITS,COMMONWEALTH BANK OF AUSTRALIA
CTBAAU2S,CTBAAU2SOBU,COMMONWEALTH BANK OF AUSTRALIA
CTBAAU2S,CTBAAU2SXXX,COMMONWEALTH BANK OF AUSTRALIA
CTBAAUSN,CTBAAUSNXXX,COMMONWEALTH BANK OF AUSTRALIA
CTBAAUSR,CTBAAUSRXXX,COMMONWEALTH BANK OF AUSTRALIA
CTPAAU31,CTPAAU31XXX,L1 CAPITAL PTY LTD
CTRIAU21,CTRIAU21XXX,COASTLINE BANK
CUAUAU41,CUAUAU41GSB,GREAT SOUTHERN BANK
CUAUAU41,CUAUAU41XXX,GREAT SOUTHERN BANK
CUCCAU21,CUCCAU21XXX,CUSTOM CREDIT COPR. LTD.
CUCNAU31,CUCNAU31XXX,CENTRAL MURRAY BANK
CUPTAU22,CUPTAU22XXX,CURRENCYCLOUD PTY LTD
CUSCAU22,CUSCAU22XXX,CUSCAL LIMITED
CUSCAU2S,CUSCAU2SXXX,CUSCAL LIMITED
CWCUAU21,CWCUAU21XXX,CENTRAL WEST CREDIT UNION LIMITED
DANDAU41,DANDAU41XXX,DALTON NICOL REID
DATPAU22,DATPAU22XXX,DAMISA TECHNOLOGIES PTY LTD
DBSSAU2S,DBSSAU2SXXX,"DBS BANK LTD., AUSTRALIA BRANCH"
DCMAAU2S,DCMAAU2SXXX,DEUTSCHE CAPITAL MARKETS AUSTRALIA LTD.
DEAYAU22,DEAYAU22XXX,DECADE PARTNERS PTY LTD
DEECAU21,DEECAU21XXX,DEUTSCHE SECURITIES AUSTRALIA LIMITED
DEFEAU31,DEFEAU31XXX,DEFENCE BANK LIMITED
DEUTAU2S,DEUTAU2SDSO,DEUTSCHE BANK AG
DEUTAU2S,DEUTAU2SEQS,DEUTSCHE BANK AG
DEUTAU2S,DEUTAU2SGTB,DEUTSCHE BANK AG
DEUTAU2S,DEUTAU2SOBU,DEUTSCHE BANK AG
DEUTAU2S,DEUTAU2SXXX,DEUTSCHE BANK AG
DEUTAUSR,DEUTAUSRGTB,DEUTSCHE BANK AG
DEUTAUSR,DEUTAUSRXXX,DEUTSCHE BANK AG
DEUTAUT1,DEUTAUT1XXX,DEUTSCHE BANK AG
DICSAU21,DICSAU21XXX,A.C.N.003 331 726 PTY LTD
DIPSAU21,DIPSAU21XXX,ONEVUE LIMITED
DMAAAU31,DMAAAU31XXX,DMP ASSET MANAGEMENT LIMITED
DTGPAU22,DTGPAU22XXX,DASH TECHNOLOGY GROUP PTY LTD
DTMXAU21,DTMXAU21XXX,VIRIATHUS CAPITAL PTY LTD
DUCCAU31,DUCCAU31XXX,DNISTER UKRAINIAN CREDIT CO-OPERATIVE LIMITED
DWHKAU31,DWHKAU31XXX,DAIWA CAPITAL MARKETS AUSTRALIA LIMITED
DWSBAU31,DWSBAU31XXX,DAIWA CAPITAL MARKETS STOCKBROKING LIMITED
EAAPAU22,EAAPAU22XXX,EASTERN AND ALLIED PTY LTD
EAUSAU21,EAUSAU21XXX,EAUSTBOND PROPRIETARY LTD
EBFXAUS2,EBFXAUS2XXX,EBONFX AUSTRALIA PTY LTD
EBPBAU22,EBPBAU22XXX,EBURY PARTNERS AUSTRALIA PTY LTD
ECRUAU21,ECRUAU21XXX,ENDEAVOUR MUTUAL BANK LTD
EECUAU31,EECUAU31XXX,EECU LIMITED
EFPAAU22,EFPAAU22XXX,EFTPOS PAYMENTS AUSTRALIA LIMITED
EIMPAU21,EIMPAU21XXX,ELSTREE INVESTMENT MANAGEMENT LIMITED
EIPPAU21,EIPPAU21XXX,EIGHT INVESTMENT PARTNERS PTY LTD
ELCIAU21,ELCIAU21XXX,ELLERSTON CAPITAL LIMITED
ENAMAU31,ENAMAU31XXX,ENDEAVOR ASSET MANAGEMENT
EQPTAU31,EQPTAU31XXX,EQUICLEAR PTY LTD
EQPYAU31,EQPYAU31XXX,TOGETHR TRUSTEES PTY LTD
EQTRAU31,EQTRAU31XXX,EQUITY TRUSTEES LIMITED
ESFHAU21,ESFHAU21XXX,86400 LTD
ESUNAUSS,ESUNAUSSXXX,"E.SUN COMMERCIAL BANK, LTD."
ETMAAU21,ETMAAU21ACD,ETFS MANAGEMENT (AUS) LIMITED
ETMAAU21,ETMAAU21COR,ETFS MANAGEMENT (AUS) LIMITED
ETMAAU21,ETMAAU21CUR,ETFS MANAGEMENT (AUS) LIMITED
ETMAAU21,ETMAAU21EST,ETFS MANAGEMENT (AUS) LIMITED
ETMAAU21,ETMAAU21FAN,ETFS MANAGEMENT (AUS) LIMITED
ETMAAU21,ETMAAU21LNA,ETFS MANAGEMENT (AUS) LIMITED
ETMAAU21,ETMAAU21NDI,ETFS MANAGEMENT (AUS) LIMITED
ETMAAU21,ETMAAU21ROB,ETFS MANAGEMENT (AUS) LIMITED
ETMAAU21,ETMAAU21SEL,ETFS MANAGEMENT (AUS) LIMITED
ETMAAU21,ETMAAU21SNA,ETFS MANAGEMENT (AUS) LIMITED
ETMAAU21,ETMAAU21TEC,ETFS MANAGEMENT (AUS) LIMITED
ETMAAU21,ETMAAU21XXX,ETFS MANAGEMENT (AUS) LIMITED
ETMAAU21,ETMAAU21ZOZ,ETFS MANAGEMENT (AUS) LIMITED
ETMAAU21,ETMAAU21ZYA,ETFS MANAGEMENT (AUS) LIMITED
ETMAAU21,ETMAAU21ZYU,ETFS MANAGEMENT (AUS) LIMITED
EUSUAU61,EUSUAU61XXX,EUROZ SECURITIES LIMITED
EVERAU2S,EVERAU2SXXX,"CHINA EVERBRIGHT BANK CO., LTD."
EVPPAU31,EVPPAU31XXX,EVANS AND PARTNERS PTY LTD
EZPTAU62,EZPTAU62XXX,EZREMIT PTY LTD
FAMYAU21,FAMYAU21XXX,FOCUS ASSET MANAGEMENT PTY LTD
FASTAU31,FASTAU31XXX,FALKINERS STOCKBROKING LTD.
FBPOAU21,FBPOAU21XXX,MAINSTREAMBPO
FCBKAU4B,FCBKAU4BXXX,"FIRST COMMERCIAL BANK LTD, BRISBANE BRANCH"
FCCNAU31,FCCNAU31XXX,FIRST CHOICE CREDIT UNION LIMITED
FCRSAU31,FCRSAU31XXX,GEELONG BANK
FCSPAU21,FCSPAU21XXX,ABN AMRO CLEARING SYDNEY PTY LTD
FEATAUS2,FEATAUS2XXX,FIFTH ESTATE ASSET MANAGEMENT PTY LTD
FEPTAU31,FEPTAU31XXX,FAIRVIEW EQUITY PARTNERS PTY LTD
FFCUAU21,FFCUAU21XXX,FAMILY FIRST CREDIT UNION LIMITED
FFFXAU21,FFFXAU21XXX,FIRMA FOREIGN EXCHANGE CORPORATION
FIILAU21,FIILAU21XXX,FIL INVESTMENT MANAGEMENT (AUSTRALIA) LIMITED
FINCAU22,FINCAU22XXX,FINCLEAR EXECUTION LIMITED
FINYAU42,FINYAU42XXX,FIRETRAIL INVESTMENTS PTY LTD
FIURAU41,FIURAU41XXX,FIIG SECURITIES LIMITED
FIYTAU21,FIYTAU21XXX,FINCLEAR PTY LTD
FLPPAU22,FLPPAU22XXX,FLASH PARTNERS PTY LTD
FLPTAU32,FLPTAU32XXX,FLEXEWALLET PTY LTD
FLWTAU33,FLWTAU33XXX,FLY WALLET PTY LTD
FOCPAU21,FOCPAU21XXX,FORTITUDE CAPITAL PTY LIMITED
FOEUAU31,FOEUAU31XXX,FIRST OPTION BANK LTD
FOXYAU32,FOXYAU32XXX,FOXFIRE PTY LTD
FPOSAU21,FPOSAU21XXX,FIDUCIAN PORTFOLIO SERVICES LTD
FRIPAUS1,FRIPAUS1XXX,FITCH AUSTRALIA PTY LTD.
FSEMAU21,FSEMAU21XXX,CBG ASSET MANAGEMENT LTD
FSIEAU22,FSIEAU22XXX,FUTURE SUPER INVESTMENT SERVICES PTY LTD
FSRUAU52,FSRUAU52XXX,FIRE SERVICE CREDIT UNION LIMITED
FSSTAU2K,FSSTAU2KXXX,AWARE SUPER PTY LTD
FSSTAU2S,FSSTAU2SXXX,AWARE SUPER PTY LTD
FSTPAU21,FSTPAU21XXX,FOSTER STOCKBROKING PTY LIMITED
FTIAAU31,FTIAAU31XXX,FRANKLIN TEMPLETON INVESTMENTS AUS TRALIA LIMITED
FUMAAU21,FUMAAU21XXX,BT FUNDS MANAGEMENT LIMITED
FUNPAU2S,FUNPAU2SXXX,APEX FUND SERVICES PTY LTD
FUNPAUS2,FUNPAUS2XXX,APEX FUND SERVICES PTY LTD
GAFIAU21,GAFIAU21XXX,GIORGIO ARMANI AUSTRALIA PTY LTD
GCAMAU31,GCAMAU31XXX,GUILD FINANCE FACILITY LIMITED
GCMBAU21,GCMBAU21XXX,UNITY BANK LIMITED
GCRUAU21,GCRUAU21XXX,GATEWAY BANK LTD
GELFAU52,GELFAU52XXX,GENERATION LIFE LIMITED
GHPRAU51,GHPRAU51XXX,SOUTHWESTERN PTY. LTD
GLASAU22,GLASAU22XXX,GLOBAL LOAN AGENCY SERVICES AUSTRALIA SPECIALIST ACTIVITIES PTY LIMITED
GMCUAU31,GMCUAU31XXX,GOULBURN MURRAY CREDIT UNION CO-OPERATIVE LIMITED
GMOAAU21,GMOAAU21XXX,GMO AUSTRALIA LTD
GOLDAU21,GOLDAU21XXX,GOLDMAN SACHS AUSTRALIA PTY LTD
GOLDAU2S,GOLDAU2SMRA,GOLDMAN SACHS FINANCIAL MARKETS PTY LTD
GOLDAU2S,GOLDAU2SXXX,GOLDMAN SACHS FINANCIAL MARKETS PTY LTD
GOLPAU22,GOLPAU22XXX,GOLDMATE PTY. LTD.
GOMNAU61,GOMNAU61XXX,BNK BANKING CORPORATION LIMITED
GRIYAU32,GRIYAU32XXX,GREAT INTERNATIONAL PTY LTD
GRSUAU21,GRSUAU21XXX,GRANGE SECURITIES LIMITED
GRTEAU21,GRTEAU21XXX,GREATER BANK LIMITED
GSAIAU31,GSAIAU31XXX,GOLDMAN SACHS AUSTRALIA FINANCIAL SERVICES PTY LTD
GSAOAU31,GSAOAU31XXX,GOLDMAN SACHS AUSTRALIA GROUP HOLDINGS PTY LTD
GSAPAU61,GSAPAU61XXX,PINNACLE CORPORATE FINANCE PTY LTD
GSAVAU31,GSAVAU31XXX,GOLDMAN SACHS AUSTRALIA SERVICES PTY LTD
GSELAU21,GSELAU21XXX,GRESHAM SECURITIES PTY LIMITED
GSHAAU31,GSHAAU31XXX,GOLDMAN SACHS HOLDINGS ANZ PTY LIMITED
GSSMAU31,GSSMAU31XXX,GOLDMAN SACHS ASSET MANAGEMENT AUSTRALIA PTY LTD
GSUCAU31,GSUCAU31XXX,GOLDMAN SACHS AUSTRALIA CAPITAL MARKETS LIMITED
HAEQAU21,HAEQAU21XXX,HAMBROS EQUITIES LTD.
HAEYAU71,HAEYAU71XXX,BELL POTTER SECURITIES LIMITED
HAFNAU21,HAFNAU21XXX,HASTINGS FUNDS MANAGEMENT LIMITED
HAMYAU42,HAMYAU42XXX,HAMILTON12 PTY LTD
HARPAU61,HARPAU61XXX,EUROZ HARTLEYS LIMITED
HBSLAU4T,HBSLAU4TXXX,HERITAGE AND PEOPLE'S CHOICE LIMITED
HCCUAU21,HCCUAU21XXX,HOLIDAY COAST CREDIT UNION LTD
HCIPAU31,HCIPAU31XXX,HUDSON CONWAY INVESTMENTS PTY LTD
HCRUAU21,HCRUAU21XXX,HORIZON CREDIT UNION LTD
HEAMAU31,HEAMAU31XXX,HERSCHEL ASSET MANAGEMENT LIMITED
HENDAU41,HENDAU41XXX,HENDERSON CHARLTON JONES LTD.
HFAMAU41,HFAMAU41XXX,LONGREACH ALTERNATIVES LTD
HHIMAU21,HHIMAU21XXX,PENGANA INVESTMENT MANAGEMENT LIMITED
HICNAU31,HICNAU31XXX,SG HISCOCK AND COMPANY LIMITED
HIFXAU2S,HIFXAU2SXXX,HIFX AUSTRALIA PTY LTD
HKBAAU2S,HKBAAU2SADL,HSBC BANK AUSTRALIA LIMITED
HKBAAU2S,HKBAAU2SBAU,HSBC BANK AUSTRALIA LIMITED
HKBAAU2S,HKBAAU2SBNE,HSBC BANK AUSTRALIA LIMITED
HKBAAU2S,HKBAAU2SCLS,HSBC BANK AUSTRALIA LIMITED
HKBAAU2S,HKBAAU2SGPI,HSBC BANK AUSTRALIA LIMITED
HKBAAU2S,HKBAAU2SLAS,HSBC BANK AUSTRALIA LIMITED
HKBAAU2S,HKBAAU2SMEL,HSBC BANK AUSTRALIA LIMITED
HKBAAU2S,HKBAAU2SPTH,HSBC BANK AUSTRALIA LIMITED
HKBAAU2S,HKBAAU2SSYC,HSBC BANK AUSTRALIA LIMITED
HKBAAU2S,HKBAAU2SSYD,HSBC BANK AUSTRALIA LIMITED
HKBAAU2S,HKBAAU2SXXX,HSBC BANK AUSTRALIA LIMITED
HLAGAU21,HLAGAU21XXX,HARVEST LANE ASSET MANAGEMENT
HNBKAU2S,HNBKAU2SXXX,HUA NAN COMMERCIAL BANK SYDNEY BRANCH
HOGPAU61,HOGPAU61XXX,E.D BROADLEY AND T.W HOGAN AND THE TRUSTEE FOR THE TERENCE HOGAN TRUST
HPCBAU42,HPCBAU42XXX,HERITAGE AND PEOPLE'S CHOICE LIMITED
HSBCAU2S,HSBCAU2SBAP,THE HONGKONG AND SHANGHAI BANKING CORPORATION LIMITED
HSBCAU2S,HSBCAU2SCLS,THE HONGKONG AND SHANGHAI BANKING CORPORATION LIMITED
HSBCAU2S,HSBCAU2SGPI,THE HONGKONG AND SHANGHAI BANKING CORPORATION LIMITED
HSBCAU2S,HSBCAU2SXXX,THE HONGKONG AND SHANGHAI BANKING CORPORATION LIMITED
HSEPAU21,HSEPAU21XXX,HUB24 CUSTODIAL SERVICES PTY LTD
HUECAU21,HUECAU21XXX,HUNTER UNITED EMPLOYEES' CREDIT UNION LIMITED
HUIPAU22,HUIPAU22XXX,HUMMINGBIRD INTERCOMS PTY LTD
HUMEAU21,HUMEAU21XXX,HUME BANK LIMITED
HVBKAU2S,HVBKAU2SXXX,WOORI BANK
HYANAU41,HYANAU41XXX,HYPERION ASSET MANAGEMENT LIMITED
IACSAU21,IACSAU21XXX,INSTINET AUSTRALIA PTY LIMITED
IBKRAU2S,IBKRAU2SXXX,INTERACTIVE BROKERS AUSTRALIA PTY LTD
ICBCAU2S,ICBCAU2SBRI,"MEGA INTERNATIONAL COMMERCIAL BANK CO., LTD., SYDNEY BRANCH"
ICBCAU2S,ICBCAU2SMEL,"MEGA INTERNATIONAL COMMERCIAL BANK CO., LTD., SYDNEY BRANCH"
ICBCAU2S,ICBCAU2SXXX,"MEGA INTERNATIONAL COMMERCIAL BANK CO., LTD., SYDNEY BRANCH"
ICBKAU2S,ICBKAU2SXXX,INDUSTRIAL AND COMMERCIAL BANK OF CHINA SYDNEY BRANCH
IDLTAU42,IDLTAU42XXX,INDUE LTD
IDLTAU43,IDLTAU43XXX,INDUE LTD
IFAYAU21,IFAYAU21XXX,ICAP FUTURES (AUSTRALIA) PTY LTD
IFMPAU31,IFMPAU31XXX,IFM INVESTORS PTY LTD
IFMPAU33,IFMPAU33XXX,IFM INVESTORS PTY LTD
IIGPAU31,IIGPAU31XXX,IMPERIA INVESTMENT GROUP PTY LTD
IIMYAU31,IIMYAU31XXX,INTRINSIC INVESTMENT MANAGEMENT PTY LTD
IMPPAUS1,IMPPAUS1XXX,IMC PACIFIC PTY LTD
IMTIAU21,IMTIAU21XXX,IMB LTD
INARAU21,INARAU21XXX,PG INTERCAPITAL LIMITED (AUSTRALIA)
INGAAU2S,INGAAU2SXXX,"ING BANK NV,SYDNEY BRANCH"
INGBAU2S,INGBAU2SWBL,ING BANK (AUSTRALIA) LIMITED
INGBAU2S,INGBAU2SXXX,ING BANK (AUSTRALIA) LIMITED
INMUAU21,INMUAU21XXX,INVESTORS MUTUAL LTD
INSUAU21,INSUAU21XXX,PHILLIP CAPITAL LIMITED
INUPAU31,INUPAU31XXX,INVIA CUSTODIAN PTY LIMITED
INYTAU31,INYTAU31XXX,4D INFRASTRUCTURE PTY LTD
INYYAU22,INYYAU22XXX,INTERPAY PTY LIMITED
IOFMAU31,IOFMAU31XXX,IOOF FUNDS MANAGEMENT
IPFMAU22,IPFMAU22XXX,INDIAN PACIFIC FUNDS MANAGEMENT
IRESAU2S,IRESAU2SXXX,IRESS INFORMATION PTY LTD
ISAPAU22,ISAPAU22XXX,ISLAMIC BANK AUSTRALIA PTY LTD
ISEPAU31,ISEPAU31XXX,ISIGNTHIS EMONEY (AU) PTY LTD
ISIGAU31,ISIGAU31XXX,ISIGNTHIS LTD
ISNTAU21,ISNTAU21XXX,INSTINET AUSTRALIA PTY LIMITED
ISTPAU22,ISTPAU22XXX,INSTANTIAPAY PTY LTD
ITGAAU31,ITGAAU31XXX,VIRTU ITG AUSTRALIA LIMITED
ITIFAU21,ITIFAU21XXX,FORAGER FUNDS MANAGEMENT PTY LTD
IVECAU21,IVECAU21XXX,INVESTEC AUSTRALIA LIMITED
IVMMAUS1,IVMMAUS1XXX,PENDAL INSTITUTIONAL LIMITED
JAAPAU22,JAAPAU22XXX,JARDEN AUSTRALIA PTY LTD
JBWEAU31,JBWEAU31XXX,GOLDMAN SACHS JBWERE CAPITAL MARKETS LIMITED
JBWLAU31,JBWLAU31GSA,GOLDMAN SACHS AUSTRALIA PTY LTD
JBWLAU31,JBWLAU31XXX,GOLDMAN SACHS AUSTRALIA PTY LTD
JEFFAU2X,JEFFAU2XXXX,JEFFERIES (AUSTRALIA) SECURITIES PTY LTD
JIMPAU21,JIMPAU21XXX,JENKINS INVESTMENT MANAGEMENT PTY LTD
JOTPAU31,JOTPAU31ADM,BELL POTTER SECURITIES
JOTPAU31,JOTPAU31XXX,BELL POTTER SECURITIES
JOTPAU32,JOTPAU32XXX,BELL POTTER SECURITIES
JPALAU21,JPALAU21XXX,F PALMER AND M.E PALMER
JPMAAU2X,JPMAAU2XSMM,J.P. MORGAN SECURITIES AUSTRALIA LIMITED
JPMAAU2X,JPMAAU2XXXX,J.P. MORGAN SECURITIES AUSTRALIA LIMITED
JPMSAU21,JPMSAU2103M,JP MORGAN SECURITIES AUSTRALIA LIMITED
JPMSAU21,JPMSAU21XXX,JP MORGAN SECURITIES AUSTRALIA LIMITED
KACPAU32,KACPAU32XXX,KARDINIA CAPITAL PTY LTD
KARAAU31,KARAAU31XXX,BELL ASSET MANAGEMENT LIMITED
KATAAU61,KATAAU61XXX,KATANA CAPITAL LIMITED
KCPPAU21,KCPPAU21XXX,KIS CAPITAL PARTNERS PTY LTD
KICAAU31,KICAAU31XXX,DRAUPNER INVESTMENT MANAGEMENT PTY LTD
KIRKAU61,KIRKAU61XXX,KSLCORP PTY LTD
KOEXAU2S,KOEXAU2SXXX,"KEB HANA BANK CO., LTD"
LAAYAU52,LAAYAU52XXX,LANYON ASSET MANAGEMENT PTY LIMITED
LAGPAU31,LAGPAU31XXX,LAMINAR GROUP PTY LTD
LAMNAU21,LAMNAU21XXX,LAZARD ASSET MANAGEMENT PACIFIC CO.
LATTAU42,LATTAU42XXX,LATITUDE TECHNOLOGIES PTY LTD
LBOTAU4B,LBOTAU4BXXX,"LAND BANK OF TAIWAN CO., LTD."
LCATAU21,LCATAU21XXX,LIQUID CAPITAL AUSTRALIA PTY LTD
LCPTAU41,LCPTAU41XXX,LONGWAVE CAPITAL PARTNERS PTY LTD
LCRNAU21,LCRNAU21XXX,LABORATORIES CREDIT UNION LIMITED
LFSPAU22,LFSPAU22ACP,PACIFIC CUSTODIANS PTY LIMITED
LFSPAU22,LFSPAU22FOR,PACIFIC CUSTODIANS PTY LIMITED
LFSPAU22,LFSPAU22MAN,PACIFIC CUSTODIANS PTY LIMITED
LFSPAU22,LFSPAU22OIN,PACIFIC CUSTODIANS PTY LIMITED
LFSPAU22,LFSPAU22OPH,PACIFIC CUSTODIANS PTY LIMITED
LFSPAU22,LFSPAU22OPT,PACIFIC CUSTODIANS PTY LIMITED
LFSPAU22,LFSPAU22PAR,PACIFIC CUSTODIANS PTY LIMITED
LFSPAU22,LFSPAU22VIN,PACIFIC CUSTODIANS PTY LIMITED
LFSPAU22,LFSPAU22WAT,PACIFIC CUSTODIANS PTY LIMITED
LFSPAU22,LFSPAU22XXX,PACIFIC CUSTODIANS PTY LIMITED
LHCCAU21,LHCCAU21XXX,LHC CAPITAL PTY LTD
LIAPAU21,LIAPAU21XXX,LIQUIDNET AUSTRALIA PTY LTD
LIIDAU31,LIIDAU31XXX,LINCOLN INDICATORS
LIKIAU2S,LIKIAU2SXXX,BANK OF SYDNEY LTD
LIMPAU21,LIMPAU21XXX,VERTIUM ASSET MANAGEMENT PTY LTD
LLLAAU51,LLLAAU51XXX,LUTHERAN LAYPEOPLE'S LEAGUE OF AUSTRALIA LIMITED
LODGAU31,LODGAU31XXX,LODGE AND PARTNERS
LONSAU31,LONSAU31XXX,FINCLEAR EXECUTION LIMITED
MAAYAU21,MAAYAU21LIC,MORPHIC ASSET MANAGEMENT PTY LIMITED
MAAYAU21,MAAYAU21MTE,MORPHIC ASSET MANAGEMENT PTY LIMITED
MAAYAU21,MAAYAU21XXX,MORPHIC ASSET MANAGEMENT PTY LIMITED
MACQAU2I,MACQAU2IXXX,MACQUARIE INVESTMENT MANAGEMENT GLOBAL LIMITED
MACQAU2K,MACQAU2KXXX,MACQUARIE INVESTMENT MANAGEMENT GLOBAL LIMITED
MACQAU2S,MACQAU2SBFS,MACQUARIE BANK LIMITED
MACQAU2S,MACQAU2SCLS,MACQUARIE BANK LIMITED
MACQAU2S,MACQAU2SMPS,MACQUARIE BANK LIMITED
MACQAU2S,MACQAU2SOBU,MACQUARIE BANK LIMITED
MACQAU2S,MACQAU2SSAF,MACQUARIE BANK LIMITED
MACQAU2S,MACQAU2SSEC,MACQUARIE BANK LIMITED
MACQAU2S,MACQAU2SSMK,MACQUARIE BANK LIMITED
MACQAU2S,MACQAU2STC1,MACQUARIE BANK LIMITED
MACQAU2S,MACQAU2STC2,MACQUARIE BANK LIMITED
MACQAU2S,MACQAU2SVOS,MACQUARIE BANK LIMITED
MACQAU2S,MACQAU2SXXX,MACQUARIE BANK LIMITED
MACQAUSR,MACQAUSRNSS,MACQUARIE BANK LIMITED
MACQAUSR,MACQAUSRXXX,MACQUARIE BANK LIMITED
MAEYAU21,MAEYAU21XXX,MICROEQUITIES ASSET MANAGEMENT PTY LTD
MAPBAU21,MAPBAU21XXX,MACQUARIE - PRIVATE BROKING
MASYAU21,MASYAU21XXX,MOELIS AUSTRALIA SECURITIES PTY LTD
MATYAU21,MATYAU21XXX,MASON STEVENS LIMITED
MBBTAU2S,MBBTAU2SBRI,TAIWAN BUSINESS BANK-SYDNEY BRANCH
MBBTAU2S,MBBTAU2SXXX,TAIWAN BUSINESS BANK-SYDNEY BRANCH
MBIPAU21,MBIPAU21XXX,MBA INVESTMENTS PTY LTD
MCCUAU21,MCCUAU21XXX,MACARTHUR CREDIT UNION LIMITED
MCRNAU21,MCRNAU21XXX,MACQUARIE CREDIT UNION LIMITED
MCUUAU31,MCUUAU31XXX,BANK AUSTRALIA LIMITED
MELMAU31,MELMAU31XXX,MERRILL LYNCH MELBOURNE
MEQBAU3M,MEQBAU3MXXX,BANK OF QUEENSLAND LIMITED
METWAU4B,METWAU4BFCS,NORFINA LIMITED
METWAU4B,METWAU4BTSY,NORFINA LIMITED
METWAU4B,METWAU4BXXX,NORFINA LIMITED
METYAU22,METYAU22XXX,METAGATE PTY LTD
MFAUAU41,MFAUAU41XXX,MAN FINANCIAL AUSTRALIA LIMITED
MFHPAU21,MFHPAU21XXX,MACQUARIE FINANCIAL HOLDINGS PTY LIMITED
MFMPAU31,MFMPAU31XXX,MERLYN FUNDS MANAGEMENT PTY LTD
MFSTAU21,MFSTAU21XXX,MST FINANCIAL SERVICES PTY. LTD.
MFUGAU31,MFUGAU31XXX,AIMS FUND MANAGEMENT LIMITED
MGAGAU21,MGAGAU21XXX,MAGELLAN ASSET MANAGEMENT LIMITED
MGALAU21,MGALAU21XXX,DEUTSCHE ASSET MANAGEMENT (AUSTRALIA) LIMITED
MGIVAU21,MGIVAU21XXX,MELLON GLOBAL INVESTMENTS
MGPYAU22,MGPYAU22XXX,MGIM PTY LTD
MHCBAU2S,MHCBAU2SXXX,"MIZUHO BANK, LTD. SYDNEY BRANCH"
MICTAU31,MICTAU31XXX,MERCER (AUSTRALIA) PTY LTD
MIEPAU21,MIEPAU21XXX,MOODY'S INVESTORS SERVICE PTY. LTD.
MIMAAU21,MIMAAU21XXX,METISQ CAPITAL PTY LTD
MIMGAU31,MIMGAU31XXX,MONTERREY INVESTMENT MANAGEMENT
MLEAAU31,MLEAAU31XXX,MERRILL LYNCH EQUITIES AUSTRAILIA LTD. MELBOURNE
MLEQAU2S,MLEQAU2SBMS,MERRILL LYNCH EQUITIES (AUSTRALIA) LIMITED
MLEQAU2S,MLEQAU2SFFO,MERRILL LYNCH EQUITIES (AUSTRALIA) LIMITED
MLEQAU2S,MLEQAU2SMLB,MERRILL LYNCH EQUITIES (AUSTRALIA) LIMITED
MLEQAU2S,MLEQAU2SMLM,MERRILL LYNCH EQUITIES (AUSTRALIA) LIMITED
MLEQAU2S,MLEQAU2SMLN,MERRILL LYNCH EQUITIES (AUSTRALIA) LIMITED
MLEQAU2S,MLEQAU2SMLR,MERRILL LYNCH EQUITIES (AUSTRALIA) LIMITED
MLEQAU2S,MLEQAU2SMLS,MERRILL LYNCH EQUITIES (AUSTRALIA) LIMITED
MLEQAU2S,MLEQAU2SMLT,MERRILL LYNCH EQUITIES (AUSTRALIA) LIMITED
MLEQAU2S,MLEQAU2SXXX,MERRILL LYNCH EQUITIES (AUSTRALIA) LIMITED
MMAMAU21,MMAMAU21XXX,THETA ASSET MANAGEMENT LTD
MMBTAU21,MMBTAU21XXX,MAITLAND MUTUAL LIMITED
MMCIAU41,MMCIAU41XXX,MCU LTD (MALENY CREDIT UNION)
MMPCAU21,MMPCAU21XXX,UNITY BANK LIMITED
MOEPAU21,MOEPAU21XXX,MORRISON SECURITIES PTY LIMITED
MOFCAU51,MOFCAU51XXX,MOFFATT CADDICK PTY LTD.
MOIGAU21,MOIGAU21XXX,MONTGOMERY INVESTMENT MANAGEMENT
MOIMAU31,MOIMAU31XXX,JP MORGAN INVESTMENT MANAGEMENT LTD
MONPAU61,MONPAU61XXX,CANACCORD GENUITY PATERSONS LIMITED
MOPTAU21,MOPTAU21XXX,INVESTMENT ADMINISTRATION SERVICES PTY LTD
MOPYAUS1,MOPYAUS1XXX,MONOOVA PAYMENTS PTY LTD
MOYHAU22,MOYHAU22XXX,MONOOVA GLOBAL PAYMENTS PTY LTD
MOYTAU22,MOYTAU22XXX,MONEYCHAIN PTY LTD
MPTLAU41,MPTLAU41XXX,LB MANAGEMENT PTY LTD AS TRUSTEE LAGUNA BAY CAPITAL MT
MSAUAU21,MSAUAU21XXX,MACQUARIE SECURITIES (AUSTRALIA) LIMITED
MSCTAUS1,MSCTAUS1XXX,MST CAPITAL PTY LTD
MSDIAU21,MSDIAU21XXX,MORGAN STANLEY AUSTRALIA SECURITIES LTD
MSFPAU22,MSFPAU22XXX,MIST FINANCIAL PTY LTD
MSIIAU21,MSIIAU21XXX,MORGAN STANLEY AND CO INTERNATIONAL PLC
MSIMAU31,MSIMAU31XXX,MORGAN STANLEY INVESTMENT MANAGEMENT (AUSTRALIA) PTY LIMITED
MSLAAU21,MSLAAU21XXX,MIDLAND SECURITIES PTY LIMITED
MSMAAU22,MSMAAU22XXX,MA ASSET MANAGEMENT LTD
MSMVAU2S,MSMVAU2SXXX,MLC ASSET MANAGEMENT SERVICES LIMITED
MSSYAU31,MSSYAU31XXX,MORGAN STANLEY WEALTH MANAGEMENT AUSTRALIA PTY LTD
MUANAU32,MUANAU32XXX,MUNRO ASSET MANAGEMENT LIMITED
MWCPAU31,MWCPAU31XXX,MWH CAPITAL PTY LTD
MYSTAU71,MYSTAU71XXX,MYSTATE BANK LIMITED
NACFAU2S,NACFAU2SXXX,NONGHYUP BANK
NAFHAU51,NAFHAU51XXX,NADER FAWZI GHANDOUR
NANUAU22,NANUAU22XXX,NANUK ASSET MANAGEMENT PTY LTD
NAOSAU21,NAOSAU21XXX,NAOS ASSET MANAGEMENT
NAOTAU61,NAOTAU61XXX,WEALTHHUB SECURITIES LIMITED
NATAAU33,NATAAU3302J,NATIONAL AUSTRALIA BANK LIMITED
NATAAU33,NATAAU3302S,NATIONAL AUSTRALIA BANK LIMITED
NATAAU33,NATAAU3302X,NATIONAL AUSTRALIA BANK LIMITED
NATAAU33,NATAAU3302Z,NATIONAL AUSTRALIA BANK LIMITED
NATAAU33,NATAAU33032,NATIONAL AUSTRALIA BANK LIMITED
NATAAU33,NATAAU33033,NATIONAL AUSTRALIA BANK LIMITED
NATAAU33,NATAAU3303M,NATIONAL AUSTRALIA BANK LIMITED
NATAAU33,NATAAU3303T,NATIONAL AUSTRALIA BANK LIMITED
NATAAU33,NATAAU3304B,NATIONAL AUSTRALIA BANK LIMITED
NATAAU33,NATAAU3305A,NATIONAL AUSTRALIA BANK LIMITED
NATAAU33,NATAAU3306P,NATIONAL AUSTRALIA BANK LIMITED
NATAAU33,NATAAU3306Z,NATIONAL AUSTRALIA BANK LIMITED
NATAAU33,NATAAU3307H,NATIONAL AUSTRALIA BANK LIMITED
NATAAU33,NATAAU3308D,NATIONAL AUSTRALIA BANK LIMITED
NATAAU33,NATAAU33CLS,NATIONAL AUSTRALIA BANK LIMITED
NATAAU33,NATAAU33OBU,NATIONAL AUSTRALIA BANK LIMITED
NATAAU33,NATAAU33XXX,NATIONAL AUSTRALIA BANK LIMITED
NATAAU34,NATAAU34XXX,NATIONAL AUSTRALIA BANK LIMITED
NATAAU3R,NATAAU3RXXX,NATIONAL AUSTRALIA BANK LIMITED
NEWGAU2S,NEWGAU2SXXX,SOCIETE GENERALE SECURITIES AUSTRALIA PTY LTD
NEXPAU32,NEXPAU32XXX,NEXT PAYMENTS PTY LTD
NICUAU21,NICUAU21XXX,NORTHERN INLAND CREDIT UNION LIMITED
NIPTAU32,NIPTAU32XXX,NIUM PTY LIMITED
NOAUAU2S,NOAUAU2SXXX,NOMURA AUSTRALIA LIMITED
NOMTAU21,NOMTAU21XXX,NOVA MUTUAL LIMITED
NOSCAU2S,NOSCAU2SXXX,THE BANK OF NOVA SCOTIA
NPBOAU21,NPBOAU21XXX,NEWCASTLE PERMANENT BUILDING SOCIETY LIMITED
NPTYAU22,NPTYAU22XXX,NONPUBLIC PTY LTD
NSWRAU2B,NSWRAU2BXXX,NEW SOUTH WALES TREASURY CORPORATION
NSWRAU2S,NSWRAU2SXXX,NEW SOUTH WALES TREASURY CORPORATION
NSWTAU21,NSWTAU21XXX,NEW SOUTH WALES TREASURY CORPORATIONS
OAAMAU21,OAAMAU21XXX,OASIS ASSET MANAGEMENT LIMITED
OCBCAU2S,OCBCAU2SXXX,OVERSEA-CHINESE BANKING CORPORATION LIMITED
OCMYAU22,OCMYAU22XXX,OPAL CAPITAL MANAGEMENT PTY LTD
OCRNAU21,OCRNAU21XXX,BANK ORANGE
ODDLAU21,ODDLAU21XXX,ODD LOTS LTD.
OMGIAU31,OMGIAU31XXX,OMEGA GLOBAL INVESTORS
OMGLAU61,OMGLAU61XXX,CANACCORD GENUITY FINANCIAL LIMITED
OPANAU21,OPANAU21XXX,OPHIR ASSET MANAGEMENT
OPAUAU31,OPAUAU31XXX,OPENMARKETS AUSTRALIA LIMITED
OPCAAU31,OPCAAU31XXX,OC FUNDS MANAGEMENT
OPPSAU31,OPPSAU31XXX,OPES PRIME STOCKBROKING LIMITED
OPUPAU22,OPUPAU22XXX,ONE POINT UNIVERSAL PTY LTD
ORAMAU21,ORAMAU21XXX,ORION ASSET MANAGEMENT PTY LTD
ORDSAU21,ORDSAU21XXX,ORD MINNETT LIMITED
OSCGAU41,OSCGAU41XXX,OCEANIC SUN COLLABORATIVE GROUP
OZFXAU2S,OZFXAU2SXXX,OZFOREX LIMITED
PAEMAU61,PAEMAU61XXX,PATERSONS ASSET MANAGEMENT
PARBAU2S,PARBAU2SEUT,BNP PARIBAS AUSTRALIA
PARBAU2S,PARBAU2SGMP,BNP PARIBAS AUSTRALIA
PARBAU2S,PARBAU2SISI,BNP PARIBAS AUSTRALIA
PARBAU2S,PARBAU2SIUT,BNP PARIBAS AUSTRALIA
PARBAU2S,PARBAU2SLCC,BNP PARIBAS AUSTRALIA
PARBAU2S,PARBAU2SMAN,BNP PARIBAS AUSTRALIA
PARBAU2S,PARBAU2SMCY,BNP PARIBAS AUSTRALIA
PARBAU2S,PARBAU2SMIO,BNP PARIBAS AUSTRALIA
PARBAU2S,PARBAU2SNZL,BNP PARIBAS AUSTRALIA
PARBAU2S,PARBAU2SPCL,BNP PARIBAS AUSTRALIA
PARBAU2S,PARBAU2SXXX,BNP PARIBAS AUSTRALIA
PARBAU2S,PARBAU2SZUT,BNP PARIBAS AUSTRALIA
PARBAUS1,PARBAUS1000,BNP PARIBAS AUSTRALIA
PARBAUS1,PARBAUS1001,BNP PARIBAS AUSTRALIA
PARBAUS1,PARBAUS1002,BNP PARIBAS AUSTRALIA
PARBAUS1,PARBAUS1003,BNP PARIBAS AUSTRALIA
PARBAUS1,PARBAUS1004,BNP PARIBAS AUSTRALIA
PARBAUS1,PARBAUS1005,BNP PARIBAS AUSTRALIA
PARBAUS1,PARBAUS1006,BNP PARIBAS AUSTRALIA
PARBAUS1,PARBAUS1007,BNP PARIBAS AUSTRALIA
PARBAUS1,PARBAUS1008,BNP PARIBAS AUSTRALIA
PARBAUS1,PARBAUS1009,BNP PARIBAS AUSTRALIA
PARBAUS1,PARBAUS1010,BNP PARIBAS AUSTRALIA
PARBAUS1,PARBAUS1011,BNP PARIBAS AUSTRALIA
PARBAUS1,PARBAUS1012,BNP PARIBAS AUSTRALIA
PARBAUS1,PARBAUS1013,BNP PARIBAS AUSTRALIA
PARBAUS1,PARBAUS1014,BNP PARIBAS AUSTRALIA
PARBAUS1,PARBAUS1015,BNP PARIBAS AUSTRALIA
PARBAUS1,PARBAUS1016,BNP PARIBAS AUSTRALIA
PARBAUS1,PARBAUS1017,BNP PARIBAS AUSTRALIA
PARBAUS1,PARBAUS1018,BNP PARIBAS AUSTRALIA
PARBAUS1,PARBAUS1019,BNP PARIBAS AUSTRALIA
PARBAUS1,PARBAUS1020,BNP PARIBAS AUSTRALIA
PARBAUS1,PARBAUS1021,BNP PARIBAS AUSTRALIA
PARBAUS1,PARBAUS1022,BNP PARIBAS AUSTRALIA
PARBAUS1,PARBAUS1023,BNP PARIBAS AUSTRALIA
PARBAUS1,PARBAUS1024,BNP PARIBAS AUSTRALIA
PARBAUS1,PARBAUS1025,BNP PARIBAS AUSTRALIA
PARBAUS1,PARBAUS1026,BNP PARIBAS AUSTRALIA
PARBAUS1,PARBAUS1027,BNP PARIBAS AUSTRALIA
PARBAUS1,PARBAUS1028,BNP PARIBAS AUSTRALIA
PARBAUS1,PARBAUS1029,BNP PARIBAS AUSTRALIA
PARBAUS1,PARBAUS1030,BNP PARIBAS AUSTRALIA
PARBAUS1,PARBAUS1031,BNP PARIBAS AUSTRALIA
PARBAUS1,PARBAUS1032,BNP PARIBAS AUSTRALIA
PARBAUS1,PARBAUS1033,BNP PARIBAS AUSTRALIA
PARBAUS1,PARBAUS1034,BNP PARIBAS AUSTRALIA
PARBAUS1,PARBAUS1035,BNP PARIBAS AUSTRALIA
PARBAUS1,PARBAUS1036,BNP PARIBAS AUSTRALIA
PARBAUS1,PARBAUS1037,BNP PARIBAS AUSTRALIA
PARBAUS1,PARBAUS1038,BNP PARIBAS AUSTRALIA
PARBAUS1,PARBAUS1039,BNP PARIBAS AUSTRALIA
PARBAUS1,PARBAUS1040,BNP PARIBAS AUSTRALIA
PARBAUS1,PARBAUS1041,BNP PARIBAS AUSTRALIA
PARBAUS1,PARBAUS1042,BNP PARIBAS AUSTRALIA
PARBAUS1,PARBAUS1043,BNP PARIBAS AUSTRALIA
PARBAUS1,PARBAUS1044,BNP PARIBAS AUSTRALIA
PARBAUS1,PARBAUS1045,BNP PARIBAS AUSTRALIA
PARBAUS1,PARBAUS1046,BNP PARIBAS AUSTRALIA
PARBAUS1,PARBAUS1047,BNP PARIBAS AUSTRALIA
PARBAUS1,PARBAUS1048,BNP PARIBAS AUSTRALIA
PARBAUS1,PARBAUS1049,BNP PARIBAS AUSTRALIA
PARBAUS1,PARBAUS1050,BNP PARIBAS AUSTRALIA
PARBAUS1,PARBAUS1051,BNP PARIBAS AUSTRALIA
PARBAUS1,PARBAUS1052,BNP PARIBAS AUSTRALIA
PARBAUS1,PARBAUS1053,BNP PARIBAS AUSTRALIA
PARBAUS1,PARBAUS1054,BNP PARIBAS AUSTRALIA
PARBAUS1,PARBAUS1055,BNP PARIBAS AUSTRALIA
PARBAUS1,PARBAUS1056,BNP PARIBAS AUSTRALIA
PARBAUS1,PARBAUS1057,BNP PARIBAS AUSTRALIA
PARBAUS1,PARBAUS1058,BNP PARIBAS AUSTRALIA
PARBAUS1,PARBAUS1059,BNP PARIBAS AUSTRALIA
PARBAUS1,PARBAUS1060,BNP PARIBAS AUSTRALIA
PARBAUS1,PARBAUS1061,BNP PARIBAS AUSTRALIA
PARBAUS1,PARBAUS1062,BNP PARIBAS AUSTRALIA
PARBAUS1,PARBAUS1063,BNP PARIBAS AUSTRALIA
PARBAUS1,PARBAUS1064,BNP PARIBAS AUSTRALIA
PARBAUS1,PARBAUS1065,BNP PARIBAS AUSTRALIA
PARBAUS1,PARBAUS1066,BNP PARIBAS AUSTRALIA
PARBAUS1,PARBAUS1067,BNP PARIBAS AUSTRALIA
PARBAUS1,PARBAUS1068,BNP PARIBAS AUSTRALIA
PARBAUS1,PARBAUS1069,BNP PARIBAS AUSTRALIA
PARBAUS1,PARBAUS1070,BNP PARIBAS AUSTRALIA
PARBAUS1,PARBAUS1071,BNP PARIBAS AUSTRALIA
PARBAUS1,PARBAUS1072,BNP PARIBAS AUSTRALIA
PARBAUS1,PARBAUS1073,BNP PARIBAS AUSTRALIA
PARBAUS1,PARBAUS1074,BNP PARIBAS AUSTRALIA
PARBAUS1,PARBAUS1075,BNP PARIBAS AUSTRALIA
PARBAUS1,PARBAUS1076,BNP PARIBAS AUSTRALIA
PARBAUS1,PARBAUS1077,BNP PARIBAS AUSTRALIA
PARBAUS1,PARBAUS1078,BNP PARIBAS AUSTRALIA
PARBAUS1,PARBAUS1079,BNP PARIBAS AUSTRALIA
PARBAUS1,PARBAUS1080,BNP PARIBAS AUSTRALIA
PARBAUS1,PARBAUS1081,BNP PARIBAS AUSTRALIA
PARBAUS1,PARBAUS1082,BNP PARIBAS AUSTRALIA
PARBAUS1,PARBAUS1083,BNP PARIBAS AUSTRALIA
PARBAUS1,PARBAUS1084,BNP PARIBAS AUSTRALIA
PARBAUS1,PARBAUS1085,BNP PARIBAS AUSTRALIA
PARBAUS1,PARBAUS1086,BNP PARIBAS AUSTRALIA
PARBAUS1,PARBAUS1087,BNP PARIBAS AUSTRALIA
PARBAUS1,PARBAUS1088,BNP PARIBAS AUSTRALIA
PARBAUS1,PARBAUS1089,BNP PARIBAS AUSTRALIA
PARBAUS1,PARBAUS1090,BNP PARIBAS AUSTRALIA
PARBAUS1,PARBAUS1091,BNP PARIBAS AUSTRALIA
PARBAUS1,PARBAUS1092,BNP PARIBAS AUSTRALIA
PARBAUS1,PARBAUS1093,BNP PARIBAS AUSTRALIA
PARBAUS1,PARBAUS1094,BNP PARIBAS AUSTRALIA
PARBAUS1,PARBAUS1095,BNP PARIBAS AUSTRALIA
PARBAUS1,PARBAUS1096,BNP PARIBAS AUSTRALIA
PARBAUS1,PARBAUS1097,BNP PARIBAS AUSTRALIA
PARBAUS1,PARBAUS1098,BNP PARIBAS AUSTRALIA
PARBAUS1,PARBAUS1099,BNP PARIBAS AUSTRALIA
PARBAUS1,PARBAUS1100,BNP PARIBAS AUSTRALIA
PARBAUS1,PARBAUS1101,BNP PARIBAS AUSTRALIA
PARBAUS1,PARBAUS1102,BNP PARIBAS AUSTRALIA
PARBAUS1,PARBAUS1103,BNP PARIBAS AUSTRALIA
PARBAUS1,PARBAUS1104,BNP PARIBAS AUSTRALIA
PARBAUS1,PARBAUS1105,BNP PARIBAS AUSTRALIA
PARBAUS1,PARBAUS1106,BNP PARIBAS AUSTRALIA
PARBAUS1,PARBAUS1107,BNP PARIBAS AUSTRALIA
PARBAUS1,PARBAUS1108,BNP PARIBAS AUSTRALIA
PARBAUS1,PARBAUS1109,BNP PARIBAS AUSTRALIA
PARBAUS1,PARBAUS1110,BNP PARIBAS AUSTRALIA
PARBAUS1,PARBAUS1111,BNP PARIBAS AUSTRALIA
PARBAUS1,PARBAUS1112,BNP PARIBAS AUSTRALIA
PARBAUS1,PARBAUS1113,BNP PARIBAS AUSTRALIA
PARBAUS1,PARBAUS1114,BNP PARIBAS AUSTRALIA
PARBAUS1,PARBAUS1115,BNP PARIBAS AUSTRALIA
PARBAUS1,PARBAUS1116,BNP PARIBAS AUSTRALIA
PARBAUS1,PARBAUS1117,BNP PARIBAS AUSTRALIA
PARBAUS1,PARBAUS1118,BNP PARIBAS AUSTRALIA
PARBAUS1,PARBAUS1119,BNP PARIBAS AUSTRALIA
PARBAUS1,PARBAUS1120,BNP PARIBAS AUSTRALIA
PARBAUS1,PARBAUS1121,BNP PARIBAS AUSTRALIA
PARBAUS1,PARBAUS1122,BNP PARIBAS AUSTRALIA
PARBAUS1,PARBAUS1123,BNP PARIBAS AUSTRALIA
PARBAUS1,PARBAUS1124,BNP PARIBAS AUSTRALIA
PARBAUS1,PARBAUS1125,BNP PARIBAS AUSTRALIA
PARBAUS1,PARBAUS1126,BNP PARIBAS AUSTRALIA
PARBAUS1,PARBAUS1127,BNP PARIBAS AUSTRALIA
PARBAUS1,PARBAUS1128,BNP PARIBAS AUSTRALIA
PARBAUS1,PARBAUS1129,BNP PARIBAS AUSTRALIA
PARBAUS1,PARBAUS1130,BNP PARIBAS AUSTRALIA
PARBAUS1,PARBAUS1131,BNP PARIBAS AUSTRALIA
PARBAUS1,PARBAUS1132,BNP PARIBAS AUSTRALIA
PARBAUS1,PARBAUS1133,BNP PARIBAS AUSTRALIA
PARBAUS1,PARBAUS1134,BNP PARIBAS AUSTRALIA
PARBAUS1,PARBAUS1135,BNP PARIBAS AUSTRALIA
PARBAUS1,PARBAUS1136,BNP PARIBAS AUSTRALIA
PARBAUS1,PARBAUS1137,BNP PARIBAS AUSTRALIA
PARBAUS1,PARBAUS1138,BNP PARIBAS AUSTRALIA
PARBAUS1,PARBAUS1139,BNP PARIBAS AUSTRALIA
PARBAUS1,PARBAUS1140,BNP PARIBAS AUSTRALIA
PARBAUS1,PARBAUS1141,BNP PARIBAS AUSTRALIA
PARBAUS1,PARBAUS1142,BNP PARIBAS AUSTRALIA
PARBAUS1,PARBAUS1143,BNP PARIBAS AUSTRALIA
PARBAUS1,PARBAUS1144,BNP PARIBAS AUSTRALIA
PARBAUS1,PARBAUS1145,BNP PARIBAS AUSTRALIA
PARBAUS1,PARBAUS1146,BNP PARIBAS AUSTRALIA
PARBAUS1,PARBAUS1147,BNP PARIBAS AUSTRALIA
PARBAUS1,PARBAUS1148,BNP PARIBAS AUSTRALIA
PARBAUS1,PARBAUS1149,BNP PARIBAS AUSTRALIA
PARBAUS1,PARBAUS1150,BNP PARIBAS AUSTRALIA
PARBAUS1,PARBAUS1151,BNP PARIBAS AUSTRALIA
PARBAUS1,PARBAUS1152,BNP PARIBAS AUSTRALIA
PARBAUS1,PARBAUS1153,BNP PARIBAS AUSTRALIA
PARBAUS1,PARBAUS1154,BNP PARIBAS AUSTRALIA
PARBAUS1,PARBAUS1155,BNP PARIBAS AUSTRALIA
PARBAUS1,PARBAUS1156,BNP PARIBAS AUSTRALIA
PARBAUS1,PARBAUS1157,BNP PARIBAS AUSTRALIA
PARBAUS1,PARBAUS1158,BNP PARIBAS AUSTRALIA
PARBAUS1,PARBAUS1159,BNP PARIBAS AUSTRALIA
PARBAUS1,PARBAUS1160,BNP PARIBAS AUSTRALIA
PARBAUS1,PARBAUS1161,BNP PARIBAS AUSTRALIA
PARBAUS1,PARBAUS1162,BNP PARIBAS AUSTRALIA
PARBAUS1,PARBAUS1163,BNP PARIBAS AUSTRALIA
PARBAUS1,PARBAUS1164,BNP PARIBAS AUSTRALIA
PARBAUS1,PARBAUS1165,BNP PARIBAS AUSTRALIA
PARBAUS1,PARBAUS1166,BNP PARIBAS AUSTRALIA
PARBAUS1,PARBAUS1167,BNP PARIBAS AUSTRALIA
PARBAUS1,PARBAUS1168,BNP PARIBAS AUSTRALIA
PARBAUS1,PARBAUS1169,BNP PARIBAS AUSTRALIA
PARBAUS1,PARBAUS1170,BNP PARIBAS AUSTRALIA
PARBAUS1,PARBAUS1171,BNP PARIBAS AUSTRALIA
PARBAUS1,PARBAUS1172,BNP PARIBAS AUSTRALIA
PARBAUS1,PARBAUS1173,BNP PARIBAS AUSTRALIA
PARBAUS1,PARBAUS1174,BNP PARIBAS AUSTRALIA
PARBAUS1,PARBAUS1175,BNP PARIBAS AUSTRALIA
PARBAUS1,PARBAUS1176,BNP PARIBAS AUSTRALIA
PARBAUS1,PARBAUS1177,BNP PARIBAS AUSTRALIA
PARBAUS1,PARBAUS1178,BNP PARIBAS AUSTRALIA
PARBAUS1,PARBAUS1179,BNP PARIBAS AUSTRALIA
PARBAUS1,PARBAUS1180,BNP PARIBAS AUSTRALIA
PARBAUS1,PARBAUS1181,BNP PARIBAS AUSTRALIA
PARBAUS1,PARBAUS1182,BNP PARIBAS AUSTRALIA
PARBAUS1,PARBAUS1183,BNP PARIBAS AUSTRALIA
PARBAUS1,PARBAUS1184,BNP PARIBAS AUSTRALIA
PARBAUS1,PARBAUS1185,BNP PARIBAS AUSTRALIA
PARBAUS1,PARBAUS1186,BNP PARIBAS AUSTRALIA
PARBAUS1,PARBAUS1187,BNP PARIBAS AUSTRALIA
PARBAUS1,PARBAUS1188,BNP PARIBAS AUSTRALIA
PARBAUS1,PARBAUS1189,BNP PARIBAS AUSTRALIA
PARBAUS1,PARBAUS1190,BNP PARIBAS AUSTRALIA
PARBAUS1,PARBAUS1191,BNP PARIBAS AUSTRALIA
PARBAUS1,PARBAUS1192,BNP PARIBAS AUSTRALIA
PARBAUS1,PARBAUS1193,BNP PARIBAS AUSTRALIA
PARBAUS1,PARBAUS1194,BNP PARIBAS AUSTRALIA
PARBAUS1,PARBAUS1195,BNP PARIBAS AUSTRALIA
PARBAUS1,PARBAUS1196,BNP PARIBAS AUSTRALIA
PARBAUS1,PARBAUS1197,BNP PARIBAS AUSTRALIA
PARBAUS1,PARBAUS1198,BNP PARIBAS AUSTRALIA
PARBAUS1,PARBAUS1199,BNP PARIBAS AUSTRALIA
PARBAUS1,PARBAUS1200,BNP PARIBAS AUSTRALIA
PARBAUS1,PARBAUS1201,BNP PARIBAS AUSTRALIA
PARBAUS1,PARBAUS1202,BNP PARIBAS AUSTRALIA
PARBAUS1,PARBAUS1203,BNP PARIBAS AUSTRALIA
PARBAUS1,PARBAUS1204,BNP PARIBAS AUSTRALIA
PARBAUS1,PARBAUS1205,BNP PARIBAS AUSTRALIA
PARBAUS1,PARBAUS1206,BNP PARIBAS AUSTRALIA
PARBAUS1,PARBAUS1207,BNP PARIBAS AUSTRALIA
PARBAUS1,PARBAUS1208,BNP PARIBAS AUSTRALIA
PARBAUS1,PARBAUS1209,BNP PARIBAS AUSTRALIA
PARBAUS1,PARBAUS1210,BNP PARIBAS AUSTRALIA
PARBAUS1,PARBAUS1211,BNP PARIBAS AUSTRALIA
PARBAUS1,PARBAUS1212,BNP PARIBAS AUSTRALIA
PARBAUS1,PARBAUS1213,BNP PARIBAS AUSTRALIA
PARBAUS1,PARBAUS1214,BNP PARIBAS AUSTRALIA
PARBAUS1,PARBAUS1215,BNP PARIBAS AUSTRALIA
PARBAUS1,PARBAUS1216,BNP PARIBAS AUSTRALIA
PARBAUS1,PARBAUS1217,BNP PARIBAS AUSTRALIA
PARBAUS1,PARBAUS1218,BNP PARIBAS AUSTRALIA
PARBAUS1,PARBAUS1219,BNP PARIBAS AUSTRALIA
PARBAUS1,PARBAUS1220,BNP PARIBAS AUSTRALIA
PARBAUS1,PARBAUS1221,BNP PARIBAS AUSTRALIA
PARBAUS1,PARBAUS1222,BNP PARIBAS AUSTRALIA
PARBAUS1,PARBAUS1223,BNP PARIBAS AUSTRALIA
PARBAUS1,PARBAUS1224,BNP PARIBAS AUSTRALIA
PARBAUS1,PARBAUS1225,BNP PARIBAS AUSTRALIA
PARBAUS1,PARBAUS1226,BNP PARIBAS AUSTRALIA
PARBAUS1,PARBAUS1227,BNP PARIBAS AUSTRALIA
PARBAUS1,PARBAUS1228,BNP PARIBAS AUSTRALIA
PARBAUS1,PARBAUS1229,BNP PARIBAS AUSTRALIA
PARBAUS1,PARBAUS1230,BNP PARIBAS AUSTRALIA
PARBAUS1,PARBAUS1231,BNP PARIBAS AUSTRALIA
PARBAUS1,PARBAUS1232,BNP PARIBAS AUSTRALIA
PARBAUS1,PARBAUS1233,BNP PARIBAS AUSTRALIA
PARBAUS1,PARBAUS1234,BNP PARIBAS AUSTRALIA
PARBAUS1,PARBAUS1235,BNP PARIBAS AUSTRALIA
PARBAUS1,PARBAUS1236,BNP PARIBAS AUSTRALIA
PARBAUS1,PARBAUS1237,BNP PARIBAS AUSTRALIA
PARBAUS1,PARBAUS1238,BNP PARIBAS AUSTRALIA
PARBAUS1,PARBAUS1239,BNP PARIBAS AUSTRALIA
PARBAUS1,PARBAUS1240,BNP PARIBAS AUSTRALIA
PARBAUS1,PARBAUS1241,BNP PARIBAS AUSTRALIA
PARBAUS1,PARBAUS1242,BNP PARIBAS AUSTRALIA
PARBAUS1,PARBAUS1243,BNP PARIBAS AUSTRALIA
PARBAUS1,PARBAUS1244,BNP PARIBAS AUSTRALIA
PARBAUS1,PARBAUS1245,BNP PARIBAS AUSTRALIA
PARBAUS1,PARBAUS1246,BNP PARIBAS AUSTRALIA
PARBAUS1,PARBAUS1247,BNP PARIBAS AUSTRALIA
PARBAUS1,PARBAUS1248,BNP PARIBAS AUSTRALIA
PARBAUS1,PARBAUS1249,BNP PARIBAS AUSTRALIA
PARBAUS1,PARBAUS1250,BNP PARIBAS AUSTRALIA
PARBAUS1,PARBAUS1251,BNP PARIBAS AUSTRALIA
PARBAUS1,PARBAUS1252,BNP PARIBAS AUSTRALIA
PARBAUS1,PARBAUS1253,BNP PARIBAS AUSTRALIA
PARBAUS1,PARBAUS1254,BNP PARIBAS AUSTRALIA
PARBAUS1,PARBAUS1255,BNP PARIBAS AUSTRALIA
PARBAUS1,PARBAUS1256,BNP PARIBAS AUSTRALIA
PARBAUS1,PARBAUS1257,BNP PARIBAS AUSTRALIA
PARBAUS1,PARBAUS1258,BNP PARIBAS AUSTRALIA
PARBAUS1,PARBAUS1259,BNP PARIBAS AUSTRALIA
PARBAUS1,PARBAUS1260,BNP PARIBAS AUSTRALIA
PARBAUS1,PARBAUS1261,BNP PARIBAS AUSTRALIA
PARBAUS1,PARBAUS1262,BNP PARIBAS AUSTRALIA
PARBAUS1,PARBAUS1263,BNP PARIBAS AUSTRALIA
PARBAUS1,PARBAUS1264,BNP PARIBAS AUSTRALIA
PARBAUS1,PARBAUS1265,BNP PARIBAS AUSTRALIA
PARBAUS1,PARBAUS1266,BNP PARIBAS AUSTRALIA
PARBAUS1,PARBAUS1267,BNP PARIBAS AUSTRALIA
PARBAUS1,PARBAUS1268,BNP PARIBAS AUSTRALIA
PARBAUS1,PARBAUS1269,BNP PARIBAS AUSTRALIA
PARBAUS1,PARBAUS1270,BNP PARIBAS AUSTRALIA
PARBAUS1,PARBAUS1271,BNP PARIBAS AUSTRALIA
PARBAUS1,PARBAUS1272,BNP PARIBAS AUSTRALIA
PARBAUS1,PARBAUS1273,BNP PARIBAS AUSTRALIA
PARBAUS1,PARBAUS1274,BNP PARIBAS AUSTRALIA
PARBAUS1,PARBAUS1275,BNP PARIBAS AUSTRALIA
PARBAUS1,PARBAUS1276,BNP PARIBAS AUSTRALIA
PARBAUS1,PARBAUS1277,BNP PARIBAS AUSTRALIA
PARBAUS1,PARBAUS1278,BNP PARIBAS AUSTRALIA
PARBAUS1,PARBAUS1279,BNP PARIBAS AUSTRALIA
PARBAUS1,PARBAUS1280,BNP PARIBAS AUSTRALIA
PARBAUS1,PARBAUS1281,BNP PARIBAS AUSTRALIA
PARBAUS1,PARBAUS1282,BNP PARIBAS AUSTRALIA
PARBAUS1,PARBAUS1283,BNP PARIBAS AUSTRALIA
PARBAUS1,PARBAUS1284,BNP PARIBAS AUSTRALIA
PARBAUS1,PARBAUS1285,BNP PARIBAS AUSTRALIA
PARBAUS1,PARBAUS1286,BNP PARIBAS AUSTRALIA
PARBAUS1,PARBAUS1287,BNP PARIBAS AUSTRALIA
PARBAUS1,PARBAUS1288,BNP PARIBAS AUSTRALIA
PARBAUS1,PARBAUS1289,BNP PARIBAS AUSTRALIA
PARBAUS1,PARBAUS1290,BNP PARIBAS AUSTRALIA
PARBAUS1,PARBAUS1291,BNP PARIBAS AUSTRALIA
PARBAUS1,PARBAUS1292,BNP PARIBAS AUSTRALIA
PARBAUS1,PARBAUS1293,BNP PARIBAS AUSTRALIA
PARBAUS1,PARBAUS1294,BNP PARIBAS AUSTRALIA
PARBAUS1,PARBAUS1295,BNP PARIBAS AUSTRALIA
PARBAUS1,PARBAUS1296,BNP PARIBAS AUSTRALIA
PARBAUS1,PARBAUS1297,BNP PARIBAS AUSTRALIA
PARBAUS1,PARBAUS1298,BNP PARIBAS AUSTRALIA
PARBAUS1,PARBAUS1299,BNP PARIBAS AUSTRALIA
PARBAUS1,PARBAUS1300,BNP PARIBAS AUSTRALIA
PARBAUS1,PARBAUS1301,BNP PARIBAS AUSTRALIA
PARBAUS1,PARBAUS1302,BNP PARIBAS AUSTRALIA
PARBAUS1,PARBAUS1303,BNP PARIBAS AUSTRALIA
PARBAUS1,PARBAUS1304,BNP PARIBAS AUSTRALIA
PARBAUS1,PARBAUS1305,BNP PARIBAS AUSTRALIA
PARBAUS1,PARBAUS1306,BNP PARIBAS AUSTRALIA
PARBAUS1,PARBAUS1307,BNP PARIBAS AUSTRALIA
PARBAUS1,PARBAUS1308,BNP PARIBAS AUSTRALIA
PARBAUS1,PARBAUS1309,BNP PARIBAS AUSTRALIA
PARBAUS1,PARBAUS1310,BNP PARIBAS AUSTRALIA
PARBAUS1,PARBAUS1311,BNP PARIBAS AUSTRALIA
PARBAUS1,PARBAUS1312,BNP PARIBAS AUSTRALIA
PARBAUS1,PARBAUS1313,BNP PARIBAS AUSTRALIA
PARBAUS1,PARBAUS1314,BNP PARIBAS AUSTRALIA
PARBAUS1,PARBAUS1315,BNP PARIBAS AUSTRALIA
PARBAUS1,PARBAUS1316,BNP PARIBAS AUSTRALIA
PARBAUS1,PARBAUS1317,BNP PARIBAS AUSTRALIA
PARBAUS1,PARBAUS1318,BNP PARIBAS AUSTRALIA
PARBAUS1,PARBAUS1319,BNP PARIBAS AUSTRALIA
PARBAUS1,PARBAUS1320,BNP PARIBAS AUSTRALIA
PARBAUS1,PARBAUS1321,BNP PARIBAS AUSTRALIA
PARBAUS1,PARBAUS1322,BNP PARIBAS AUSTRALIA
PARBAUS1,PARBAUS1323,BNP PARIBAS AUSTRALIA
PARBAUS1,PARBAUS1324,BNP PARIBAS AUSTRALIA
PARBAUS1,PARBAUS1325,BNP PARIBAS AUSTRALIA
PARBAUS1,PARBAUS1326,BNP PARIBAS AUSTRALIA
PARBAUS1,PARBAUS1327,BNP PARIBAS AUSTRALIA
PARBAUS1,PARBAUS1328,BNP PARIBAS AUSTRALIA
PARBAUS1,PARBAUS1329,BNP PARIBAS AUSTRALIA
PARBAUS1,PARBAUS1330,BNP PARIBAS AUSTRALIA
PARBAUS1,PARBAUS1331,BNP PARIBAS AUSTRALIA
PARBAUS1,PARBAUS1332,BNP PARIBAS AUSTRALIA
PARBAUS1,PARBAUS1333,BNP PARIBAS AUSTRALIA
PARBAUS1,PARBAUS1334,BNP PARIBAS AUSTRALIA
PARBAUS1,PARBAUS1335,BNP PARIBAS AUSTRALIA
PARBAUS1,PARBAUS1336,BNP PARIBAS AUSTRALIA
PARBAUS1,PARBAUS1337,BNP PARIBAS AUSTRALIA
PARBAUS1,PARBAUS1338,BNP PARIBAS AUSTRALIA
PARBAUS1,PARBAUS1339,BNP PARIBAS AUSTRALIA
PARBAUS1,PARBAUS1340,BNP PARIBAS AUSTRALIA
PARBAUS1,PARBAUS1341,BNP PARIBAS AUSTRALIA
PARBAUS1,PARBAUS1342,BNP PARIBAS AUSTRALIA
PARBAUS1,PARBAUS1343,BNP PARIBAS AUSTRALIA
PARBAUS1,PARBAUS1344,BNP PARIBAS AUSTRALIA
PARBAUS1,PARBAUS1345,BNP PARIBAS AUSTRALIA
PARBAUS1,PARBAUS1346,BNP PARIBAS AUSTRALIA
PARBAUS1,PARBAUS1347,BNP PARIBAS AUSTRALIA
PARBAUS1,PARBAUS1348,BNP PARIBAS AUSTRALIA
PARBAUS1,PARBAUS1349,BNP PARIBAS AUSTRALIA
PARBAUS1,PARBAUS1350,BNP PARIBAS AUSTRALIA
PARBAUS1,PARBAUS1351,BNP PARIBAS AUSTRALIA
PARBAUS1,PARBAUS1352,BNP PARIBAS AUSTRALIA
PARBAUS1,PARBAUS1353,BNP PARIBAS AUSTRALIA
PARBAUS1,PARBAUS1354,BNP PARIBAS AUSTRALIA
PARBAUS1,PARBAUS1355,BNP PARIBAS AUSTRALIA
PARBAUS1,PARBAUS1356,BNP PARIBAS AUSTRALIA
PARBAUS1,PARBAUS1357,BNP PARIBAS AUSTRALIA
PARBAUS1,PARBAUS1358,BNP PARIBAS AUSTRALIA
PARBAUS1,PARBAUS1359,BNP PARIBAS AUSTRALIA
PARBAUS1,PARBAUS1360,BNP PARIBAS AUSTRALIA
PARBAUS1,PARBAUS1361,BNP PARIBAS AUSTRALIA
PARBAUS1,PARBAUS1362,BNP PARIBAS AUSTRALIA
PARBAUS1,PARBAUS1363,BNP PARIBAS AUSTRALIA
PARBAUS1,PARBAUS1364,BNP PARIBAS AUSTRALIA
PARBAUS1,PARBAUS1365,BNP PARIBAS AUSTRALIA
PARBAUS1,PARBAUS1366,BNP PARIBAS AUSTRALIA
PARBAUS1,PARBAUS1367,BNP PARIBAS AUSTRALIA
PARBAUS1,PARBAUS1368,BNP PARIBAS AUSTRALIA
PARBAUS1,PARBAUS1369,BNP PARIBAS AUSTRALIA
PARBAUS1,PARBAUS1370,BNP PARIBAS AUSTRALIA
PARBAUS1,PARBAUS1371,BNP PARIBAS AUSTRALIA
PARBAUS1,PARBAUS1372,BNP PARIBAS AUSTRALIA
PARBAUS1,PARBAUS1373,BNP PARIBAS AUSTRALIA
PARBAUS1,PARBAUS1374,BNP PARIBAS AUSTRALIA
PARBAUS1,PARBAUS1375,BNP PARIBAS AUSTRALIA
PARBAUS1,PARBAUS1376,BNP PARIBAS AUSTRALIA
PARBAUS1,PARBAUS1377,BNP PARIBAS AUSTRALIA
PARBAUS1,PARBAUS1378,BNP PARIBAS AUSTRALIA
PARBAUS1,PARBAUS1379,BNP PARIBAS AUSTRALIA
PARBAUS1,PARBAUS1380,BNP PARIBAS AUSTRALIA
PARBAUS1,PARBAUS1381,BNP PARIBAS AUSTRALIA
PARBAUS1,PARBAUS1382,BNP PARIBAS AUSTRALIA
PARBAUS1,PARBAUS1383,BNP PARIBAS AUSTRALIA
PARBAUS1,PARBAUS1384,BNP PARIBAS AUSTRALIA
PARBAUS1,PARBAUS1385,BNP PARIBAS AUSTRALIA
PARBAUS1,PARBAUS1386,BNP PARIBAS AUSTRALIA
PARBAUS1,PARBAUS1387,BNP PARIBAS AUSTRALIA
PARBAUS1,PARBAUS1388,BNP PARIBAS AUSTRALIA
PARBAUS1,PARBAUS1389,BNP PARIBAS AUSTRALIA
PARBAUS1,PARBAUS1390,BNP PARIBAS AUSTRALIA
PARBAUS1,PARBAUS1391,BNP PARIBAS AUSTRALIA
PARBAUS1,PARBAUS1392,BNP PARIBAS AUSTRALIA
PARBAUS1,PARBAUS1393,BNP PARIBAS AUSTRALIA
PARBAUS1,PARBAUS1394,BNP PARIBAS AUSTRALIA
PARBAUS1,PARBAUS1395,BNP PARIBAS AUSTRALIA
PARBAUS1,PARBAUS1396,BNP PARIBAS AUSTRALIA
PARBAUS1,PARBAUS1397,BNP PARIBAS AUSTRALIA
PARBAUS1,PARBAUS1398,BNP PARIBAS AUSTRALIA
PARBAUS1,PARBAUS1399,BNP PARIBAS AUSTRALIA
PARBAUS1,PARBAUS1400,BNP PARIBAS AUSTRALIA
PARBAUS1,PARBAUS1401,BNP PARIBAS AUSTRALIA
PARBAUS1,PARBAUS1402,BNP PARIBAS AUSTRALIA
PARBAUS1,PARBAUS1403,BNP PARIBAS AUSTRALIA
PARBAUS1,PARBAUS1404,BNP PARIBAS AUSTRALIA
PARBAUS1,PARBAUS1405,BNP PARIBAS AUSTRALIA
PARBAUS1,PARBAUS1406,BNP PARIBAS AUSTRALIA
PARBAUS1,PARBAUS1407,BNP PARIBAS AUSTRALIA
PARBAUS1,PARBAUS1408,BNP PARIBAS AUSTRALIA
PARBAUS1,PARBAUS1409,BNP PARIBAS AUSTRALIA
PARBAUS1,PARBAUS1410,BNP PARIBAS AUSTRALIA
PARBAUS1,PARBAUS1411,BNP PARIBAS AUSTRALIA
PARBAUS1,PARBAUS1412,BNP PARIBAS AUSTRALIA
PARBAUS1,PARBAUS1413,BNP PARIBAS AUSTRALIA
PARBAUS1,PARBAUS1414,BNP PARIBAS AUSTRALIA
PARBAUS1,PARBAUS1415,BNP PARIBAS AUSTRALIA
PARBAUS1,PARBAUS1416,BNP PARIBAS AUSTRALIA
PARBAUS1,PARBAUS1417,BNP PARIBAS AUSTRALIA
PARBAUS1,PARBAUS1418,BNP PARIBAS AUSTRALIA
PARBAUS1,PARBAUS1419,BNP PARIBAS AUSTRALIA
PARBAUS1,PARBAUS1420,BNP PARIBAS AUSTRALIA
PARBAUS1,PARBAUS1421,BNP PARIBAS AUSTRALIA
PARBAUS1,PARBAUS1422,BNP PARIBAS AUSTRALIA
PARBAUS1,PARBAUS1423,BNP PARIBAS AUSTRALIA
PARBAUS1,PARBAUS1424,BNP PARIBAS AUSTRALIA
PARBAUS1,PARBAUS1425,BNP PARIBAS AUSTRALIA
PARBAUS1,PARBAUS1426,BNP PARIBAS AUSTRALIA
PARBAUS1,PARBAUS1427,BNP PARIBAS AUSTRALIA
PARBAUS1,PARBAUS1428,BNP PARIBAS AUSTRALIA
PARBAUS1,PARBAUS1429,BNP PARIBAS AUSTRALIA
PARBAUS1,PARBAUS1430,BNP PARIBAS AUSTRALIA
PARBAUS1,PARBAUS1431,BNP PARIBAS AUSTRALIA
PARBAUS1,PARBAUS1432,BNP PARIBAS AUSTRALIA
PARBAUS1,PARBAUS1433,BNP PARIBAS AUSTRALIA
PARBAUS1,PARBAUS1434,BNP PARIBAS AUSTRALIA
PARBAUS1,PARBAUS1435,BNP PARIBAS AUSTRALIA
PARBAUS1,PARBAUS1436,BNP PARIBAS AUSTRALIA
PARBAUS1,PARBAUS1437,BNP PARIBAS AUSTRALIA
PARBAUS1,PARBAUS1438,BNP PARIBAS AUSTRALIA
PARBAUS1,PARBAUS1439,BNP PARIBAS AUSTRALIA
PARBAUS1,PARBAUS1440,BNP PARIBAS AUSTRALIA
PARBAUS1,PARBAUS1441,BNP PARIBAS AUSTRALIA
PARBAUS1,PARBAUS1442,BNP PARIBAS AUSTRALIA
PARBAUS1,PARBAUS1443,BNP PARIBAS AUSTRALIA
PARBAUS1,PARBAUS1444,BNP PARIBAS AUSTRALIA
PARBAUS1,PARBAUS1445,BNP PARIBAS AUSTRALIA
PARBAUS1,PARBAUS1446,BNP PARIBAS AUSTRALIA
PARBAUS1,PARBAUS1447,BNP PARIBAS AUSTRALIA
PARBAUS1,PARBAUS1448,BNP PARIBAS AUSTRALIA
PARBAUS1,PARBAUS1449,BNP PARIBAS AUSTRALIA
PARBAUS1,PARBAUS1450,BNP PARIBAS AUSTRALIA
PARBAUS1,PARBAUS1451,BNP PARIBAS AUSTRALIA
PARBAUS1,PARBAUS1452,BNP PARIBAS AUSTRALIA
PARBAUS1,PARBAUS1453,BNP PARIBAS AUSTRALIA
PARBAUS1,PARBAUS1454,BNP PARIBAS AUSTRALIA
PARBAUS1,PARBAUS1455,BNP PARIBAS AUSTRALIA
PARBAUS1,PARBAUS1456,BNP PARIBAS AUSTRALIA
PARBAUS1,PARBAUS1457,BNP PARIBAS AUSTRALIA
PARBAUS1,PARBAUS1458,BNP PARIBAS AUSTRALIA
PARBAUS1,PARBAUS1459,BNP PARIBAS AUSTRALIA
PARBAUS1,PARBAUS1460,BNP PARIBAS AUSTRALIA
PARBAUS1,PARBAUS1461,BNP PARIBAS AUSTRALIA
PARBAUS1,PARBAUS1462,BNP PARIBAS AUSTRALIA
PARBAUS1,PARBAUS1463,BNP PARIBAS AUSTRALIA
PARBAUS1,PARBAUS1464,BNP PARIBAS AUSTRALIA
PARBAUS1,PARBAUS1465,BNP PARIBAS AUSTRALIA
PARBAUS1,PARBAUS1466,BNP PARIBAS AUSTRALIA
PARBAUS1,PARBAUS1467,BNP PARIBAS AUSTRALIA
PARBAUS1,PARBAUS1468,BNP PARIBAS AUSTRALIA
PARBAUS1,PARBAUS1469,BNP PARIBAS AUSTRALIA
PARBAUS1,PARBAUS1470,BNP PARIBAS AUSTRALIA
PARBAUS1,PARBAUS1471,BNP PARIBAS AUSTRALIA
PARBAUS1,PARBAUS1472,BNP PARIBAS AUSTRALIA
PARBAUS1,PARBAUS1473,BNP PARIBAS AUSTRALIA
PARBAUS1,PARBAUS1474,BNP PARIBAS AUSTRALIA
PARBAUS1,PARBAUS1475,BNP PARIBAS AUSTRALIA
PARBAUS1,PARBAUS1476,BNP PARIBAS AUSTRALIA
PARBAUS1,PARBAUS1477,BNP PARIBAS AUSTRALIA
PARBAUS1,PARBAUS1478,BNP PARIBAS AUSTRALIA
PARBAUS1,PARBAUS1479,BNP PARIBAS AUSTRALIA
PARBAUS1,PARBAUS1480,BNP PARIBAS AUSTRALIA
PARBAUS1,PARBAUS1481,BNP PARIBAS AUSTRALIA
PARBAUS1,PARBAUS1482,BNP PARIBAS AUSTRALIA
PARBAUS1,PARBAUS1483,BNP PARIBAS AUSTRALIA
PARBAUS1,PARBAUS1484,BNP PARIBAS AUSTRALIA
PARBAUS1,PARBAUS1485,BNP PARIBAS AUSTRALIA
PARBAUS1,PARBAUS1486,BNP PARIBAS AUSTRALIA
PARBAUS1,PARBAUS1487,BNP PARIBAS AUSTRALIA
PARBAUS1,PARBAUS1488,BNP PARIBAS AUSTRALIA
PARBAUS1,PARBAUS1489,BNP PARIBAS AUSTRALIA
PARBAUS1,PARBAUS1490,BNP PARIBAS AUSTRALIA
PARBAUS1,PARBAUS1491,BNP PARIBAS AUSTRALIA
PARBAUS1,PARBAUS1492,BNP PARIBAS AUSTRALIA
PARBAUS1,PARBAUS1493,BNP PARIBAS AUSTRALIA
PARBAUS1,PARBAUS1494,BNP PARIBAS AUSTRALIA
PARBAUS1,PARBAUS1495,BNP PARIBAS AUSTRALIA
PARBAUS1,PARBAUS1496,BNP PARIBAS AUSTRALIA
PARBAUS1,PARBAUS1497,BNP PARIBAS AUSTRALIA
PARBAUS1,PARBAUS1498,BNP PARIBAS AUSTRALIA
PARBAUS1,PARBAUS1499,BNP PARIBAS AUSTRALIA
PARBAUS1,PARBAUS1500,BNP PARIBAS AUSTRALIA
PARBAUS1,PARBAUS1XXX,BNP PARIBAS AUSTRALIA
PATHAU22,PATHAU22XXX,PAYNOW TECHNOLOGY PTY LTD
PATHAU23,PATHAU23XXX,PAYNOW TECHNOLOGY PTY LTD
PCBCAU2S,PCBCAU2SOBU,CHINA CONSTRUCTION BANK CORPORATION SYDNEY BRANCH
PCBCAU2S,PCBCAU2SXXX,CHINA CONSTRUCTION BANK CORPORATION SYDNEY BRANCH
PCCNAU51,PCCNAU51XXX,HERITAGE AND PEOPLE'S CHOICE LIMITED
PCRNAU51,PCRNAU51XXX,POLICE CREDIT UNION LIMITED
PCSPAU61,PCSPAU61XXX,PCF SECURITIES PTY LTD
PEAPAU21,PEAPAU21XXX,PETRA CAPITAL PTY LTD
PEGAAU31,PEGAAU31XXX,AVESTRA ASSET MANAGEMENT LIMITED
PEGRAU41,PEGRAU41XXX,PEREGRINE CAPITAL AUSTRALIA LTD.
PEIAAU31,PEIAAU31XXX,PERENNIAL INVESTMENT PARTNERS LIMITED
PEIPAU31,PEIPAU31MEL,PERENNIAL INVESTMENT PARTNERS
PEIPAU31,PEIPAU31XXX,PERENNIAL INVESTMENT PARTNERS
PENCAU21,PENCAU21XXX,PENGANA CAPITAL LIMITED
PERNAU21,PERNAU21XXX,PERPETUAL INVESTMENTS
PEVMAU21,PEVMAU21XXX,PERENNIAL VALUE MANAGEMENT LIMITED
PEVMAU23,PEVMAU23XXX,PERENNIAL VALUE MANAGEMENT LIMITED
PEVMAU2B,PEVMAU2BXXX,PERENNIAL VALUE MANAGEMENT LIMITED
PFFPAU32,PFFPAU32XXX,PFG FOREX PTY LTD
PFSAAU21,PFSAAU21XXX,PERSHING SECURITIES AUSTRALIA PTY LTD
PHGYAU31,PHGYAU31XXX,THE PORTLAND HOUSE GROUP PTY. LIMITED
PIIEAU41,PIIEAU41XXX,ANTIPODES PARTNERS LIMITED
PIMAAU21,PIMAAU21XXX,PIMCO AUSTRALIA
PIMTAU21,PIMTAU21XXX,PARADICE INVESTMENT MANAGEMENT PTY LIMITED
PLANAU61,PLANAU61XXX,PLAN B TRUSTEES LIMITED
PLIMAU21,PLIMAU21XXX,PLATO INVESTMENT MANAGEMENT LIMITED
PLNSAU61,PLNSAU61XXX,POLICE AND NURSES LIMITED
PLPYAU32,PLPYAU32XXX,PAYMENT LOGIC PTY LTD
PLSMAU21,PLSMAU21XXX,PLATYPUS ASSET MANAGEMENT
POFVAU31,POFVAU31XXX,POLICE FINANCIAL SERVICES LIMITED
POHLAU41,POHLAU41XXX,EC POHL AND CO
POIEAU21,POIEAU21XXX,POLICE BANK LTD
POKPAU32,POKPAU32XXX,E-POCKET PTY LTD
PORPAU31,PORPAU31XXX,ANTARES CAPITAL PARTNERS LTD
PPTYAU21,PPTYAU21XXX,PRODIGAL PTY LTD
PRHTAU22,PRHTAU22XXX,PRIMARY TECHNOLOGY PTY LTD
PRTYAU31,PRTYAU31XXX,ZAI AUSTRALIA PTY LTD
PSALAU21,PSALAU21XXX,PERSHING SECURITIES AUSTRALIA PTY LTD
PSECAU61,PSECAU61XXX,CANACCORD GENUITY PATERSONS LIMITED
PSMPAU22,PSMPAU22XXX,PLAYFAIR ASSET MANAGEMENT PTY LTD
PTYPAUS1,PTYPAUS1XXX,FX CORP PTY LTD
PVAAAU31,PVAAAU31XXX,PRIME VALUE ASSET MANAGEMENT
PYYOAU22,PYYOAU22XXX,PAYTRON
QBANAU4B,QBANAU4BXXX,BANK OF QUEENSLAND LIMITED
QCCNAU41,QCCNAU41XXX,QUEENSLAND COUNTRY BANK LIMITED
QGIPAU21,QGIPAU21XXX,QUAY GLOBAL INVESTORS PTY LTD
QICBAU41,QICBAU41XXX,QIC LIMITED
QICBAU44,QICBAU44XXX,QIC LIMITED
QLDTAU4B,QLDTAU4BXXX,QUEENSLAND TREASURY CORPORATION
QMSPAU21,QMSPAU21XXX,QBE MANAGEMENT SERVICES PTY LTD
QPUUAU41,QPUUAU41XXX,QPCU LIMITED
QTMBAU41,QTMBAU41XXX,RACQ BANK
QUCUAU41,QUCUAU41XXX,QUEENSLANDERS CREDIT UNION
QUMAAU21,QUMAAU21XXX,QUDOS MUTUAL LIMITED
RABOAU2B,RABOAU2BXXX,RABOBANK AUSTRALIA LIMITED
RABOAUSS,RABOAUSSXXX,COOPERATIEVE RABOBANK U.A.
RAIRAU21,RAIRAU21XXX,RARE INFRASTRUCTURE LIMITED
RAMMAU31,RAMMAU31XXX,SPRING STREET ASSET MANAGEMENT LTD
RARUAU41,RARUAU41MOV,RAILWAYS CREDIT UNION LIMITED
RARUAU41,RARUAU41XXX,RAILWAYS CREDIT UNION LIMITED
RBCMAU21,RBCMAU21XXX,RBC CAPITAL MARKETS
RBDOAUB1,RBDOAUB1XXX,RBC DOMINION
RCTPAU21,RCTPAU21XXX,RCM TRADING PTY LTD
RECPAU21,RECPAU21XXX,RESOLUTION CAPITAL
REDTAU21,REDTAU21XXX,REDPOINT INVESTMENT MANAGEMENT PTY LTD
REIYAU42,REIYAU42XXX,REMINISCENT CAPITAL PTY LIMITED
REVOAU32,REVOAU32XXX,REVOLUT PAYMENTS AUSTRALIA PTY LTD
RFSUAU22,RFSUAU22XXX,RIA FINANCIAL SERVICES AUSTRALIA PTY. LTD.
ROYCAU2S,ROYCAU2SXXX,ROYAL BANK OF CANADA
RSBKAU2S,RSBKAU2SXXX,RESERVE BANK OF AUSTRALIA
RSBKAUFS,RSBKAUFSXXX,RESERVE BANK OF AUSTRALIA
RSBKAUSR,RSBKAUSRXXX,RESERVE BANK OF AUSTRALIA
RSBKAUTA,RSBKAUTAXXX,RESERVE BANK OF AUSTRALIA
RSBKAUTB,RSBKAUTBXXX,RESERVE BANK OF AUSTRALIA
RSBKAUTC,RSBKAUTCXXX,RESERVE BANK OF AUSTRALIA
RSBKAUTD,RSBKAUTDXXX,RESERVE BANK OF AUSTRALIA
RSBKAUTE,RSBKAUTEXXX,RESERVE BANK OF AUSTRALIA
RSBKAUYX,RSBKAUYXXXX,RESERVE BANK OF AUSTRALIA
RSBKAUYY,RSBKAUYYXXX,RESERVE BANK OF AUSTRALIA
RSBKAUYZ,RSBKAUYZXXX,RESERVE BANK OF AUSTRALIA
RUIGAU21,RUIGAU21XXX,RUSSELL INVESTMENT GROUP
RUPYAUS2,RUPYAUS2XXX,RUIZEAN PTY LTD
SAAYAUS1,SAAYAUS1XXX,SPHERIA ASSET MANAGEMENT PTY LIMITED
SATRAU31,SATRAU31XXX,SANDHURST TRUSTEES LIMITED
SBCUAU21,SBCUAU21XXX,MORGAN STANLEY WEALTH MANAGEMENT AUSTRALIA PTY LTD
SBINAU2S,SBINAU2SXXX,STATE BANK OF INDIA
SBOSAU2X,SBOSAU2XDEV,STATE STREET BANK AND TRUST COMPANY SYDNEY BRANCH
SBOSAU2X,SBOSAU2XITC,STATE STREET BANK AND TRUST COMPANY SYDNEY BRANCH
SBOSAU2X,SBOSAU2XOBU,STATE STREET BANK AND TRUST COMPANY SYDNEY BRANCH
SBOSAU2X,SBOSAU2XXXX,STATE STREET BANK AND TRUST COMPANY SYDNEY BRANCH
SCBLAU2S,SCBLAU2STSY,"STANDARD CHARTERED BANK, AUSTRALIA"
SCBLAU2S,SCBLAU2SXXX,"STANDARD CHARTERED BANK, AUSTRALIA"
SCDUAU22,SCDUAU22XXX,SOUTHERN CROSS CREDIT UNION LTD
SEOLAU21,SEOLAU21XXX,SERVICE ONE ALLIANCE BANK
SESMAU21,SESMAU21XXX,EQT RESPONSIBLE ENTITY SERVICES LTD
SEUMAU21,SEUMAU21XXX,SELECTOR FUNDS MANAGEMENT LIMITED
SEYTAU42,SEYTAU42XXX,SENDFX PTY LTD
SFGPAU61,SFGPAU61XXX,SENTINEL FINANCIAL GROUP PTY LTD
SGBLAU2S,SGBLAU2SXXX,ST.GEORGE BANK WESTPAC BANKING CORPORATION
SHADAU71,SHADAU71XXX,MANAGED PORTFOLIO SERVICES LIMITED
SHBKAU2S,SHBKAU2SXXX,"SHINHAN BANK CO., LTD"
SHFPAU22,SHFPAU22XXX,SHIFT FINANCIAL PTY LTD
SHIYAUS1,SHIYAUS1XXX,SHALTON INVESTMENTS PTY LTD
SHSGAU21,SHSGAU21XXX,SHAW AND PARTNERS LIMITED
SIASAU21,SIASAU21XXX,SCHRODERS INVESTMENT MANAGEMENT AUSTRALIA LTD.
SIAYAU31,SIAYAU31XXX,SUPER INVESTMENT MANAGEMENT PTY LTD
SIENAU21,SIENAU21XXX,SPITFIRE ASSET MANAGEMENT PTY LTD
SIFAAU21,SIFAAU21XXX,SUMITOMO MITSUI FINANCE AUSTRALIA LIMITED
SIMAAU21,SIMAAU21XXX,SCHRODER INVESTMENT MANAGEMENT AUSTRALIA LIMITED
SIMPAU21,SIMPAU21XXX,CHARTER HALL PROPERTY SECURITIES MANAGEMENT LIMITED
SMBCAU2S,SMBCAU2SXXX,SUMITOMO MITSUI BANKING CORPORATION SYDNEY BRANCH
SMFMAU31,SMFMAU31XXX,SMF FUNDS MANAGEMENT LTD
SMIAAU21,SMIAAU21XXX,SMALLCO INVESTMENT MANAGER LIMITED
SMSTAU42,SMSTAU42XXX,SMARTITUDE SOLUTIONS PTY LTD
SOCQAU21,SOCQAU21XXX,SOUTHERN CROSS EQUITIES LIMITED
SOFGAU21,SOFGAU21XXX,CELESTE FUNDS MANAGEMENT LIMITED
SOGEAU21,SOGEAU21XXX,"SOCIETE GENERALE, AUSTRALIA BRANCH"
SOGEAU2S,SOGEAU2SXXX,SOCIETE GENERALE SYDNEY BRANCH
SOITAU41,SOITAU41XXX,SOLARIS INVESTMENT MANAGEMENT
SOUWAU52,SOUWAU52XXX,SOUTHWESTERN PTY LTD
SPAGAU21,SPAGAU21XXX,SPECTRUM ASSET MANAGEMENT LIMITED
SPHCAU21,SPHCAU21XXX,SPITFIRE MACHINES PTY LTD
SQPTAU22,SQPTAU22XXX,SQUARE AU PTY LIMITED
SSALAU2X,SSALAU2XIMS,STATE STREET AUSTRALIA LIMITED
SSALAU2X,SSALAU2XXXX,STATE STREET AUSTRALIA LIMITED
SSBSAU2S,SSBSAU2SXXX,CITIGROUP GLOBAL MARKETS AUSTRALIA PTY LIMITED
SSGDAU21,SSGDAU21XXX,STATE STREET GLOBAL ADVISORS AUSTRALIA LTD
STATAU21,STATAU21XXX,STATTON SECURITIES
STHEAU21,STHEAU21XXX,LANTERNE FUND SERVICES PTY LTD
STOTAU61,STOTAU61XXX,STATE ONE STOCKBROKING LIMITED
SUCVAU21,SUCVAU21XXX,SUNCORP CUSTODIAN SERVICES
SULUAU21,SULUAU21XXX,ASTERON LIFE AND SUPERANNUATION LIMITED
SURNAU21,SURNAU21XXX,SUMMERLAND FINANCIAL SERVICES LIMITED
SWRUAU31,SWRUAU31XXX,SOUTH WEST CREDIT UNION CO-OPERATIVE LIMITED
SWSRAU21,SWSRAU21XXX,SOUTH WEST SLOPES CREDIT UNION
SYCUAU21,SYCUAU21XXX,AUSTRALIAN MUTUAL BANK LTD
TACBAU2S,TACBAU2S996,TAIWAN COOPERATIVE BANK SYDNEY BRANCH
TACBAU2S,TACBAU2SXXX,TAIWAN COOPERATIVE BANK SYDNEY BRANCH
TACYAU22,TACYAU22XXX,TANARRA CAPITAL AUSTRALIA PTY LTD
TAEMAU32,TAEMAU32XXX,TALARIA ASSET MANAGEMENT PTY LTD
TAFGAU21,TAFGAU21XXX,TAURUS FUNDS MANAGEMENT PTY LIMITED
TAMTAU21,TAMTAU21XXX,TOTUS ALPHA MANAGEMENT PTY LTD
TARUAU81,TARUAU81XXX,TRADITIONAL CREDIT UNION LIMITED
TAYLAU51,TAYLAU51XXX,TAYLOR COLLISON LIMITED
TCBUAU32,TCBUAU32XXX,UNITED SUPER PTY LTD (AS THE TRUSTEE FOR CONSTRUCTION AND BUILDING UNIONS SUPERANNUATION
TCBUAU33,TCBUAU33XXX,UNITED SUPER PTY LTD (AS THE TRUSTEE FOR CONSTRUCTION AND BUILDING UNIONS SUPERANNUATION
TCIAAU22,TCIAAU22XXX,TEN CAP INVESTMENT MANAGEMENT
TCPTAU21,TCPTAU21XXX,TOTUS CAPITAL PTY LTD ATF THE TOTUS ALPHA FUND
TFEPAUS1,TFEPAUS1XXX,TASMAN FOREIGN EXCHANGE PTY LTD
TGHYAU3M,TGHYAU3MXXX,PEXA GROUP LIMITED
THONAU31,THONAU31XXX,THONEMANN ROBERTSON THOMPSON PTY LT D.
TIPTAU22,TIPTAU22XXX,TIANZI PTY LTD
TLFRAU32,TLFRAU32XXX,THE TRUSTEE FOR LAMMINAA FOUNDERS TRUST
TLIMAU22,TLIMAU22XXX,THIRD LINK INVESTMENT MANAGERS PTY LIMITED
TMUTAU21,TMUTAU21XXX,TEACHERS MUTUAL BANK LIMITED
TOAUAU21,TOAUAU21XXX,TAL LIFE LIMITED
TOPTAU42,TOPTAU42XXX,TOR FX PTY LIMITED
TPPPAUS1,TPPPAUS1XXX,THIRD PARTY PLATFORM PTY LTD
TRAVAU21,TRAVAU21XXX,TRAVELEX LTD
TRBYAU22,TRBYAU22XXX,TRANSACTOR BDC PTY LTD.
TRCUAU21,TRCUAU21XXX,THE TRUST COMPANY LIMITED
TREQAU21,TREQAU21XXX,SB2 SECURITIES PTY LTD
TRGPAU21,TRGPAU21XXX,PACIFIC CURRENT GROUP LIMITED
TRTYAUS1,TRTYAUS1XXX,TRANSFERMATE PTY LIMITED
TRWIAUS1,TRWIAUS1XXX,TRANSFERWISE LTD
TSIBAU44,TSIBAU44XXX,"TAISHIN INTERNATIONAL BANK CO., LTD"
TSUPAU31,TSUPAU31XXX,TELSTRA SUPER PTY LTD
TSUPAU3B,TSUPAU3BXXX,TELSTRA SUPER PTY LTD
TSWPAU22,TSWPAU22XXX,TSW PTY LTD
TTIAAU21,TTIAAU21XXX,TWO TREES INVESTMENT MANAGEMENT PTY LIMITED
TTMPAU61,TTMPAU61XXX,TTT MONEYCORP PTY LTD
TYINAU21,TYINAU21XXX,NIKKO AM LIMITED
TYROAU22,TYROAU22XXX,TYRO PAYMENTS LIMITED
UBINAU2S,UBINAU2SXXX,UNION BANK OF INDIA
UBSWAU2K,UBSWAU2KXXX,UBS AG AUSTRALIA BRANCH
UBSWAU2S,UBSWAU2SETD,UBS AG AUSTRALIA BRANCH
UBSWAU2S,UBSWAU2SFOA,UBS AG AUSTRALIA BRANCH
UBSWAU2S,UBSWAU2SHSE,UBS AG AUSTRALIA BRANCH
UBSWAU2S,UBSWAU2SOBU,UBS AG AUSTRALIA BRANCH
UBSWAU2S,UBSWAU2SSCI,UBS AG AUSTRALIA BRANCH
UBSWAU2S,UBSWAU2SWMA,UBS AG AUSTRALIA BRANCH
UBSWAU2S,UBSWAU2SXXX,UBS AG AUSTRALIA BRANCH
UCEPAU32,UCEPAU32XXX,UNITED CURRENCY EXCHANGE PTY LTD
UCFMAU31,UCFMAU31XXX,UNITING ETHICAL INVESTORS LIMITED
UGAMAU21,UGAMAU21XXX,UBS ASSET MANAGEMENT (AUSTRALIA) LTD
UNMAAU31,UNMAAU31XXX,UNISUPER LIMITED
UNMAAU3M,UNMAAU3MXXX,UNISUPER LIMITED
UOVBAU2S,UOVBAU2SXXX,UNITED OVERSEAS BANK LTD
USPYAU61,USPYAU61DUB,USCPB PTY LTD.
USPYAU61,USPYAU61XXX,USCPB PTY LTD.
UWAEAU21,UWAEAU21SSE,UBS SECURITIES AUSTRALIA LTD
UWAEAU21,UWAEAU21XXX,UBS SECURITIES AUSTRALIA LTD
VAAPAU21,VAAPAU21XXX,THE VAULT AUSTRALIA PTY LTD
VCTPAU21,VCTPAU21XXX,VIVIENNE COURT TRADING PTY LTD
VELTAU21,VELTAU21XXX,VELOCITY TRADE LIMITED
VERCAU21,VERCAU21XXX,VERITAS SECURITIES LIMITED
VFMCAU31,VFMCAU31XXX,VICTORIAN FUNDS MANAGEMENT CORPORATION
VGIFAU21,VGIFAU21XXX,VICHINGO GLOBAL INVESTORS FUND
VGRDAU3M,VGRDAU3MXXX,VANGUARD INVESTMENTS AUSTRALIA LTD
VITCAU31,VITCAU31XXX,VICTORIA TEACHERS LIMITED
VLCPAU22,VLCPAU22XXX,VOLT CONNECT PTY LTD
VLLTAU22,VLLTAU22XXX,VOLT BANK LIMITED
VMAPAU42,VMAPAU42XXX,VIRGIN MONEY (AUSTRALIA) PTY LTD
WAEPAU22,WAEPAU22XXX,WACAN EXPRESS PTY. LTD.
WALAAU31,WALAAU31XXX,WALLARA ASSET MANAGEMENT
WAMAAU31,WAMAAU31XXX,WARAKIRRI ASSET MANAGEMENT
WAMIAUS1,WAMIAUS1XXX,WILSON ASSET MANAGEMENT (INTERNATIONAL) PTY LTD
WCRUAU41,WCRUAU41XXX,DARLING DOWNS BANK
WCUCAU31,WCUCAU31XXX,WAW CREDIT UNION CO-OPERATIVE LIMITED
WEIMAU51,WEIMAU51XXX,PRODIGY INVESTMENT PARTNERS LIMITED
WERUAU31,WERUAU31XXX,WOOLWORTHS EMPLOYEES' CREDIT UNION
WETPAUS1,WETPAUS1XXX,WESTPAC RE LIMITED
WFMPAU21,WFMPAU21XXX,LINK FUND SOLUTIONS PTY LIMITED
WHTEAU2S,WHTEAU2SXXX,PACIFIC CUSTODIANS PTY LIMITED
WIHTAU41,WIHTAU41XXX,WILSONS ADVISORY AND STOCKBROKING LIMITED
WIPPAUS1,WIPPAUS1XXX,WHEELHOUSE INVESTMENT PARTNERS PTY LTD
WLSHAU2S,WLSHAU2SXXX,EANDP FUNDS MANAGEMENT PTY LIMITED
WOFPAU21,WOFPAU21XXX,WORLD FIRST PTY LTD
WOGPAU22,WOGPAU22XXX,WORLDFAST GROUP PTY LTD
WPACAU2F,WPACAU2FOBU,WESTPAC BANKING CORPORATION
WPACAU2F,WPACAU2FXXX,WESTPAC BANKING CORPORATION
WPACAU2S,WPACAU2SXXX,WESTPAC BANKING CORPORATION
WPACAUSR,WPACAUSRXXX,WESTPAC BANKING CORPORATION
WSECAU21,WSECAU21XXX,WESTPAC SECURITIES LIMITED
WSPCAU21,WSPCAU21XXX,WASHINGTON H. SOUL PATTINSON AND COMPANY LIMITED
XAOMAU21,XAOMAU21XXX,AUSTRALIAN OPTIONS MARKET
XASXAU2S,XASXAU2SRTG,ASX OPERATIONS PTY LTD
XASXAU2S,XASXAU2SXXX,ASX OPERATIONS PTY LTD
XINJAU22,XINJAU22XXX,XINJA BANK LTD
ZFSSAU21,ZFSSAU21XXX,ZURICH FINANCIAL SERVICES AUSTRALIA LTD
