bic_8,bic,bank
ADAIBSF1,ADAIBSF1XXX,ADANAC INVESTMENT CO LTD.
ALBTBSN1,ALBTBSN1XXX,ALLIED BANK AND TRUST COMPANY (BAHA MAS) LIMITED
AMRRBSNS,AMRRBSNSXXX,BRITANNIA BANK AND TRUST LTD.
ARNEBSN1,ARNEBSN1XXX,ARNER BANK AND TRUST (BAHAMAS) LTD.
ARUEBSN1,ARUEBSN1XXX,BRITANNIA SECURITIES LIMITED
ARUEBSNS,ARUEBSNSXXX,BRITANNIA SECURITIES LIMITED
BAHDBSN1,BAHDBSN1XXX,BAHAMAS DEVELOPMENT BANK
BASEBSNS,BASEBSNSXXX,BANCA DEL SEMPIONE (OVERSEAS) LTD
BAVOBSNS,BAVOBSNSXXX,"BANCO VOTORANTIM S/A, NASSAU BRANCH"
BBHMBSNS,BBHMBSNSXXX,BAC BAHAMAS BANK LTD.
BBINBSNS,BBINBSNSXXX,BANCO BOCOM BBM S.A.
BBINBSNX,BBINBSNXXXX,BBM BANK LIMITED
BBVIBSN1,BBVIBSN1XXX,"BANCO BILBAO VIZCAYA, NEW YORK BR."
BIGABSNS,BIGABSNSABT,CREDIT SUISSE BRAZIL (BAHAMAS) LIMITED
BIGABSNS,BIGABSNSXXX,CREDIT SUISSE BRAZIL (BAHAMAS) LIMITED
BLICBSN1,BLICBSN1XXX,HSBC PRIVATE BANK (SUISSE) SA
BOFABSN1,BOFABSN1XXX,BANKAMERICA TRUST BANKING CORP (BAHAMAS) LTD
BOTBBSNS,BOTBBSNS0FR,BANK OF THE BAHAMAS LIMITED
BOTBBSNS,BOTBBSNS0N2,BANK OF THE BAHAMAS LIMITED
BOTBBSNS,BOTBBSNS0N3,BANK OF THE BAHAMAS LIMITED
BOTBBSNS,BOTBBSNSXXX,BANK OF THE BAHAMAS LIMITED
BPGEBSN1,BPGEBSN1XXX,PASCHE BANK AND TRUST LIMITED
BPOIBSN1,BPOIBSN1XXX,BANCO POPULAR INTERNATIONAL LTD.
BSAFBSNS,BSAFBSNSXXX,BANK J. SAFRA SARASIN (BAHAMAS) LTD.
BSCHBSN1,BSCHBSN1XXX,BANCO SANTANDER BAHAMAS INTL LTD
BSSABSNS,BSSABSNSXXX,CBH (BAHAMAS) LTD.
BTAMBSNS,BTAMBSNSXXX,FIDELITY BANK (BAHAMAS) LIMITED
CBBABSNS,CBBABSNSBNF,ITAU UNIBANCO S.A. - NASSAU BRANCH
CBBABSNS,CBBABSNSGCH,ITAU UNIBANCO S.A. - NASSAU BRANCH
CBBABSNS,CBBABSNSINM,ITAU UNIBANCO S.A. - NASSAU BRANCH
CBBABSNS,CBBABSNSXXX,ITAU UNIBANCO S.A. - NASSAU BRANCH
CBBHBSNR,CBBHBSNRXXX,"CENTRAL BANK OF THE BAHAMAS,THE"
CBBHBSNS,CBBHBSNSXXX,"CENTRAL BANK OF THE BAHAMAS,THE"
CBLUBSN2,CBLUBSN2XXX,CORNER BANK (OVERSEAS) LIMITED
CHASBSN1,CHASBSN1XXX,CHASE MANHATTAN TRUST CORPORATION LIMITED
CIBABSN1,CIBABSN1XXX,CITITRUST (BAHAMAS) LTD.
CIBCBSNB,CIBCBSNBXXX,CIBC CARIBBEAN TRUST COMPANY (BAHAMAS) LIMITED
CITIBSN1,CITIBSN1XXX,CITICORP BANKING CORPORATION
CITIBSNA,CITIBSNATPS,CITIBANK N.A.
CITIBSNA,CITIBSNAXXX,CITIBANK N.A.
CITIBSNS,CITIBSNSXXX,CITICORP BANKING CORPORATION
COMWBSNS,COMWBSNSXXX,COMMONWEALTH BANK LIMITED
CRESBSNS,CRESBSNSNAS,"UBS AG, NASSAU BRANCH"
CRESBSNS,CRESBSNSXXX,"UBS AG, NASSAU BRANCH"
CRESBSNX,CRESBSNXXXX,"UBS AG, NASSAU BRANCH"
CUBLBSNS,CUBLBSNSXXX,CAPITAL UNION BANK LTD.
DBTLBSNS,DBTLBSNSECC,DELTEC BANK AND TRUST LIMITED
DBTLBSNS,DBTLBSNSXXX,DELTEC BANK AND TRUST LIMITED
EFGBBSNS,EFGBBSNSXXX,EFG BANK AND TRUST (BAHAMAS) LTD
EIMLBSN1,EIMLBSN1XXX,EUROPEAN INVESTMENTS MANAGEMENT LIMITED
EQTTBSNS,EQTTBSNSXXX,EQUITY BANK BAHAMAS LIMITED
EUBOBSNS,EUBOBSNSXXX,EUROBANCO BANK LIMITED
FCIBBSNS,FCIBBSNSXXX,CIBC CARIBBEAN BANK (BAHAMAS) LIMITED
FICBBSN1,FICBBSN10N2,FINANCE CORPORATION OF BAHAMAS LTD.
FICBBSN1,FICBBSN10N3,FINANCE CORPORATION OF BAHAMAS LTD.
FICBBSN1,FICBBSN10N4,FINANCE CORPORATION OF BAHAMAS LTD.
FICBBSN1,FICBBSN1XXX,FINANCE CORPORATION OF BAHAMAS LTD.
FOBLBSNS,FOBLBSNSXXX,FIRST OVERSEAS BANK LIMITED
GBLIBSNX,GBLIBSNXXXX,"UBS AG, NASSAU BRANCH"
GLNGBSN1,GLNGBSN1XXX,GILINGAM BANK AND TRUST LTD.
GONEBSNS,GONEBSNSXXX,BANK OF NASSAU 1982 LIMITED
GTBLBSN1,GTBLBSN1XXX,GUARANTY TRUST BANK LIMITED
HASEBSN1,HASEBSN1XXX,HANG SENG BANK (BAHAMAS) LTD.
IIBBBSNS,IIBBBSNSXXX,INTERCONTINENTAL INVESTMENT BANK LIMITED
JSBBBSN1,JSBBBSN1XXX,BANK J. SAFRA SARASIN (BAHAMAS) LTD
LOCYBSNS,LOCYBSNSNDP,LOMBARD ODIER AND CIE (BAHAMAS) LIMITED
LOCYBSNS,LOCYBSNSXXX,LOMBARD ODIER AND CIE (BAHAMAS) LIMITED
MCROBSN1,MCROBSN1XXX,MACRO BANK LIMITED
MMGBBSNS,MMGBBSNSXXX,MMG BANK AND TRUST LTD.
NFZBBSNS,NFZBBSNSFND,"UNION BANCAIRE PRIVEE, UBP SA"
NFZBBSNS,NFZBBSNSXXX,"UNION BANCAIRE PRIVEE, UBP SA"
NOSCBSNS,NOSCBSNSFPO,SCOTIABANK (BAHAMAS) LTD.
NOSCBSNS,NOSCBSNSTMK,SCOTIABANK (BAHAMAS) LTD.
NOSCBSNS,NOSCBSNSXXX,SCOTIABANK (BAHAMAS) LTD.
NOSCBSNT,NOSCBSNTXXX,"BANK OF NOVA SCOTIA TRUST COMPANY (BAHAMAS) LTD,THE"
OBATBSN1,OBATBSN1XXX,OCEANIC BANK AND TRUST LIMITED
PICTBSNX,PICTBSNXCOR,PICTET BANK AND TRUST LIMITED
PICTBSNX,PICTBSNXXXX,PICTET BANK AND TRUST LIMITED
PWOCBSNS,PWOCBSNSXXX,PUBLIC WORKERS CO-OPERATIVE CREDIT UNION LIMITED
RCTCBSN1,RCTCBSN1XXX,ROYAL BANK OF CANADA TRUST COMPANY (BAHAMAS) LIMITED
RFMBBSNS,RFMBBSNSXXX,RF BANK AND TRUST (BAHAMAS) LIMITED
ROYCBSN1,ROYCBSN10FR,RBC ROYAL BANK (BAHAMAS) LIMITED (FKA ROYAL BANK OF CANADA NASSAU)
ROYCBSNS,ROYCBSNSFRE,RBC ROYAL BANK (BAHAMAS) LIMITED (FKA ROYAL BANK OF CANADA NASSAU)
ROYCBSNS,ROYCBSNSMAI,RBC ROYAL BANK (BAHAMAS) LIMITED (FKA ROYAL BANK OF CANADA NASSAU)
ROYCBSNS,ROYCBSNSOPC,RBC ROYAL BANK (BAHAMAS) LIMITED (FKA ROYAL BANK OF CANADA NASSAU)
ROYCBSNS,ROYCBSNSPAL,RBC ROYAL BANK (BAHAMAS) LIMITED (FKA ROYAL BANK OF CANADA NASSAU)
ROYCBSNS,ROYCBSNSXXX,RBC ROYAL BANK (BAHAMAS) LIMITED (FKA ROYAL BANK OF CANADA NASSAU)
RUBABSN1,RUBABSN1XXX,RURAL INTERNATIONAL BANK
SCHTBSNS,SCHTBSNSXXX,BANCO SANTANDER INTERNATIONAL SA BAHAMAS BRANCH
STGTBSNS,STGTBSNSXXX,STERLING BANK AND TRUST LIMITED
SYCOBSN1,SYCOBSN1XXX,SYZ BANK (BAHAMAS) LTD.
TSWCBSNS,TSWCBSNSXXX,TEACHERS AND SALARIED WORKERS CO-OPERATIVE CREDIT UNION LIMITED
WNTRBSNS,WNTRBSNSXXX,"WINTERBOTHAM TRUST COMPANY LIMITED, THE"
