bic_8,bic,bank
ABOCJPJT,ABOCJPJTXXX,AGRICULTURAL BANK OF CHINA TOKYO BRANCH
ACAMJPJ1,ACAMJPJ1XXX,ALLIANCEBERNSTEIN JAPAN LTD
ACSRJPJ1,ACSRJPJ1XXX,"ACE SECURITIES CO., LTD."
ADOMJPJ1,ADOMJPJ1XXX,"MUSASHI SECURITIES CO.,LTD."
AEONJPJ1,AEONJPJ1XXX,"AEON BANK, LTD."
AEONJPJT,AEONJPJTXXX,"AEON BANK, LTD."
AGRIJPJ1,AGRIJPJ1XXX,AMUNDI JAPAN LTD
AICHJPJ1,AICHJPJ10JS,"AICHI BANK, LTD."
AICHJPJ1,AICHJPJ10JT,"AICHI BANK, LTD."
AICHJPJN,AICHJPJNXXX,"AICHI BANK, LTD."
AIGGJPJ1,AIGGJPJ1XXX,PINEBRIDGE INVESTMENTS JAPAN CO. LTD
AIGJJPJT,AIGJJPJTXXX,"FWD LIFE INSURANCE COMPANY, LIMITED"
AIMIJPJ1,AIMIJPJ1XXX,"PINEBRIDGE INVESTMENTS JAPAN CO., LTD."
AIZAJPJ1,AIZAJPJ1XXX,AIZAWA SECURITIES CO.
AKANJPJ1,AKANJPJ1XXX,"MONEX SECURITIES CO., LTD"
AKITJPJT,AKITJPJTXXX,THE AKITA BANK LIMITED
AKSCJPJ1,AKSCJPJ1XXX,"AKATSUKI SECURITIES, INC."
AKSEJPJ1,AKSEJPJ1XXX,"AKAGIYA HOLDINGS CO., LTD"
ALSJJPJT,ALSJJPJTXXX,AFLAC LIFE INSURANCE JAPAN LTD.
AMASJPJZ,AMASJPJZXXX,THE AMAGASAKI SHINKIN BANK
AMEXJPJ1,AMEXJPJ1XXX,AMERICAN EXPRESS ASSET MANAGEMENT INTERNATIONAL (JAPAN) LTD
ANDNJPJ1,ANDNJPJ1XXX,"AIOI NISSAY DOWA INSURANCE CO.,LTD."
ANOOJPJ1,ANOOJPJ1XXX,ANDO SECURITIES CO
ANZBJPJX,ANZBJPJXXXX,AUSTRALIA AND NEW ZEALAND BANKING GROUP LIMITED
AOMBJPJT,AOMBJPJTXXX,"AOMORI MICHINOKU BANK, LTD."
AOSCJPJ1,AOSCJPJ1XXX,"AOZORA SECURITIES CO., LTD."
ARKKJPJ1,ARKKJPJ1XXX,ARK SECURITIES CO
ASIKJPJT,ASIKJPJTXXX,THE ASHIKAGABANK LTD
ASKBJPJT,ASKBJPJTXXX,THE ASAHI SHINKIN BANK
AWABJPJT,AWABJPJTXXX,THE AWA BANK LIMITED
AXIPJPJT,AXIPJPJTCRI,"AXA LIFE INSURANCE CO., LTD."
AXIPJPJT,AXIPJPJTIDN,"AXA LIFE INSURANCE CO., LTD."
AXIPJPJT,AXIPJPJTPHI,"AXA LIFE INSURANCE CO., LTD."
AXIPJPJT,AXIPJPJTSGP,"AXA LIFE INSURANCE CO., LTD."
AXIPJPJT,AXIPJPJTXXX,"AXA LIFE INSURANCE CO., LTD."
BAIWJPJT,BAIWJPJTXXX,THE BANK OF IWATE LIMITED
BAMJJPJ1,BAMJJPJ1XXX,BARINGS JAPAN LIMITED
BANYJPJ1,BANYJPJ1XXX,"BANYO SECURITIES CO., LTD"
BARCJPJ2,BARCJPJ2MFX,BARCLAYS BANK PLC TOKYO BRANCH
BARCJPJ2,BARCJPJ2XXX,BARCLAYS BANK PLC TOKYO BRANCH
BARCJPJ9,BARCJPJ9XXX,BARCLAYS SECURITIES JAPAN LIMITED
BBHCJPJT,BBHCJPJTXXX,BROWN BROTHERS HARRIMAN SECURITIES (JAPAN) INC.
BBVAJPJT,BBVAJPJTXXX,BANCO BILBAO VIZCAYA ARGENTARIA TOKYO BRANCH
BCITJPJT,BCITJPJTXXX,INTESA SANPAOLO S.P.A. - TOKYO
BIKEJPJS,BIKEJPJSXXX,"THE SENSHU IKEDA BANK, LTD"
BIRDJPJZ,BIRDJPJZXXX,"TOTTORI BANK LTD., THE"
BITFJPJ2,BITFJPJ2XXX,BITFLYER INC.
BKCHJPJT,BKCHJPJTCNY,BANK OF CHINA
BKCHJPJT,BKCHJPJTNGY,BANK OF CHINA
BKCHJPJT,BKCHJPJTOSA,BANK OF CHINA
BKCHJPJT,BKCHJPJTOTM,BANK OF CHINA
BKCHJPJT,BKCHJPJTXXX,BANK OF CHINA
BKCHJPJT,BKCHJPJTYHA,BANK OF CHINA
BKIDJPJT,BKIDJPJTOSK,BANK OF INDIA
BKIDJPJT,BKIDJPJTXXX,BANK OF INDIA
BKKBJPJT,BKKBJPJTOSA,BANGKOK BANK PUBLIC CO. LIMITED
BKKBJPJT,BKKBJPJTXXX,BANGKOK BANK PUBLIC CO. LIMITED
BKSGJPJT,BKSGJPJTSAG,THE BANK OF SAGA LTD.
BKSGJPJT,BKSGJPJTXXX,THE BANK OF SAGA LTD.
BKTWJPJT,BKTWJPJTXXX,"BANK OF TAIWAN, TOKYO BRANCH"
BLKSJPJ1,BLKSJPJ1XXX,"BLACKROCK JAPAN CO., LTD."
BNINJPJT,BNINJPJTXXX,BANK NEGARA INDONESIA (PERSERO) PT TOKYO BRANCH
BNPAJPJ2,BNPAJPJ2XXX,BNP PARIBAS SECURITIES (JAPAN) LTD.
BNPAJPJT,BNPAJPJTXXX,BNP PARIBAS S.A. - TOKYO BRANCH
BOFAJPJX,BOFAJPJXCMS,"BANK OF AMERICA, N.A., TOKYO BRANCH"
BOFAJPJX,BOFAJPJXJGB,"BANK OF AMERICA, N.A., TOKYO BRANCH"
BOFAJPJX,BOFAJPJXXXX,"BANK OF AMERICA, N.A., TOKYO BRANCH"
BOJPJPJT,BOJPJPJTBJ1,BANK OF JAPAN
BOJPJPJT,BOJPJPJTMF1,BANK OF JAPAN
BOJPJPJT,BOJPJPJTXXX,BANK OF JAPAN
BOKFJPJZ,BOKFJPJZXXX,THE BANK OF KYOTO LIMITED
BOKIJPJZ,BOKIJPJZXXX,THE BANK OF OKINAWA LIMITED
BOSSJPJT,BOSSJPJTXXX,THE 77 BANK LIMITED
BOTKJPJ2,BOTKJPJ2XXX,"MUFG BANK, LTD."
BOTKJPJT,BOTKJPJTCLS,"MUFG BANK, LTD."
BOTKJPJT,BOTKJPJTFGN,"MUFG BANK, LTD."
BOTKJPJT,BOTKJPJTFND,"MUFG BANK, LTD."
BOTKJPJT,BOTKJPJTFUK,"MUFG BANK, LTD."
BOTKJPJT,BOTKJPJTHIR,"MUFG BANK, LTD."
BOTKJPJT,BOTKJPJTKOB,"MUFG BANK, LTD."
BOTKJPJT,BOTKJPJTNGY,"MUFG BANK, LTD."
BOTKJPJT,BOTKJPJTOSA,"MUFG BANK, LTD."
BOTKJPJT,BOTKJPJTSAD,"MUFG BANK, LTD."
BOTKJPJT,BOTKJPJTSAP,"MUFG BANK, LTD."
BOTKJPJT,BOTKJPJTSMO,"MUFG BANK, LTD."
BOTKJPJT,BOTKJPJTXXX,"MUFG BANK, LTD."
BPIIJPJ1,BPIIJPJ1XXX,BPI JAPAN REPRESENTATIVE OFFICE
BRASJPJT,BRASJPJTXXX,BANCO DO BRASIL SA
BSIAJPJ1,BSIAJPJ1XXX,BROAD STREET INVESTMENTS JAPAN GK
BSIJJPJ1,BSIJJPJ1XXX,BROAD STREET INVESTMENTS JAPAN FUND ONE GK
BSUIJPJT,BSUIJPJTCOM,CREDIT AGRICOLE CIB
BSUIJPJT,BSUIJPJTXXX,CREDIT AGRICOLE CIB
CCBCJPJT,CCBCJPJTXXX,CHANG HWA COMMERCIAL BANK LIMITED TOKYO BRANCH
CFILJPJT,CFILJPJTXXX,BGC SHOKEN KAISHA LIMITED
CHASJPJ9,CHASJPJ9CE1,"JPMORGAN SECURITIES JAPAN CO., LTD"
CHASJPJ9,CHASJPJ9EQT,"JPMORGAN SECURITIES JAPAN CO., LTD"
CHASJPJ9,CHASJPJ9MCM,"JPMORGAN SECURITIES JAPAN CO., LTD"
CHASJPJ9,CHASJPJ9XXX,"JPMORGAN SECURITIES JAPAN CO., LTD"
CHASJPJT,CHASJPJTENQ,"JPMORGAN CHASE BANK, N.A. - TOKYO BRANCH"
CHASJPJT,CHASJPJTTRO,"JPMORGAN CHASE BANK, N.A. - TOKYO BRANCH"
CHASJPJT,CHASJPJTTSD,"JPMORGAN CHASE BANK, N.A. - TOKYO BRANCH"
CHASJPJT,CHASJPJTWSS,"JPMORGAN CHASE BANK, N.A. - TOKYO BRANCH"
CHASJPJT,CHASJPJTXXX,"JPMORGAN CHASE BANK, N.A. - TOKYO BRANCH"
CHASJPJZ,CHASJPJZXXX,JPMORGAN ASSET MANAGEMENT (JAPAN) LIMITED
CHBAJPJT,CHBAJPJTXXX,"THE CHIBA BANK, LTD."
CHGKJPJT,CHGKJPJTXXX,THE CHUGOKU BANK LIMITED
CHGKJPJZ,CHGKJPJZXXX,THE CHUGOKU BANK LIMITED
CHIKJPJT,CHIKJPJTXXX,THE CHIBA KOGYO BANK LIMITED
CHSBJPJT,CHSBJPJTXXX,THE TOKYO HIGASHI SHINKIN BANK
CHUSJPJ1,CHUSJPJ1XXX,"CHIBAGIN SECURITIES CO., LTD"
CICJJPJ1,CICJJPJ1XXX,"PARIBAS ASSET MANAGEMENT CO., LTD."
CITIJPJT,CITIJPJTCTI,"CITIBANK, N.A. TOKYO BRANCH"
CITIJPJT,CITIJPJTXXX,"CITIBANK, N.A. TOKYO BRANCH"
CIWMJPJT,CIWMJPJTXXX,CIBC WORLD MARKETS (JAPAN) INC.
CLEJJPJ1,CLEJJPJ1XXX,"CLSA SECURITIES JAPAN CO., LTD."
COBAJPJX,COBAJPJXTOM,COMMERZBANK AKTIENGESELLSCHAFT
COBAJPJX,COBAJPJXXXX,COMMERZBANK AKTIENGESELLSCHAFT
COMMJPJT,COMMJPJTXXX,"BANK OF COMMUNICATIONS, TOKYO BR."
COSSJPJT,COSSJPJTXXX,"IWAICOSMO SECURITIES CO., LTD."
CPSTJPJ1,CPSTJPJ1XXX,"CAPITAL PARTNERS SECURITIES CO., LTD"
CRESJPJT,CRESJPJTXXX,UBS AG TOKYO BRANCH
CRLYJPJ9,CRLYJPJ9XXX,CREDIT AGRICOLE SECURITIES ASIA B.V. TOKYO BRANCH
CSFBJPJX,CSFBJPJXEQT,"CREDIT SUISSE JAPAN CO., LTD."
CSFBJPJX,CSFBJPJXPBS,"CREDIT SUISSE JAPAN CO., LTD."
CSFBJPJX,CSFBJPJXVIS,"CREDIT SUISSE JAPAN CO., LTD."
CSFBJPJX,CSFBJPJXXXX,"CREDIT SUISSE JAPAN CO., LTD."
CTBAJPJT,CTBAJPJTXXX,COMMONWEALTH BANK OF AUSTRALIA
CTCBJPJT,CTCBJPJTXXX,"CTBC BANK CO., LTD. TOKYO BRANCH"
CTRLJPJT,CTRLJPJTXXX,"CENTRAL TANSHI CO., LTD."
CTSSJPJ1,CTSSJPJ1XXX,"CENTRAL TOTAN SECURITIES CO., LTD."
CZNBJPJT,CZNBJPJTXXX,KOOKMIN BANK
DAISJPJT,DAISJPJTXXX,DAISHI HOKUETSU BANK LIMITED
DAMLJPJA,DAMLJPJAXXX,DAIWA ASSET MANAGEMENT CO. LTD
DATTJPJ1,DATTJPJ1XXX,"THE DAITO BANK ,LTD"
DBSSJPJT,DBSSJPJTXXX,"DBS BANK LTD, TOKYO BRANCH"
DCKSJPJ1,DCKSJPJ1XXX,"MIZUHO SECURITIES CO., LTD."
DEAMJPJT,DEAMJPJTXXX,DWS INVESTMENTS JAPAN LIMITED
DEJAJPJ1,DEJAJPJ1XXX,DEVELOPMENT BANK OF JAPAN INC.
DEUTJPJ7,DEUTJPJ7XXX,DEUTSCHE SECURITIES INC. TOKYO BRANCH
DEUTJPJ9,DEUTJPJ9DOM,DEUTSCHE SECURITIES INC. TOKYO BRANCH
DEUTJPJ9,DEUTJPJ9EQD,DEUTSCHE SECURITIES INC. TOKYO BRANCH
DEUTJPJ9,DEUTJPJ9EQT,DEUTSCHE SECURITIES INC. TOKYO BRANCH
DEUTJPJ9,DEUTJPJ9FIC,DEUTSCHE SECURITIES INC. TOKYO BRANCH
DEUTJPJ9,DEUTJPJ9FX1,DEUTSCHE SECURITIES INC. TOKYO BRANCH
DEUTJPJ9,DEUTJPJ9XXX,DEUTSCHE SECURITIES INC. TOKYO BRANCH
DEUTJPJT,DEUTJPJTFX1,DEUTSCHE BANK AG
DEUTJPJT,DEUTJPJTXXX,DEUTSCHE BANK AG
DFLIJPJ2,DFLIJPJ2XXX,"THE DAI-ICHI FRONTIER LIFE INSURANC E CO.,LTD."
DIAMJPJ2,DIAMJPJ2XXX,"ASSET MANAGEMENT ONE CO., LTD."
DIWAJPJA,DIWAJPJAXXX,"RESONA BANK, LTD."
DIWAJPJT,DIWAJPJTXXX,"RESONA BANK, LTD."
DKAMJPJ1,DKAMJPJ1XXX,DAI-ICHI KANGYO ASSET MANAGEMENT CO LIMITED
DLICJPJ1,DLICJPJ1XXX,"THE DAI-ICHI LIFE INSURANCE COMPANY, LIMITED"
DLICJPJJ,DLICJPJJXXX,"THE DAI-ICHI LIFE INSURANCE COMPANY, LIMITED"
DNEXJPJT,DNEXJPJTXXX,"DAIWA NEXT BANK, LTD."
DPBBJPJ1,DPBBJPJ1XXX,HYPO REAL ESTATE CAPITAL JAPAN CORPORATION
DSBIJPJ1,DSBIJPJ1XXX,DAIWA SB INVESTMENTS LTD
DSBTJPJ1,DSBTJPJ1XXX,DAIKO CLEARING SERVICES CORPORATION
DWSCJPJT,DWSCJPJTCLS,DAIWA SECURITIES CO.LTD.
DWSCJPJT,DWSCJPJTJSS,DAIWA SECURITIES CO.LTD.
DWSCJPJT,DWSCJPJTXXX,DAIWA SECURITIES CO.LTD.
ESUNJPJT,ESUNJPJTXXX,"E.SUN COMMERCIAL BANK, LTD. TOKYO BRANCH"
ETRSJPJ1,ETRSJPJ1XXX,"SBI SECURITIES CO.,LTD."
EXIKJPJ1,EXIKJPJ1XXX,KOREA EXPORT-IMPORT BANK TOKYO OFFICE
FBTYJPJ1,FBTYJPJ1XXX,"THE FIRST BANK OF TOYAMA, LTD."
FBTYJPJX,FBTYJPJXXXX,"THE FIRST BANK OF TOYAMA, LTD."
FCBKJPJT,FCBKJPJT001,"FIRST COMMERCIAL BANK, TOKYO BRANCH"
FCBKJPJT,FCBKJPJTXXX,"FIRST COMMERCIAL BANK, TOKYO BRANCH"
FCTOJPJ1,FCTOJPJ1XXX,"ABN AMRO CLEARING TOKYO CO., LTD."
FFAGJPJ2,FFAGJPJ2XXX,"FFG ASSET MANAGEMENT CO., LTD."
FIDIJPJ1,FIDIJPJ1XXX,FIL INVESTMENTS (JAPAN) LIMITED
FKBKJPJT,FKBKJPJT100,"BANK OF FUKUOKA, LTD., THE"
FKBKJPJT,FKBKJPJTXXX,"BANK OF FUKUOKA, LTD., THE"
FKSBJPJ1,FKSBJPJ1XXX,"THE FUKUSHIMA BANK,LTD."
FKUIJPJT,FKUIJPJTXXX,"THE FUKUI BANK, LTD."
FMLIJPJ1,FMLIJPJ1XXX,FUKOKU MUTUAL LIFE INSURANCE COMPANY
FMLIJPJ3,FMLIJPJ3XXX,FUKOKU MUTUAL LIFE INSURANCE COMPANY
FPSEJPJ1,FPSEJPJ1XXX,"FPG SECURITIES CO., LTD."
FRIPJPJ1,FRIPJPJ1XXX,FITCH RATINGS JAPAN LIMITED
FUHOJPJ1,FUHOJPJ1XXX,THE FUKUHO BANK LTD
FUSTJPJ1,FUSTJPJ1XXX,"MIZUHO SECURITIES CO., LTD."
FXPCJPJ1,FXPCJPJ1XXX,FX PRIME CORPORATION
GAAIJPJ2,GAAIJPJ2XXX,"GAIN CAPITAL CO., LTD."
GACTJPJ1,GACTJPJ1XXX,"GAITAMEONLINE CO.,LTD"
GAFIJPJ1,GAFIJPJ1XXX,GIORGIO ARMANI JAPAN CO. LIMITED
GLJAJPJ2,GLJAJPJ2XXX,GLOBAL X JAPAN CO. LTD.
GMCSJPJ1,GMCSJPJ1XXX,"GMO CLICK SECURITIES,INC."
GOLDJPJX,GOLDJPJXAWM,"GOLDMAN SACHS JAPAN CO., LTD."
GOLDJPJX,GOLDJPJXMRA,"GOLDMAN SACHS JAPAN CO., LTD."
GOLDJPJX,GOLDJPJXXXX,"GOLDMAN SACHS JAPAN CO., LTD."
GPNNJPJT,GPNNJPJTXXX,GOVERNMENT PENSION INVESTMENT FUND
GRVVJPJ1,GRVVJPJ1XXX,GS GROWTH INVESTMENT GK
GSAMJPJT,GSAMJPJTXXX,"GOLDMAN SACHS ASSET MANAGEMENT CO., LTD."
GSCAJPJ1,GSCAJPJ1XXX,"GOLDMAN SACHS CREDIT PARTNERS, LTD"
GSEJJPJ1,GSEJJPJ1XXX,"GOLDMAN SACHS ENERGY JAPAN, LLC"
GSJHJPJ1,GSJHJPJ1XXX,"GOLDMAN SACHS JAPAN HOLDINGS, LTD."
GSJSJPJ1,GSJSJPJ1XXX,"GOLDMAN SACHS JAPAN SERVICES CO., LTD."
GUMAJPJT,GUMAJPJTXXX,THE GUNMA BANK LTD
HABKJPJT,HABKJPJTXXX,"HACHIJUNI NAGANO BANK, LTD."
HAMAJPJT,HAMAJPJTXXX,THE BANK OF YOKOHAMA LIMITED
HAPIJPJ1,HAPIJPJ1XXX,"HAWKSBRIDGE CAPITAL CO., LTD."
HIGOJPJT,HIGOJPJTXXX,THE HIGO BANK LIMITED
HIMEJPJT,HIMEJPJTXXX,THE EHIME BANK LIMITED
HIROJPJT,HIROJPJTXXX,THE HIROSHIMA BANK LIMITED
HIRTJPJ1,HIRTJPJ1XXX,HIROTA SECURITIES CO.
HISEJPJ1,HISEJPJ1XXX,"NAITO SECURITIES CO., LTD."
HKDBJPJT,HKDBJPJTXXX,THE HOKKAIDO BANK LIMITED
HKOKJPJT,HKOKJPJTXXX,THE HOKKOKU BANK LIMITED
HOKBJPJT,HOKBJPJTXXX,THE HOKUTO BANK LIMITED
HRSBJPJT,HRSBJPJTXXX,"MOMIJI BANK, LTD."
HSBCJPJT,HSBCJPJTCLS,THE HONGKONG AND SHANGHAI BANKING CORPORATION LIMITED
HSBCJPJT,HSBCJPJTTRS,THE HONGKONG AND SHANGHAI BANKING CORPORATION LIMITED
HSBCJPJT,HSBCJPJTXXX,THE HONGKONG AND SHANGHAI BANKING CORPORATION LIMITED
HSCOJPJ1,HSCOJPJ1XXX,"H.S. SECURITIES CO., LTD"
HSINJPJK,HSINJPJKXXX,"THE MINATO BANK,LTD (FORM HANSHIN)"
HUJPJPJ2,HUJPJPJ2XXX,HUOBI JAPAN INC.
HVBKJPJT,HVBKJPJTXXX,"WOORI BANK, TOKYO"
HYAKJPJT,HYAKJPJTXXX,THE HYAKUJUSHI BANK LIMITED
HYKGJPJT,HYKGJPJTTSU,THE HYAKUGO BANK LTD (TOKYO OFFICE)
HYKGJPJT,HYKGJPJTXXX,THE HYAKUGO BANK LTD (TOKYO OFFICE)
IBJPJPJT,IBJPJPJTXXX,"HSBC SECURITIES (JAPAN) CO., LTD."
IBJSJPJ1,IBJSJPJ1XXX,"MIZUHO SECURITIES CO., LTD."
IBKOJPJT,IBKOJPJTXXX,"INDUSTRIAL BANK OF KOREA, TOKYO BRANCH"
IBKRJPJT,IBKRJPJTXXX,"INTERACTIVE BROKERS SECURITIES JAPAN, INC."
ICBCJPJT,ICBCJPJTOSA,"MEGA INTERNATIONAL COMMERCIAL BANK CO., LTD."
ICBCJPJT,ICBCJPJTXXX,"MEGA INTERNATIONAL COMMERCIAL BANK CO., LTD."
ICBKJPJT,ICBKJPJTXXX,"INDUSTRIAL AND COMMERCIAL BANK OF CHINA, TOKYO BRANCH"
ICHIJPJ1,ICHIJPJ1XXX,ICHIYOSHI SECURITIES CO. LTD.
ILICJPJ1,ILICJPJ1XXX,"NN LIFE INSURANCE COMPANY, LTD."
INGBJPJT,INGBJPJTXXX,ING BANK N.V.
INSJJPJ1,INSJJPJ1XXX,INSTINET JAPAN LIMITED
IRVTJPJT,IRVTJPJTXXX,"THE BANK OF NEW YORK MELLON TRUST (JAPAN), LTD"
IRVTJPJX,IRVTJPJXXXX,BANK OF NEW YORK MELLON (TOKYO BRANCH)
ITJAJPJ1,ITJAJPJ1XXX,ITG JAPAN LTD
IWAIJPJ1,IWAIJPJ1XXX,"IWAICOSMO SECURITIES CO.,LTD"
IYOBJPJT,IYOBJPJTXXX,THE IYO BANK LIMITED
JANEJPJT,JANEJPJTXXX,PAYPAY BANK CORPORATION
JBTSJPJ1,JBTSJPJ1XXX,"JAPAN BOND TRADING CO., LTD."
JCRAJPJ1,JCRAJPJ1XXX,"JAPAN CREDIT RATING AGENCY, LTD."
JEJAJPJ1,JEJAJPJ1XXX,JEFFERIES JAPAN LIMITED TOKYO BRANCH
JEJAJPJT,JEJAJPJTXXX,JEFFERIES JAPAN LIMITED TOKYO BRANCH
JESCJPJ1,JESCJPJ1XXX,"JAPAN ELECTRONIC SECURITIES CO.,LTD"
JGBCJPJ1,JGBCJPJ1XXX,JAPAN SECURITY CLEARING CORPORATION (JGB CLEARING)
JICRJPJ1,JICRJPJ1XXX,AU JIBUN BANK CORPORATION
JICRJPJT,JICRJPJTXXX,AU JIBUN BANK CORPORATION
JJSDJPJT,JJSDJPJTXXX,"JAPAN SECURITIES DEPOSITORY CENTER, INC"
JLQJJPJ1,JLQJJPJ1XXX,JLQ2 GK
JOYOJPJT,JOYOJPJTXXX,THE JOYO BANK LIMITED
JPMIJPJ1,JPMIJPJ1XXX,J.P. MORGAN INVESTMENT MANAGEMENT INC.
JPPSJPJ1,JPPSJPJ1XXX,"JAPAN POST BANK, CO., LTD"
JPPSJPJ2,JPPSJPJ2XXX,"JAPAN POST BANK, CO., LTD"
JPPSJPJJ,JPPSJPJJIRS,"JAPAN POST BANK, CO., LTD"
JPPSJPJJ,JPPSJPJJXXX,"JAPAN POST BANK, CO., LTD"
JPPSJPJK,JPPSJPJKXXX,"JAPAN POST BANK, CO., LTD"
JSBKJPJT,JSBKJPJTXXX,THE JOHNAN SHINKIN BANK
JSEAJPJ1,JSEAJPJ1CLR,JAPAN SECURITIES AGENTS LTD.
JSEAJPJ1,JSEAJPJ1CST,JAPAN SECURITIES AGENTS LTD.
JSEAJPJ1,JSEAJPJ1XXX,JAPAN SECURITIES AGENTS LTD.
JSFTJPJ1,JSFTJPJ1XXX,"JAPAN SECURITIES FINANCE CO., LTD"
JSITJPJ1,JSITJPJ1XXX,JAPAN SOLAR INVESTMENTS LIMITED TOKYO BRANCH
JSTCJPJ1,JSTCJPJ1XXX,"JSF TRUST AND BANKING CO.,LTD"
JTSBJPJT,JTSBJPJTAGE,"CUSTODY BANK OF JAPAN, LTD."
JTSBJPJT,JTSBJPJTXXX,"CUSTODY BANK OF JAPAN, LTD."
JUINJPJ1,JUINJPJ1XXX,"JUPITER INVESTMENT CO, LTD"
JUROJPJT,JUROJPJTXXX,THE JUROKU BANK LIMITED
KAFIJPJ1,KAFIJPJ1XXX,"KAKAKU.COM, INC."
KAGOJPJT,KAGOJPJTXXX,THE KAGOSHIMA BANK LIMITED
KAHHJPJ1,KAHHJPJ1XXX,THE KAGOSHIMASOGO SHINKIN BANK
KANEJPJ1,KANEJPJ1XXX,"AIZAWA SECURITIES CO.,LTD"
KANGJPJ1,KANGJPJ1XXX,"THE KANAGAWA BANK,LTD."
KASLJPJ1,KASLJPJ1XXX,"KABU.COM SECURITIES CO.,LTD."
KCHUJPJY,KCHUJPJYXXX,THE KYOTO CHUO SHINKIN BANK
KDDNJPJ1,KDDNJPJ1XXX,KOKUSAI DENSIN DENWA CO. LTD. SHINJUKU-KU
KEIBJPJT,KEIBJPJTXXX,THE KEIYO BANK LIMITED
KGBKJPJT,KGBKJPJTXXX,"TSUKUBA BANK,LTD."
KGWBJPJZ,KGWBJPJZXXX,THE KAGAWA BANK LTD
KIMUJPJ1,KIMUJPJ1XXX,"KIMURA SECURITIES CO., LTD"
KITQJPJZ,KITQJPJZXXX,"THE KITAKYUSHU BANK, LTD."
KIYOJPJT,KIYOJPJTXXX,THE KIYO BANK LIMITED
KKSSJPJT,KKSSJPJTXXX,"MITSUBISHI UFJ MORGAN STANLEY SECURITIES CO.,LTD."
KNPBJPJT,KNPBJPJTXXX,THE KITA-NIPPON BANK LIMITED
KOBEJPJ1,KOBEJPJ1XXX,"INVAST SECURITIES CO.,LTD."
KODBJPJT,KODBJPJTXXX,"KOREA DEVELOPMENT BANK, THE, TOKYO BRANCH"
KOEXJPJT,KOEXJPJTFUK,"KEB HANA BANK, TOKYO BRANCH"
KOEXJPJT,KOEXJPJTOSA,"KEB HANA BANK, TOKYO BRANCH"
KOEXJPJT,KOEXJPJTXXX,"KEB HANA BANK, TOKYO BRANCH"
KOSSJPJ1,KOSSJPJ1XXX,"THE KOSEI SECURITIES CO.,LTD"
KOTIJPJZ,KOTIJPJZXXX,"THE BANK OF KOCHI, LIMITED"
KSECJPJ1,KSECJPJ1XXX,"BANSEI SECURITIES CO.,LTD"
KUMAJPJZ,KUMAJPJZXXX,"KUMAMOTO BANK, LTD., THE"
KUSEJPJ1,KUSEJPJ1XXX,DAIWA SECURITIES GROUP INC
KYOCJPJ1,KYOCJPJ1XXX,KYOWA SECURITIES CO.
KYOSJPJ1,KYOSJPJ1XXX,KYOKUTO SECURITIES CO
LBFLJPJ1,LBFLJPJ1XXX,LEHMAN BROTHERS JAPAN INC.
LIQJJPJ1,LIQJJPJ1XXX,LIQUIDNET JAPAN INC.
LOCYJPJT,LOCYJPJTNDP,LOMBARD ODIER TRUST (JAPAN) LIMITED
LOCYJPJT,LOCYJPJTXXX,LOMBARD ODIER TRUST (JAPAN) LIMITED
LTCBJPJT,LTCBJPJTHED,"SBI SHINSEI BANK, LIMITED"
LTCBJPJT,LTCBJPJTXXX,"SBI SHINSEI BANK, LIMITED"
MACQJPJ1,MACQJPJ1XXX,MACQUARIE CAPITAL SECURITIES (JAPAN) LIMITED
MAEEJPJ1,MAEEJPJ1XXX,"FUKUOKA SECURITIES CO., LTD"
MAESJPJ1,MAESJPJ1XXX,"FFG SECURITIES CO.,LTD"
MAMJJPJ1,MAMJJPJ1XXX,MANULIFE ASSET MANAGEMENT (JAPAN) LIMITED
MARCJPJ1,MARCJPJ1NGY,MARUHACHI SECURITIES CO
MARCJPJ1,MARCJPJ1XXX,MARUHACHI SECURITIES CO
MAREJPJ1,MAREJPJ1XXX,"OKASAN NIIGATA SECURITIES CO., LTD"
MARUJPJ1,MARUJPJ1XXX,"MARUSAN SECURITIES CO., LTD."
MATEJPJ1,MATEJPJ1XXX,MATSUI SECURITIES CO
MAUCJPJ1,MAUCJPJ1XXX,"AIZAWA SECURITIES CO.,LTD"
MAUSJPJ1,MAUSJPJ1XXX,"MONEX SECURITIES CO., LTD"
MAUUJPJ1,MAUUJPJ1XXX,MARUKUNI SECURITIES CO.
MBBTJPJT,MBBTJPJTXXX,TAIWAN BUSINESS BANK TOKYO BRANCH
MBTCJPJT,MBTCJPJTXXX,"METROPOLITAN BANK AND TRUST COMPANY, TOKYO BRANCH,"
MEICJPJ1,MEICJPJ1XXX,MEIWA SECURITIES CO
MELNJPJT,MELNJPJTXXX,BNY MELLON INVESTMENT MANAGEMENT JAPAN LIMITED
MENCJPJ1,MENCJPJ1XXX,METLIFE INSURANCE K.K.
MFCTJPJT,MFCTJPJTXXX,MANULIFE LIFE INSURANCE COMPANY
MGHCJPJT,MGHCJPJTXXX,"MITSUBISHI GAS CHEMICAL COMPANY, INC."
MHCBJPJ2,MHCBJPJ2XXX,"MIZUHO BANK, LTD."
MHCBJPJ4,MHCBJPJ4XXX,"MIZUHO BANK, LTD."
MHCBJPJ5,MHCBJPJ5XXX,"MIZUHO BANK, LTD."
MHCBJPJ6,MHCBJPJ6XXX,"MIZUHO BANK, LTD."
MHCBJPJ8,MHCBJPJ8XXX,"MIZUHO BANK, LTD."
MHCBJPJT,MHCBJPJTCLS,"MIZUHO BANK, LTD."
MHCBJPJT,MHCBJPJTXXX,"MIZUHO BANK, LTD."
MHSCJPJ2,MHSCJPJ2XXX,"MIZUHO SECURITIES CO.,LTD"
MHSCJPJT,MHSCJPJTXXX,"MIZUHO SECURITIES CO.,LTD"
MIEBJPJT,MIEBJPJTXXX,"SAN JU SAN BANK, LTD."
MIKIJPJ1,MIKIJPJ1XXX,MIKI SECURITIES CO
MINPJPJ1,MINPJPJ1XXX,"THE MINAMI-NIPPON BANK,LTD."
MINXJPJ1,MINXJPJ1XXX,MINEX CORPORATION
MISCJPJ2,MISCJPJ2XXX,"MITA SECURITIES CO., LTD"
MISRJPJ1,MISRJPJ1XXX,"MITSUI SUMITOMO INSURANCE CO., LTD."
MISSJPJ1,MISSJPJ1XXX,"RETELA CREA SECURITIES CO.,LTD"
MITSJPJ1,MITSJPJ1XXX,"MITO SECURITIES CO., LTD."
MITYJPJ1,MITYJPJ1XXX,"THE MIYAZAKI TAIYO BANK, LTD."
MIYAJPJT,MIYAJPJTXXX,THE MIYAZAKI BANK LIMITED
MLCOJPJD,MLCOJPJDXXX,"BOFA SECURITIES JAPAN CO., LTD."
MLCOJPJT,MLCOJPJTJES,"BOFA SECURITIES JAPAN CO., LTD."
MLCOJPJT,MLCOJPJTJGB,"BOFA SECURITIES JAPAN CO., LTD."
MLCOJPJT,MLCOJPJTSDI,"BOFA SECURITIES JAPAN CO., LTD."
MLCOJPJT,MLCOJPJTTSY,"BOFA SECURITIES JAPAN CO., LTD."
MLCOJPJT,MLCOJPJTXXX,"BOFA SECURITIES JAPAN CO., LTD."
MLCOJPJX,MLCOJPJXXXX,"BOFA SECURITIES JAPAN CO., LTD."
MMLIJPJ1,MMLIJPJ1XXX,TAIJU LIFE INSURANCE COMPANY LTD
MNXIJPJ1,MNXIJPJ1XXX,"MONEX, INC."
MOFXJPJ1,MOFXJPJ1XXX,"MONEX SECURITIES CO., LTD"
MOHOJPJ1,MOHOJPJ1XXX,MOUNTAIN HOLDINGS GK
MOJAJPJ1,MOJAJPJ1XXX,MOODY'S (JAPAN) K.K.
MOJMJPJ1,MOJMJPJ1XXX,MOODY'S SF JAPAN K.K. (MSFJ) 20TH F
MSAMJPJ1,MSAMJPJ1XXX,"MORGAN STANLEY ASSET AND INVESTMENT TRUST MANAGEMENT CO., LIMITED"
MSPIJPJ1,MSPIJPJ1XXX,"MITSUI SUMITOMO PRIMARY LIFE INSURANCE COMPANY, LIMITED"
MSTKJPJX,MSTKJPJXCII,"MORGAN STANLEY MUFG SECURITIES CO., LTD."
MSTKJPJX,MSTKJPJXCLS,"MORGAN STANLEY MUFG SECURITIES CO., LTD."
MSTKJPJX,MSTKJPJXFXO,"MORGAN STANLEY MUFG SECURITIES CO., LTD."
MSTKJPJX,MSTKJPJXXXX,"MORGAN STANLEY MUFG SECURITIES CO., LTD."
MTBCJPJT,MTBCJPJTXXX,MITSUBISHI UFJ TRUST AND BANKING CORPORATION
MTBJJPJT,MTBJJPJTAGT,THE MASTER TRUST BANK OF JAPAN LTD
MTBJJPJT,MTBJJPJTXXX,THE MASTER TRUST BANK OF JAPAN LTD
MUBKJPJT,MUBKJPJTXXX,THE MUSASHINO BANK LIMITED
MYAMJPJ1,MYAMJPJ1XXX,MEIJI YASUDA ASSET MANAGEMENT COMPANY LTD.
MYLIJPJ1,MYLIJPJ1XXX,MEIJI YASUDA LIFE INSURANCE COMPANY
MYLIJPJT,MYLIJPJTXXX,MEIJI YASUDA LIFE INSURANCE COMPANY
NAGKJPJ1,NAGKJPJ1XXX,"THE BANK OF NAGASAKI,LTD."
NAGOJPJN,NAGOJPJNXXX,"THE BANK OF NAGOYA, LTD."
NAIEJPJ1,NAIEJPJ1OSA,NAITO SECURITIES CO
NAIEJPJ1,NAIEJPJ1XXX,NAITO SECURITIES CO
NAKSJPJ1,NAKSJPJ1XXX,NAKAHARA SECURITIES CO
NAMJJPJ2,NAMJJPJ2XXX,NISSAY ASSET MANAGEMENT CORPORATION
NAMJJPJT,NAMJJPJTXXX,NISSAY ASSET MANAGEMENT CORPORATION
NAMKJPJT,NAMKJPJTADV,"NOMURA ASSET MANAGEMENT CO., LTD."
NAMKJPJT,NAMKJPJTBFT,"NOMURA ASSET MANAGEMENT CO., LTD."
NAMKJPJT,NAMKJPJTFDV,"NOMURA ASSET MANAGEMENT CO., LTD."
NAMKJPJT,NAMKJPJTXXX,"NOMURA ASSET MANAGEMENT CO., LTD."
NAMTJPJ1,NAMTJPJ1OP1,"NIKKO ASSET MANAGEMENT CO., LTD"
NAMTJPJ1,NAMTJPJ1XXX,"NIKKO ASSET MANAGEMENT CO., LTD"
NANTJPJT,NANTJPJTXXX,THE NANTO BANK LIMITED
NAREJPJ1,NAREJPJ1XXX,"PHILIP SECURITIES CO., LTD"
NATAJPJT,NATAJPJTXXX,NATIONAL AUSTRALIA BANK LTD
NATXJPJ2,NATXJPJ2XXX,NATIXIS
NATXJPJT,NATXJPJTXXX,"NATIXIS JAPAN SECURITIES CO., LTD."
NBPAJPJT,NBPAJPJTOSK,NATIONAL BANK OF PAKISTAN (TOKYO BRANCH)
NBPAJPJT,NBPAJPJTXXX,NATIONAL BANK OF PAKISTAN (TOKYO BRANCH)
NCBTJPJT,NCBTJPJTXXX,"AOZORA BANK, LTD"
NCTBJPJ1,NCTBJPJ1XXX,"NORINCHUKIN TRUST AND BANKING CO., LTD., THE"
NFPSJPJT,NFPSJPJTCCS,NOMURA FINANCIAL PRODUCTS AND SERVICES INC
NFPSJPJT,NFPSJPJTXXX,NOMURA FINANCIAL PRODUCTS AND SERVICES INC
NGLOJPJ1,NGLOJPJ1XXX,"NAITO SECURITIES CO.,LTD"
NGNOJPJ1,NGNOJPJ1XXX,"NAGANO SECURITIES CO. ,LTD."
NIGTJPJ1,NIGTJPJ1XXX,"OKASAN NIIGATA SECURITIES CO., LTD"
NIHHJPJ1,NIHHJPJ1XXX,THE NISSHIN SHINKIN BANK
NISHJPJ1,NISHJPJ1XXX,"SBI SECURITIES CO.,LTD"
NISIJPJT,NISIJPJTFKK,"THE NISHI-NIPPON CITY BANK, LTD."
NISIJPJT,NISIJPJTXXX,"THE NISHI-NIPPON CITY BANK, LTD."
NISMJPJ1,NISMJPJ1XXX,"NISHIMURA SECURITIES CO., LTD"
NISSJPJ1,NISSJPJ1XXX,"NISSAN SECURITIES CO.,LTD."
NJGLJPJ1,NJGLJPJ1XXX,NIKE JAPAN GROUP LLC
NKSCJPJ1,NKSCJPJ1FI1,SMBC NIKKO SECURITIES INC.
NKSCJPJT,NKSCJPJTXXX,SMBC NIKKO SECURITIES INC.
NLICJP22,NLICJP22XXX,NIPPON LIFE INSURANCE COMPANY
NLICJPJ1,NLICJPJ1BND,NIPPON LIFE INSURANCE COMPANY
NLICJPJ1,NLICJPJ1EQY,NIPPON LIFE INSURANCE COMPANY
NLICJPJ1,NLICJPJ1XXX,NIPPON LIFE INSURANCE COMPANY
NMRSJPJT,NMRSJPJTXXX,"NOMURA SECURITIES CO., LTD."
NMTBJPJT,NMTBJPJTFXO,"NOMURA TRUST AND BANKING CO.,LTD."
NMTBJPJT,NMTBJPJTTAD,"NOMURA TRUST AND BANKING CO.,LTD."
NMTBJPJT,NMTBJPJTTRU,"NOMURA TRUST AND BANKING CO.,LTD."
NMTBJPJT,NMTBJPJTXXX,"NOMURA TRUST AND BANKING CO.,LTD."
NOCUJPJT,NOCUJPJTCLS,THE NORINCHUKIN BANK
NOCUJPJT,NOCUJPJTXXX,THE NORINCHUKIN BANK
NORPJPJP,NORPJPJPXXX,"NORTH PACIFIC BANK, LTD."
NOSCJPJ1,NOSCJPJ1XXX,THE BANK OF NOVA SCOTIA
NRSKJPJ1,NRSKJPJ1XXX,THE NATIONAL REGISTRY SYSTEM
NSBLJPJT,NSBLJPJTXXX,CITIGROUP GLOBAL MARKETS JAPAN INC.
NTSSJPJT,NTSSJPJTXXX,"SBI SUMISHIN NET BANK , LTD."
NWSJJPJT,NWSJJPJTXXX,NATWEST MARKETS SECURITIES JAPAN LIMITED
OCBCJPJT,OCBCJPJTXXX,OVERSEA-CHINESE BANKING CORP LTD
OGAKJPJT,OGAKJPJTXXX,THE OGAKI KYORITSU BANK LIMITED
OHSHJPJ1,OHSHJPJ1XXX,THE OHKAWA SHINKIN BANK
OITAJPJT,OITAJPJTXXX,"OITA BANK LTD., THE"
OJISJPJT,OJISJPJTXXX,"JOHOKU SHINKIN BANK, THE"
OKAOJPJ1,OKAOJPJ1XXX,"OKASAN ONLINE SECURITIES CO.,LTD"
OKASJPJT,OKASJPJTXXX,"OKASAN SECURITIES CO., LTD."
OKSBJPJZ,OKSBJPJZXXX,THE OKAZAKI SHINKIN BANK
OKSEJPJ1,OKSEJPJ1XXX,"OKACHI SECURITIES CO., LTD."
OKWAJPJ1,OKWAJPJ1XXX,OKINAWA KAIHO BANK
OLIOJPJ1,OLIOJPJ1XXX,ORIX LIFE INSURANCE CORPORATION
ORCRJPJ1,ORCRJPJ1XXX,ORIX BANK COPORATION
OSABJPJS,OSABJPJSXXX,"KANSAI MIRAI BANK, LIMITED"
OSACJPJS,OSACJPJSXXX,THE OSAKA CITY SHINKIN BANK
OSASJPJ1,OSASJPJ1XXX,"SBI SECURITIES CO.,LTD"
PCBCJPJT,PCBCJPJTFTU,CHINA CONSTRUCTION BANK CORPORATION TOKYO BRANCH
PCBCJPJT,PCBCJPJTXXX,CHINA CONSTRUCTION BANK CORPORATION TOKYO BRANCH
PEFSJPJM,PEFSJPJMXXX,PENSION FUND ASSOCIATION
PHSJJPJ1,PHSJJPJ1XXX,"PHILLIP SECURITIES JAPAN, LTD."
PICTJPJT,PICTJPJTXXX,PICTET ASSET MANAGEMENT (JAPAN) LTD
PIMJJPJ1,PIMJJPJ1XXX,"PGIM JAPAN CO., LTD"
PNBMJPJT,PNBMJPJTXXX,PHILIPPINE NATIONAL BANK TOKYO BRANCH
PNBPJPJX,PNBPJPJXXXX,"WELLS FARGO BANK, N.A., TOKYO BRANCH"
QBCPJPJT,QBCPJPJTXXX,"QUEEN BEE CAPITAL CO., LTD."
RAERJPJ1,RAERJPJ1XXX,"RAKUTEN SECURITIES, INC."
RAKMJPJ2,RAKMJPJ2XXX,"RAKUTEN INVESTMENT MANAGEMENT,INC."
RAKTJPJT,RAKTJPJTXXX,"RAKUTEN BANK, LTD."
RBDSJPJT,RBDSJPJTXXX,"RBC CAPITAL MARKETS (JAPAN) LTD., TOKYO"
REHDJPJ1,REHDJPJ1XXX,GS RENEWABLE HOLDINGS TK
REJAJPJ1,REJAJPJ1XXX,GS REALTY JAPAN
RESGJP22,RESGJP22XXX,"RESONA ASSET MANAGEMENT CO., LTD."
RIKBJPJT,RIKBJPJTXXX,"THE HOKURIKU BANK,LTD."
ROYCJPJT,ROYCJPJTXXX,ROYAL BANK OF CANADA
RYUBJPJZ,RYUBJPJZXXX,BANK OF THE RYUKYUS LIMITED
SAEEJPJ1,SAEEJPJ1XXX,"MUSASHI SECURITIES CO., LTD"
SAIBJPJT,SAIBJPJTXXX,"SAITAMA RESONA BANK, LIMITED"
SAIKJPJS,SAIKJPJSXXX,"THE SAIKYO BANK,LTD."
SAKBJPJ1,SAKBJPJ1XXX,"THE SAIKYO BANK,LTD."
SAUCJPJ1,SAUCJPJ1XXX,SAXO BANK SECURITIES LTD
SBFLJPJ1,SBFLJPJ1XXX,"SBI FXTRADE CO,LTD"
SBINJPJT,SBINJPJTOSA,STATE BANK OF INDIA
SBINJPJT,SBINJPJTXXX,STATE BANK OF INDIA
SBOSJPJX,SBOSJPJXXXX,"STATE STREET BANK AND TRUST COMPANY, TOKYO BRANCH"
SCBLJPJT,SCBLJPJTXXX,THE STANDARD CHARTERED BANK
SCNTJPJ1,SCNTJPJ1XXX,SAMSUNG C AND T JAPAN CORPORATION
SDAIJPJ1,SDAIJPJ1XXX,"MITSUBISHI UFJ SECURITIES HOLDINGS CO., LTD."
SEDAJPJ1,SEDAJPJ1XXX,DAISHIN SECURITIES CO. LTD
SEDIJPJ1,SEDIJPJ1XXX,"THE SENDAI BANK,LTD."
SESKJPJ1,SESKJPJ1001,THE SEIBU SHINKIN BANK
SESKJPJ1,SESKJPJ1002,THE SEIBU SHINKIN BANK
SESKJPJ1,SESKJPJ1003,THE SEIBU SHINKIN BANK
SESKJPJ1,SESKJPJ1004,THE SEIBU SHINKIN BANK
SESKJPJ1,SESKJPJ1005,THE SEIBU SHINKIN BANK
SESKJPJ1,SESKJPJ1006,THE SEIBU SHINKIN BANK
SESKJPJ1,SESKJPJ1007,THE SEIBU SHINKIN BANK
SESKJPJ1,SESKJPJ1008,THE SEIBU SHINKIN BANK
SESKJPJ1,SESKJPJ1009,THE SEIBU SHINKIN BANK
SESKJPJ1,SESKJPJ1010,THE SEIBU SHINKIN BANK
SESKJPJ1,SESKJPJ1021,THE SEIBU SHINKIN BANK
SESKJPJ1,SESKJPJ1022,THE SEIBU SHINKIN BANK
SESKJPJ1,SESKJPJ1023,THE SEIBU SHINKIN BANK
SESKJPJ1,SESKJPJ1024,THE SEIBU SHINKIN BANK
SESKJPJ1,SESKJPJ1025,THE SEIBU SHINKIN BANK
SESKJPJ1,SESKJPJ1026,THE SEIBU SHINKIN BANK
SESKJPJ1,SESKJPJ1027,THE SEIBU SHINKIN BANK
SESKJPJ1,SESKJPJ1028,THE SEIBU SHINKIN BANK
SESKJPJ1,SESKJPJ1029,THE SEIBU SHINKIN BANK
SESKJPJ1,SESKJPJ1030,THE SEIBU SHINKIN BANK
SESKJPJ1,SESKJPJ1031,THE SEIBU SHINKIN BANK
SESKJPJ1,SESKJPJ1032,THE SEIBU SHINKIN BANK
SESKJPJ1,SESKJPJ1033,THE SEIBU SHINKIN BANK
SESKJPJ1,SESKJPJ1034,THE SEIBU SHINKIN BANK
SESKJPJ1,SESKJPJ1035,THE SEIBU SHINKIN BANK
SESKJPJ1,SESKJPJ1036,THE SEIBU SHINKIN BANK
SESKJPJ1,SESKJPJ1037,THE SEIBU SHINKIN BANK
SESKJPJ1,SESKJPJ1038,THE SEIBU SHINKIN BANK
SESKJPJ1,SESKJPJ1039,THE SEIBU SHINKIN BANK
SESKJPJ1,SESKJPJ1040,THE SEIBU SHINKIN BANK
SESKJPJ1,SESKJPJ1041,THE SEIBU SHINKIN BANK
SESKJPJ1,SESKJPJ1042,THE SEIBU SHINKIN BANK
SESKJPJ1,SESKJPJ1043,THE SEIBU SHINKIN BANK
SESKJPJ1,SESKJPJ1044,THE SEIBU SHINKIN BANK
SESKJPJ1,SESKJPJ1045,THE SEIBU SHINKIN BANK
SESKJPJ1,SESKJPJ1046,THE SEIBU SHINKIN BANK
SESKJPJ1,SESKJPJ1047,THE SEIBU SHINKIN BANK
SESKJPJ1,SESKJPJ1048,THE SEIBU SHINKIN BANK
SESKJPJ1,SESKJPJ1049,THE SEIBU SHINKIN BANK
SESKJPJ1,SESKJPJ1050,THE SEIBU SHINKIN BANK
SESKJPJ1,SESKJPJ1051,THE SEIBU SHINKIN BANK
SESKJPJ1,SESKJPJ1101,THE SEIBU SHINKIN BANK
SESKJPJ1,SESKJPJ1102,THE SEIBU SHINKIN BANK
SESKJPJ1,SESKJPJ1103,THE SEIBU SHINKIN BANK
SESKJPJ1,SESKJPJ1104,THE SEIBU SHINKIN BANK
SESKJPJ1,SESKJPJ1105,THE SEIBU SHINKIN BANK
SESKJPJ1,SESKJPJ1106,THE SEIBU SHINKIN BANK
SESKJPJ1,SESKJPJ1107,THE SEIBU SHINKIN BANK
SESKJPJ1,SESKJPJ1108,THE SEIBU SHINKIN BANK
SESKJPJ1,SESKJPJ1111,THE SEIBU SHINKIN BANK
SESKJPJ1,SESKJPJ1114,THE SEIBU SHINKIN BANK
SESKJPJ1,SESKJPJ1117,THE SEIBU SHINKIN BANK
SESKJPJ1,SESKJPJ1141,THE SEIBU SHINKIN BANK
SESKJPJ1,SESKJPJ1142,THE SEIBU SHINKIN BANK
SESKJPJ1,SESKJPJ1144,THE SEIBU SHINKIN BANK
SESKJPJ1,SESKJPJ1145,THE SEIBU SHINKIN BANK
SESKJPJ1,SESKJPJ1147,THE SEIBU SHINKIN BANK
SESKJPJ1,SESKJPJ1149,THE SEIBU SHINKIN BANK
SESKJPJ1,SESKJPJ1151,THE SEIBU SHINKIN BANK
SESKJPJ1,SESKJPJ1157,THE SEIBU SHINKIN BANK
SESKJPJ1,SESKJPJ1158,THE SEIBU SHINKIN BANK
SESKJPJ1,SESKJPJ1159,THE SEIBU SHINKIN BANK
SESKJPJ1,SESKJPJ1160,THE SEIBU SHINKIN BANK
SESKJPJ1,SESKJPJ1161,THE SEIBU SHINKIN BANK
SESKJPJ1,SESKJPJ1162,THE SEIBU SHINKIN BANK
SESKJPJ1,SESKJPJ1163,THE SEIBU SHINKIN BANK
SESKJPJ1,SESKJPJ1164,THE SEIBU SHINKIN BANK
SESKJPJ1,SESKJPJ1165,THE SEIBU SHINKIN BANK
SESKJPJ1,SESKJPJ1166,THE SEIBU SHINKIN BANK
SESKJPJ1,SESKJPJ1167,THE SEIBU SHINKIN BANK
SESKJPJ1,SESKJPJ1168,THE SEIBU SHINKIN BANK
SESKJPJ1,SESKJPJ1169,THE SEIBU SHINKIN BANK
SESKJPJ1,SESKJPJ1170,THE SEIBU SHINKIN BANK
SESKJPJ1,SESKJPJ1171,THE SEIBU SHINKIN BANK
SESKJPJ1,SESKJPJ1XXX,THE SEIBU SHINKIN BANK
SGBKJPJT,SGBKJPJTMAT,THE SAN-IN GODO BANK LIMITED
SGBKJPJT,SGBKJPJTXXX,THE SAN-IN GODO BANK LIMITED
SGNPJPJT,SGNPJPJTXXX,SOCIETE GENERALE SECURITIES JAPAN LIMITED
SHBKJPJX,SHBKJPJXXXX,SHINHAN BANK
SHIAJPJ1,SHIAJPJ1XXX,"KIRAYAKA BANK,LTD."
SHIZJPJT,SHIZJPJTXXX,THE SHIZUOKA BANK LTD
SHMMJPJ1,SHMMJPJ1XXX,"THE SHIMANE BANK, LTD."
SHSKJPJ1,SHSKJPJ1XXX,"SHIN SECURITIES CO., LTD. SAKAMOTO"
SHTCJPJ1,SHTCJPJ1XXX,"SHINSEI TRUST AND BANKING CO.,LTD."
SHWAJPJT,SHWAJPJTXXX,"THE JUHACHI-SHINWA BANK, LTD."
SIEGJPJ1,SIEGJPJ1XXX,"LEADING SECURITIES CO.,LTD"
SIGAJPJT,SIGAJPJTXXX,THE SHIGA BANK LIMITED
SIKOJPJT,SIKOJPJTXXX,THE SHIKOKU BANK LTD
SINWJPJ1,SINWJPJ1XXX,"OKASAN NIIGATA SECURITIES CO., LTD"
SJNIJPJ1,SJNIJPJ1XXX,SOMPO JAPAN NIPPONKOA INSURANCE INC.
SKAMJPJ1,SKAMJPJ1XXX,"SHINKIN ASSET MANAGEMENT CO., LTD"
SKCKJPJT,SKCKJPJTXXX,"THE SHOKO CHUKIN BANK, LTD."
SKSCJPJ1,SKSCJPJ1XXX,"SHINKIN SECURITIES CO., LTD."
SKSNJPJT,SKSNJPJTXXX,"SBI OKASAN ASSET MANAGEMENT CO., LTD."
SLICJPJ1,SLICJPJ1XXX,SUMITOMO LIFE INSURANCE COMPANY
SLICJPJB,SLICJPJBXXX,SUMITOMO LIFE INSURANCE COMPANY
SLIDJPJ1,SLIDJPJ1XXX,"SONY LIFE INSURANCE CO.,LTD."
SMAMJPJ1,SMAMJPJ1XXX,"SUMITOMO MITSUI DS ASSET MANAGEMENT COMPANY, LIMITED"
SMAMJPJX,SMAMJPJXXXX,"SUMITOMO MITSUI DS ASSET MANAGEMENT COMPANY, LIMITED"
SMBCJPJT,SMBCJPJTCLS,SUMITOMO MITSUI BANKING CORPORATION (FORMERLY SUMITOMO BANK)
SMBCJPJT,SMBCJPJTOSA,SUMITOMO MITSUI BANKING CORPORATION (FORMERLY SUMITOMO BANK)
SMBCJPJT,SMBCJPJTXXX,SUMITOMO MITSUI BANKING CORPORATION (FORMERLY SUMITOMO BANK)
SMTCJPJ2,SMTCJPJ2BNK,SMBC TRUST BANK LTD.
SMTCJPJ2,SMTCJPJ2XXX,SMBC TRUST BANK LTD.
SMTCJPJT,SMTCJPJTXXX,SMBC TRUST BANK LTD.
SMTEJP22,SMTEJP22XXX,"SUMITOMO MITSUI TRUST ASSET MANAGEMENT CO., LTD."
SMTEJPJ2,SMTEJPJ2XXX,"SUMITOMO MITSUI TRUST ASSET MANAGEMENT CO., LTD."
SMTEJPJ3,SMTEJPJ3XXX,"SUMITOMO MITSUI TRUST ASSET MANAGEMENT CO., LTD."
SMTEJPJB,SMTEJPJBXXX,"SUMITOMO MITSUI TRUST ASSET MANAGEMENT CO., LTD."
SMTEJPJC,SMTEJPJCXXX,"SUMITOMO MITSUI TRUST ASSET MANAGEMENT CO., LTD."
SMZGJPJT,SMZGJPJTXXX,THE SHIMIZU BANK LIMITED
SNAIJPJT,SNAIJPJTXXX,THE SHONAI BANK LIMITED
SNYBJPJT,SNYBJPJTXXX,SONY BANK INC.
SOGEJPJT,SOGEJPJTXXX,SOCIETE GENERALE
SOLAJPJ1,SOLAJPJ1XXX,"LANDESBANK BADEN-WUERTTEMBERG, TOKYO"
SPAXJPJT,SPAXJPJTXXX,"SPARX ASSET MANAGEMENT CO., LTD."
SRFXJPJT,SRFXJPJTXXX,SURUGA BANK LTD.
SSBCJPJ1,SSBCJPJ1XXX,"CITIGROUP ASSET MANAGEMENT CO., LTD"
SSBKJPJZ,SSBKJPJZXXX,THE SETO SHINKIN BANK
SSCHJPJ1,SSCHJPJ1XXX,SCHRODER INVESTMENT MANAGEMENT (JAPAN) LIMITED
SSGAJP21,SSGAJP21XXX,"STATE STREET GLOBAL ADVISORS (JAPAN) CO., LTD."
SSGRJPJ1,SSGRJPJ1XXX,STATE STREET GLOBAL MARKETS (JAPAN)
SSHBJPJT,SSHBJPJTXXX,THE SUGAMO SHINKIN BANK
SSTBJPJX,SSTBJPJXGCX,STATE STREET TRUST AND BANKING CO. LTD.
SSTBJPJX,SSTBJPJXIMS,STATE STREET TRUST AND BANKING CO. LTD.
SSTBJPJX,SSTBJPJXINS,STATE STREET TRUST AND BANKING CO. LTD.
SSTBJPJX,SSTBJPJXITM,STATE STREET TRUST AND BANKING CO. LTD.
SSTBJPJX,SSTBJPJXMTP,STATE STREET TRUST AND BANKING CO. LTD.
SSTBJPJX,SSTBJPJXOTB,STATE STREET TRUST AND BANKING CO. LTD.
SSTBJPJX,SSTBJPJXXXX,STATE STREET TRUST AND BANKING CO. LTD.
STBCJPJ2,STBCJPJ2XXX,"SUMITOMO MITSUI TRUST BANK,LIMITED"
STBCJPJT,STBCJPJTCLS,"SUMITOMO MITSUI TRUST BANK,LIMITED"
STBCJPJT,STBCJPJTCUS,"SUMITOMO MITSUI TRUST BANK,LIMITED"
STBCJPJT,STBCJPJTSAD,"SUMITOMO MITSUI TRUST BANK,LIMITED"
STBCJPJT,STBCJPJTSBS,"SUMITOMO MITSUI TRUST BANK,LIMITED"
STBCJPJT,STBCJPJTXXX,"SUMITOMO MITSUI TRUST BANK,LIMITED"
SWHQJPJT,SWHQJPJTXXX,S.W.I.F.T. JAPAN LTD
TACBJPJT,TACBJPJTXXX,"TAIWAN COOPERATIVE BANK CO., LTD. TOKYO BRANCH"
TACHJPJ1,TACHJPJ1XXX,"TACHIBANA SECURITIES CO., LTD."
TAHSJPJ1,TAHSJPJ1XXX,"MITSUBISHI UFJ SECURITIES HOLDINGS CO.,LTD"
TAIHJPJ1,TAIHJPJ1XXX,"MITSUBISHI UFJ SECURITIES HOLDINGS CO., LTD"
TAIKJPJT,TAIKJPJTXXX,"THE TAIKO BANK, LTD."
TAKAJPJ1,TAKAJPJ1XXX,"TOKAI TOKYO SECURITIES CO., LTD"
TAMAJPJT,TAMAJPJTXXX,THE TAMA SHINKIN BANK
TAMCJPJ1,TAMCJPJ1XXX,"SUMITOMO MITSUI DS ASSET MANAGEMENT CO., LTD"
TCSBJPJ2,TCSBJPJ2XXX,"CUSTODY BANK OF JAPAN, LTD."
TCSBJPJT,TCSBJPJTXXX,"CUSTODY BANK OF JAPAN, LTD."
TDAMJPJ1,TDAMJPJ1XXX,"T AND D ASSET MANAGEMENT CO., LTD"
TDOMJPJ1,TDOMJPJ1XXX,TORONTO DOMINION BANK
TDSEJPJ1,TDSEJPJ1XXX,TORONTO-DOMINION SECURITIES INC.
TFSCJPJ1,TFSCJPJ1XXX,"TOKAI TOKYO SECURITIES CO., LTD"
TFUHJPJ1,TFUHJPJ1XXX,"UEDA TOTAN FOREX,LTD."
TIUDJPJ1,TIUDJPJ1XXX,"TOTAN ICAP CO., LTD"
TJLIJPJT,TJLIJPJTXXX,TAIJU LIFE INSURANCE COMPANY LTD
TJMAJPJZ,TJMAJPJZXXX,"THE TAJIMA BANK, LTD"
TKSBJPJZ,TKSBJPJZXXX,"THE TOKUSHIMA TAISHO BANK, LTD."
TKTSJPJT,TKTSJPJTXXX,"THE TOKYO TANSHI CO., LTD"
TMAJJPJT,TMAJJPJTXXX,"TOKIO MARINE ASSET MANAGEMENT CO., LTD."
TMAMJPJ1,TMAMJPJ1XXX,"MITSUBISHI UFJ KOKUSAI ASSET MANAGEMENT CO., LTD"
TMNFJPJ1,TMNFJPJ1XXX,"TOKIO MARINE AND NICHIDO FIRE INSURANCE CO., LTD."
TMTDJPJ1,TMTDJPJ1XXX,"AU KABUCOM SECURITIES CO., LTD"
TOCIJPJT,TOCIJPJTXXX,THE TOCHIGI BANK LTD.
TOHKJPJ1,TOHKJPJ1XXX,"THE TOHOKU BANK, LTD"
TOHOJPJT,TOHOJPJTXXX,THE TOHO BANK LTD
TOMAJPJZ,TOMAJPJZXXX,TOMATO BANK LIMITED
TOMIJPJT,TOMIJPJTXXX,"KIRABOSHI BANK, LTD."
TOSKJPJ1,TOSKJPJ1XXX,TONO SHINKIN BANK
TOWAJPJT,TOWAJPJTXXX,THE TOWA BANK LIMITED
TOWSJPJ1,TOWSJPJ1XXX,"MITSUBISHI UFJ SECURITIES HOLDINGS CO.,LTD."
TOYMJPJT,TOYMJPJTXXX,"THE BANK OF TOYAMA, LTD."
TRSDJPJ1,TRSDJPJ1XXX,"TRADERS SECURITIES CO.,LTD NO3"
TRWIJPJ1,TRWIJPJ1XXX,TRANSFERWISE JAPAN K.K.
TSBKJPJT,TSBKJPJTXXX,THE TOKYO STAR BANK LIMITED
TSIBJPJT,TSIBJPJTXXX,"TAISHIN INTERNATIONAL BANK CO., LTD"
TTDTJPJ1,TTDTJPJ1XXX,"TOTAN ICAP CO., LTD."
TTSEJPJT,TTSEJPJTXXX,TOKAI TOKYO SECURITIES CO. LTD
TYSCJPJ1,TYSCJPJ1XXX,TOYO SECURITIES CO LTD
TYSCJPJ2,TYSCJPJ2XXX,TOYO SECURITIES CO LTD
UBAFJPJX,UBAFJPJXXXX,U.B.A.F. - UNION DE BANQUES ARABES ET FRANCAISES TOKYO BRANCH
UBSAJPJT,UBSAJPJTXXX,UBS ASSET MANAGEMENT (JAPAN) LTD.
UBSTJPJ3,UBSTJPJ3SCI,"UBS SUMI TRUST WEALTH MANAGEMENT CO., LTD."
UBSTJPJ3,UBSTJPJ3XXX,"UBS SUMI TRUST WEALTH MANAGEMENT CO., LTD."
UBSWJPJ9,UBSWJPJ9XXX,"UBS SECURITIES JAPAN CO., LTD"
UBSWJPJK,UBSWJPJKXXX,UBS AG TOKYO BRANCH
UBSWJPJT,UBSWJPJTCLS,UBS AG TOKYO BRANCH
UBSWJPJT,UBSWJPJTSCI,UBS AG TOKYO BRANCH
UBSWJPJT,UBSWJPJTXXX,UBS AG TOKYO BRANCH
UEDAJPJ1,UEDAJPJ1XXX,"HACHIJUNI SECURITIES CO., LTD."
UNSCJPJ1,UNSCJPJ1XXX,"MITSUBISHI UFJ SECURITIES HOLDINGS CO.,LTD."
UOVBJPJT,UOVBJPJTXXX,"UNITED OVERSEAS BANK LTD, TOKYO BR."
USCOJPJ1,USCOJPJ1XXX,"UTSUNOMIYA SECURITIES CO., LTD."
UTSSJPJ1,UTSSJPJ1XXX,UTSUMIYA SECURITIES CO
UYTCJPJT,UYTCJPJTXXX,"UEDA YAGI TANSHI CO.,LTD"
VIOCJPJ2,VIOCJPJ2XXX,"VERTEX INVESTMENT SOLUTIONS CO.,LTD."
WOFJJPJ1,WOFJJPJ1XXX,WORLD FIRST JAPAN K.K.
XFKAJPJ1,XFKAJPJ1XXX,FUKUOKA STOCK EXCHANGE
XHIRJPJ1,XHIRJPJ1XXX,"TOKYO STOCK EXCHANGE, INC."
XKACJPJ1,XKACJPJ1XXX,KANSAI COMMODITIES EXCHANGE
XKGTJPJ1,XKGTJPJ1XXX,KOBE GOMU TORIHIKIJO (RUBBER EXCHANGE)
XKKTJPJ1,XKKTJPJ1XXX,KOBE KIITO TORIHIKIJO (RAW SILK EXCHANGE)
XKSTJPJ1,XKSTJPJ1XXX,KANMON SHOHIN TORIHIKIJO (COMMODITY EXCHANGE)
XKYOJPJ1,XKYOJPJ1XXX,"OSAKA EXCHANGE,INC"
XNGOJPJ1,XNGOJPJ1XXX,"NAGOYA STOCK EXCHANGE, INC."
XNIIJPJ1,XNIIJPJ1XXX,"TOKYO STOCK EXCHANGE, INC"
XOSEJPJ1,XOSEJPJ1XXX,OSAKA SECURITIES EXCHANGE
XOSMJPJ1,XOSMJPJ1XXX,OSAKA MERCANTILE EXCHANGE
XOSTJPJ1,XOSTJPJ1XXX,OSAKA SENI TORIHIKIJO (TEXTILE EXCH ANGE)
XSAPJPJ1,XSAPJPJ1XXX,SAPPORO SECURITIES EXCHANGE
XTAMJPJ1,XTAMJPJ1XXX,"TOKYO STOCK EXCHANGE, INC"
XTFFJPJ1,XTFFJPJ1XXX,"TOKYO INTERNATIONAL FINANCIAL FUTUR ES EXCHANGE, THE"
XTKSJPJ1,XTKSJPJ1XXX,TOKYO STOCK EXCHANGE INC
YAAEJPJ1,YAAEJPJ1XXX,YAMAWA SECURITIES CO
YAASJPJ1,YAASJPJ1XXX,YAMANI SECURITIES CO
YAHSJPJ1,YAHSJPJ1XXX,"AIZAWA SECURITIES CO.,LTD"
YAMBJPJT,YAMBJPJTXXX,THE YAMAGATA BANK LIMITED
YAMEJPJ1,YAMEJPJ1OSA,"MADISON SECURITIES CO., LTD"
YAMEJPJ1,YAMEJPJ1XXX,"MADISON SECURITIES CO., LTD"
YAMRJPJ1,YAMRJPJ1XXX,YAMAMARU SECURITIES CO LTD
YAMSJPJ1,YAMSJPJ1XXX,"MUSASHI SECURITIES CO., LTD."
YCHBJPJT,YCHBJPJTXXX,THE YAMANASHI CHUO BANK LIMITED
YCMCJPJ1,YCMCJPJ1XXX,"MEIJI YASUDA ASSET MANAGEMENT CO., LTD."
YMBKJPJT,YMBKJPJTXXX,THE YAMAGUCHI BANK LIMITED
YMGTJPJ1,YMGTJPJ1XXX,YAMAGATA SECURITIES CO.
YTBCJPJT,YTBCJPJTXXX,"MIZUHO TRUST AND BANKING CO.,"
YUTEJPJ1,YUTEJPJ1NGY,YUTAKA SECURITIES CO
YUTEJPJ1,YUTEJPJ1XXX,YUTAKA SECURITIES CO
ZENBJPJ2,ZENBJPJ2XXX,SHINKIN CENTRAL BANK
ZENBJPJT,ZENBJPJTXXX,SHINKIN CENTRAL BANK
ZENKJPJ1,ZENKJPJ1XXX,NATIONAL MUTUAL INSURANCE FEDERATION OF AGRICULTURAL COOPERATIVES
ZENKJPJJ,ZENKJPJJXXX,NATIONAL MUTUAL INSURANCE FEDERATION OF AGRICULTURAL COOPERATIVES
ZSFBJPJ1,ZSFBJPJ1XXX,THE SHINKUMI FEDERATION BANK
ZSFBJPJT,ZSFBJPJTXXX,THE SHINKUMI FEDERATION BANK
