bic_8,bic,bank
ACDPCOB1,ACDPCOB1XXX,ADMINISTRADORA COLOMBIANA DE PENSIONES
ACVRCOB1,ACVRCOB1XXX,ACCIONES Y VALORES S.A.
AFESCOBM,AFESCOBMXXX,ADMINISTRADORA DE FONDOS DE PENSIONES Y CESANTIA PROTECCION S.A.
AFIUCOBB,AFIUCOBBXXX,ALIANZA FIDUCIARIA S.A.
AVCBCOB1,AVCBCOB1XXX,ALIANZA VALORES COMISIONISTA DE BOLSA S.A
BATSCOB1,BATSCOB1XXX,BRITISH AMERICAN TOBACCO COLOMBIA S.A.S.
BAVICOBB,BAVICOBBXXX,BANCO COMERCIAL AV VILLAS S.A.
BBOGCOBB,BBOGCOBBADZ,BANCO DE BOGOTA
BBOGCOBB,BBOGCOBBBAQ,BANCO DE BOGOTA
BBOGCOBB,BBOGCOBBBGA,BANCO DE BOGOTA
BBOGCOBB,BBOGCOBBBO1,BANCO DE BOGOTA
BBOGCOBB,BBOGCOBBCL1,BANCO DE BOGOTA
BBOGCOBB,BBOGCOBBCTG,BANCO DE BOGOTA
BBOGCOBB,BBOGCOBBCUC,BANCO DE BOGOTA
BBOGCOBB,BBOGCOBBMD1,BANCO DE BOGOTA
BBOGCOBB,BBOGCOBBMZ1,BANCO DE BOGOTA
BBOGCOBB,BBOGCOBBPEI,BANCO DE BOGOTA
BBOGCOBB,BBOGCOBBXXX,BANCO DE BOGOTA
BCEXCOBB,BCEXCOBBXXX,BANCO DE COMERCIO EXTERIOR DE COLOMBIA S.A.
BCTOCOBB,BCTOCOBBBAQ,ITAU COLOMBIA S.A.
BCTOCOBB,BCTOCOBBCL1,ITAU COLOMBIA S.A.
BCTOCOBB,BCTOCOBBMD1,ITAU COLOMBIA S.A.
BCTOCOBB,BCTOCOBBXXX,ITAU COLOMBIA S.A.
BNPACOBB,BNPACOBBB2S,BNP PARIBAS COLOMBIA CORPORACION FINANCIERA S.A.
BNPACOBB,BNPACOBBCHL,BNP PARIBAS COLOMBIA CORPORACION FINANCIERA S.A.
BNPACOBB,BNPACOBBCLP,BNP PARIBAS COLOMBIA CORPORACION FINANCIERA S.A.
BNPACOBB,BNPACOBBMXN,BNP PARIBAS COLOMBIA CORPORACION FINANCIERA S.A.
BNPACOBB,BNPACOBBPEN,BNP PARIBAS COLOMBIA CORPORACION FINANCIERA S.A.
BNPACOBB,BNPACOBBXXX,BNP PARIBAS COLOMBIA CORPORACION FINANCIERA S.A.
BPABCOBB,BPABCOBBXXX,BANCO BTG PACTUAL COLOMBIA S.A.
BPOPCOBB,BPOPCOBBADZ,BANCO POPULAR SA - COLOMBIA
BPOPCOBB,BPOPCOBBAXM,BANCO POPULAR SA - COLOMBIA
BPOPCOBB,BPOPCOBBBAQ,BANCO POPULAR SA - COLOMBIA
BPOPCOBB,BPOPCOBBBGA,BANCO POPULAR SA - COLOMBIA
BPOPCOBB,BPOPCOBBBO1,BANCO POPULAR SA - COLOMBIA
BPOPCOBB,BPOPCOBBBO2,BANCO POPULAR SA - COLOMBIA
BPOPCOBB,BPOPCOBBBO3,BANCO POPULAR SA - COLOMBIA
BPOPCOBB,BPOPCOBBCL1,BANCO POPULAR SA - COLOMBIA
BPOPCOBB,BPOPCOBBCTG,BANCO POPULAR SA - COLOMBIA
BPOPCOBB,BPOPCOBBIBE,BANCO POPULAR SA - COLOMBIA
BPOPCOBB,BPOPCOBBMD1,BANCO POPULAR SA - COLOMBIA
BPOPCOBB,BPOPCOBBMZ1,BANCO POPULAR SA - COLOMBIA
BPOPCOBB,BPOPCOBBPEI,BANCO POPULAR SA - COLOMBIA
BPOPCOBB,BPOPCOBBXXX,BANCO POPULAR SA - COLOMBIA
BREPCOBB,BREPCOBBXXX,BANCO DE LA REPUBLICA
BRMBCOB1,BRMBCOB1XXX,BTG PACTUAL S.A. COMISIONISTA DE BOLSA
BSSCCOBB,BSSCCOBBXXX,S3 CACEIS COLOMBIA S.A. SOCIEDAD FIDUCIARIA
BSUDCOBB,BSUDCOBBBAQ,BANCO GNB SUDAMERIS S.A.
BSUDCOBB,BSUDCOBBBGA,BANCO GNB SUDAMERIS S.A.
BSUDCOBB,BSUDCOBBCL1,BANCO GNB SUDAMERIS S.A.
BSUDCOBB,BSUDCOBBCTG,BANCO GNB SUDAMERIS S.A.
BSUDCOBB,BSUDCOBBMD1,BANCO GNB SUDAMERIS S.A.
BSUDCOBB,BSUDCOBBMZ1,BANCO GNB SUDAMERIS S.A.
BSUDCOBB,BSUDCOBBXXX,BANCO GNB SUDAMERIS S.A.
CAFECOBB,CAFECOBBBAQ,BANCO DAVIVIENDA S.A.
CAFECOBB,CAFECOBBCL1,BANCO DAVIVIENDA S.A.
CAFECOBB,CAFECOBBMD1,BANCO DAVIVIENDA S.A.
CAFECOBB,CAFECOBBXXX,BANCO DAVIVIENDA S.A.
CAHVCOB1,CAHVCOB1XXX,BANCO COMERCIAL AV VILLAS S.A.
CASOCOBB,CASOCOBBXXX,BANCO CAJA SOCIAL S.A.
CBBACOB1,CBBACOB1XXX,ITAU UNIBANCO S.A
CBLACOB2,CBLACOB2XXX,CASA DE BOLSA S.A. SOCIEDAD COMISIONISTA DE BOLSA
CCAICOBB,CCAICOBBXXX,BANCO AGRARIO DE COLOMBIA S.A.
CCDCCOBB,CCDCCOBBXXX,CAMARA DE RIESGO CENTRAL DE CONTRAPARTE DE COLOMBIA S.A.
CFALCOB1,CFALCOB1XXX,BANCO DE OCCIDENTE
CFCACOB1,CFCACOB10B2,CORPORACION FINANCIERA DE CALDAS SA
CFCACOB1,CFCACOB10BB,CORPORACION FINANCIERA DE CALDAS SA
CFCACOB1,CFCACOB10BC,CORPORACION FINANCIERA DE CALDAS SA
CFCACOB1,CFCACOB10BM,CORPORACION FINANCIERA DE CALDAS SA
CFCACOB1,CFCACOB1XXX,CORPORACION FINANCIERA DE CALDAS SA
CFOPCOB1,CFOPCOB1XXX,CORPORACION FINANCIERA DE OCCIDENTE S.A.
CFPRCOB1,CFPRCOB10BC,PROGRESO CORPORACION FINANCIERA S.A
CFPRCOB1,CFPRCOB1XXX,PROGRESO CORPORACION FINANCIERA S.A
CFVACOBC,CFVACOBCBAQ,CORPORACION FINANCIERA COLOMBIANA S.A.
CFVACOBC,CFVACOBCBO1,CORPORACION FINANCIERA COLOMBIANA S.A.
CFVACOBC,CFVACOBCCL1,CORPORACION FINANCIERA COLOMBIANA S.A.
CFVACOBC,CFVACOBCFXO,CORPORACION FINANCIERA COLOMBIANA S.A.
CFVACOBC,CFVACOBCMD1,CORPORACION FINANCIERA COLOMBIANA S.A.
CFVACOBC,CFVACOBCXXX,CORPORACION FINANCIERA COLOMBIANA S.A.
CGAGCOB1,CGAGCOB1XXX,BANCO BILBAO VIZCAYA ARGENTARIA COLOMBIA S.A.
CHASCOBB,CHASCOBBFIA,BANCO J.P. MORGAN COLOMBIA S.A.
CHASCOBB,CHASCOBBLIM,BANCO J.P. MORGAN COLOMBIA S.A.
CHASCOBB,CHASCOBBMAC,BANCO J.P. MORGAN COLOMBIA S.A.
CHASCOBB,CHASCOBBWSP,BANCO J.P. MORGAN COLOMBIA S.A.
CHASCOBB,CHASCOBBXXX,BANCO J.P. MORGAN COLOMBIA S.A.
CITICO21,CITICO21XXX,CITIBANK-COLOMBIA
CITICOBB,CITICOBBXXX,CITIBANK COLOMBIA
CLTECOBM,CLTECOBMXXX,COLTEFINANCIERA S.A. COMPANIA DE FINANCIAMIENTO COMERCIAL
CNAACOB1,CNAACOB1XXX,BANCOLOMBIA S.A.
COFUCOB1,COFUCOB1XXX,BANCO DE OCCIDENTE
COLOCOBM,COLOCOBMBAQ,BANCOLOMBIA S.A.
COLOCOBM,COLOCOBMBGA,BANCOLOMBIA S.A.
COLOCOBM,COLOCOBMCL1,BANCOLOMBIA S.A.
COLOCOBM,COLOCOBMCTG,BANCOLOMBIA S.A.
COLOCOBM,COLOCOBMMD1,BANCOLOMBIA S.A.
COLOCOBM,COLOCOBMPEI,BANCOLOMBIA S.A.
COLOCOBM,COLOCOBMXXX,BANCOLOMBIA S.A.
COLPCOBB,COLPCOBBXXX,BANCO DAVIBANK S.A.
CORFCOB1,CORFCOB1XXX,CORPORACION FINANCIERA COLOMBIANA S A.
COZSCOBB,COZSCOBBXXX,ALLIANZ SEGUROS S.A.
CPOACOB1,CPOACOB1XXX,SCOTIABANK COLPATRIA S.A.
CRRDCOBB,CRRDCOBBXXX,CORREDORES DAVIVIENDA S.A. COMISIONISTA DE BOLSA
CRVLCOBB,CRVLCOBBCOF,CREDICORP CAPITAL COLOMBIA S.A.
CRVLCOBB,CRVLCOBBFID,CREDICORP CAPITAL COLOMBIA S.A.
CRVLCOBB,CRVLCOBBXXX,CREDICORP CAPITAL COLOMBIA S.A.
CTRUCOB1,CTRUCOB1XXX,CITITRUST COLOMBIA S A SOCIEDAD FIDUCIARIA
DCVCCOB1,DCVCCOB1XXX,DEPOSITO CENTRAL DE VALORES (DCV)
DCVDCOB1,DCVDCOB1XXX,DEPOSITO CENTRALIZADO DE VALORES DE COLOMBIA S.A.
FALACOBT,FALACOBTXXX,BANCO FALABELLA SA
FBBVCOBB,FBBVCOBBXXX,BBVA ASSET MANAGEMENT S.A. SOCIEDAD FIDUCIARIA
FBOGCOBB,FBOGCOBBXXX,AVAL FIDUCIARIA S.A.
FCOICOBB,FCOICOBBXXX,AVAL FIDUCIARIA S.A.
FDBCCOBM,FDBCCOBMXXX,FIDUCIARIA BANCOLOMBIA S.A.
FENSCOBB,FENSCOBBXXX,FINANCIERA DE DESARROLLO NACIONAL S.A.
FIACCOB1,FIACCOB1XXX,COOPERATIVA FINANCIERA DE ANTIOQUIA CFA AGENCIA BOGOTA
FLARCOBB,FLARCOBBXXX,FONDO LATINOAMERICANO DE RESERVAS
FLARCOBG,FLARCOBGXXX,FONDO LATINOAMERICANO DE RESERVAS
FOARCOB1,FOARCOB1XXX,FONDO LATINOAMERICANO DE RESERVAS
FOGICOBB,FOGICOBBXXX,FONDO DE GARANTIAS DE INSTITUCIONES FINANCIERAS
FRIPCOB1,FRIPCOB1XXX,FITCH RATINGS COLOMBIA
GEROCOBB,GEROCOBBBO1,BANCO BILBAO VIZCAYA ARGENTARIA COLOMBIA S.A.
GEROCOBB,GEROCOBBXXX,BANCO BILBAO VIZCAYA ARGENTARIA COLOMBIA S.A.
GSCBCOB1,GSCBCOB1XXX,GLOBAL SECURITIES S.A. COMISIONISTA DE BOLSA
GYDVCOBC,GYDVCOBCXXX,BANCO UNION S.A.
LVCCCOB1,LVCCCOB1XXX,LARRAIN VIAL COLOMBIA S.A. COMISIONISTA DE BOLSA
OCCICOBC,OCCICOBCADZ,BANCO DE OCCIDENTE S.A.
OCCICOBC,OCCICOBCBAQ,BANCO DE OCCIDENTE S.A.
OCCICOBC,OCCICOBCBGA,BANCO DE OCCIDENTE S.A.
OCCICOBC,OCCICOBCBO2,BANCO DE OCCIDENTE S.A.
OCCICOBC,OCCICOBCCL1,BANCO DE OCCIDENTE S.A.
OCCICOBC,OCCICOBCCTG,BANCO DE OCCIDENTE S.A.
OCCICOBC,OCCICOBCMD4,BANCO DE OCCIDENTE S.A.
OCCICOBC,OCCICOBCXXX,BANCO DE OCCIDENTE S.A.
PICHCOBB,PICHCOBBXXX,BANCO PICHINCHA S.A.
PORVCOBB,PORVCOBBXXX,PORVENIR S.A.
SABMCOB1,SABMCOB1BAV,BAVARIA SA
SABMCOB1,SABMCOB1CDV,BAVARIA SA
SABMCOB1,SABMCOB1CUN,BAVARIA SA
SABMCOB1,SABMCOB1IND,BAVARIA SA
SABMCOB1,SABMCOB1XXX,BAVARIA SA
SANTCOBB,SANTCOBBXXX,BANCO SANTANDER DE NEGOCIOS COLOMBIA S.A.
SERZCOBB,SERZCOBBXXX,BANCO SERFINANZA S.A.
SUVACOB1,SUVACOB1XXX,VALORES BANCOLOMBIA S.A. COMISIONISTA DE BOLSA
VABCCOBM,VABCCOBMXXX,VALORES BANCOLOMBIA S.A. COMISIONISTA DE BOLSA
VYCSCOB1,VYCSCOB1XXX,VYPE COLOMBIA S.A.S
XBOGCOB1,XBOGCOB1XXX,BOLSA DE VALORES DE COLUMBIA S.A.
