bic_8,bic,bank
AAMAESMM,AAMAESMMXXX,ANDBANK WEALTH MANAGEMENT SGIIC SA
AARBESM1,AARBESM1XXX,"AAREAL BANK AG, MADRID BRANCH"
ABABESM1,ABABESM1XXX,A.B. ASESORES BURSATILES
ACAGESMM,ACAGESMMXXX,ATRADIUS CREDITO Y CAUCION S.A. DE SEGUROS Y REASEGUROS
ACDAES21,ACDAES21XXX,AXESOR CONOCER PARA DECIDIR SA
ACSVESB1,ACSVESB1XXX,"ACA, S.A. SOCIEDAD DE VALORES"
AEEVESM1,AEEVESM1XXX,OFICINA DE REPRESENTACION EN ESPANA DEL BANCO DE LAS ACTIVIDADES ECONOMICAS EXTERIORES DE LA URSS
AGRIESB1,AGRIESB1XXX,CAISSE REGIONALE DE CREDIT AGRICOLE MUTUEL SUD MEDITERRANEE ARIEGE ET PYRENEES ORIENTALES BRANCH IN SPAIN
AGRIESMM,AGRIESMMXXX,"CA INDOSUEZ WEALTH (EUROPE), SUCURSAL EN ESPANA"
AHPAES21,AHPAES21XXX,"ALHAMBRA PARTNERS, S.V, S.A"
ALACESM1,ALACESM1XXX,BANCO DE ALBACETE S.A.
ALCIESM1,ALCIESM1XXX,RENTA 4 BANCO SA
ALCLESMM,ALCLESMM015,BANCO ALCALA S.A.
ALCLESMM,ALCLESMMXXX,BANCO ALCALA S.A.
ALLFESMM,ALLFESMMXXX,ALLFUNDS BANK
AREBESMM,AREBESMMXXX,ARESBANK S.A
ARGCES21,ARGCES21XXX,DIPUTACION GENERAL DE ARAGON
ARGEESB1,ARGEESB1XXX,ARQUIGEST SA SOCIEDAD GESTORA DE INSTITUCIONES DE INVERSION COLECTIVA
ASGSESMM,ASGSESMMXXX,ABANTE ASESORES GESTION SGIIC SA
ASOCESM1,ASOCESM1XXX,"JL CONTRERAS Y ASOCIADOS, S.A."
ASSVESM1,ASSVESM1XXX,AURIGA GLOBAL INVESTORS SOCIEDAD DE VALORES S.A.
ATBEESM1,ATBEESM1XXX,"ALL TRADING EUROPE ASSETS AND MARKETS, SOCIEDAD DE VALORES SA"
ATCVESM1,ATCVESM1XXX,"ATL 12 CAPITAL INVERSIONES AV, SA"
AVSVESB2,AVSVESB2XXX,"ACTIVOTRADE VALORES SOCIEDAD DE VALORES, S.A."
AXAVES21,AXAVES21XXX,"AXA VIDA, SOCIEDAD ANONIMA DE SEGUROS Y REASEGUROS"
AXIPESBB,AXIPESBBMPS,"AXA SEGUROS GENERALES, S.A. DE SEGUROS Y REASEGUROS"
AXIPESBB,AXIPESBBXXX,"AXA SEGUROS GENERALES, S.A. DE SEGUROS Y REASEGUROS"
AXMSESB1,AXMSESB1XXX,AXA MEDITERRANEAN SERVICES
AYGBESMM,AYGBESMMXXX,"A AND G BANCO, S.A.U."
BACAESMM,BACAESMMXXX,"MYINVESTOR BANCO, S.A."
BAEMESM1,BAEMESM1XXX,CACEIS BANK SPAIN SA
BAOFESM1,BAOFESM1XXX,CBNK BANCO DE COLECTIVOS S.A.
BAPUES22,BAPUES22XXX,"BANCA PUEYO, S.A."
BAROESM1,BAROESM1XXX,BANCO BILBAO VIZCAYA ARGENTARIA SOCIEDAD ANONIMA
BASKES2B,BASKES2BXXX,"KUTXABANK, S.A."
BBFIES21,BBFIES21XXX,BBV BANCO DE FINANCIACION S.A.
BBGEESM1,BBGEESM1XXX,BBVA ASSET MANAGEMENT SA SGIIC
BBRUESMX,BBRUESMXXXX,"ING BANK NV, SPANISH BRANCH"
BBSGESM1,BBSGESM1XXX,BBVASEGUROS SOCIEDAD ANONIMA DE SEGUROS Y REASEGUROS
BBVAESM1,BBVAESM1CTM,BANCO BILBAO VIZCAYA ARGENTARIA S.A
BBVAESM1,BBVAESM1CTX,BANCO BILBAO VIZCAYA ARGENTARIA S.A
BBVAESM1,BBVAESM1OPV,BANCO BILBAO VIZCAYA ARGENTARIA S.A
BBVAESM1,BBVAESM1RMS,BANCO BILBAO VIZCAYA ARGENTARIA S.A
BBVAESM1,BBVAESM1XXX,BANCO BILBAO VIZCAYA ARGENTARIA S.A
BBVAESMA,BBVAESMAXXX,BANCO BILBAO VIZCAYA ARGENTARIA S.A
BBVAESMM,BBVAESMM062,BANCO BILBAO VIZCAYA ARGENTARIA S.A
BBVAESMM,BBVAESMM101,BANCO BILBAO VIZCAYA ARGENTARIA S.A
BBVAESMM,BBVAESMMBA2,BANCO BILBAO VIZCAYA ARGENTARIA S.A
BBVAESMM,BBVAESMMBAG,BANCO BILBAO VIZCAYA ARGENTARIA S.A
BBVAESMM,BBVAESMMBOL,BANCO BILBAO VIZCAYA ARGENTARIA S.A
BBVAESMM,BBVAESMMCBF,BANCO BILBAO VIZCAYA ARGENTARIA S.A
BBVAESMM,BBVAESMMCFI,BANCO BILBAO VIZCAYA ARGENTARIA S.A
BBVAESMM,BBVAESMMCMP,BANCO BILBAO VIZCAYA ARGENTARIA S.A
BBVAESMM,BBVAESMMFXD,BANCO BILBAO VIZCAYA ARGENTARIA S.A
BBVAESMM,BBVAESMMHYD,BANCO BILBAO VIZCAYA ARGENTARIA S.A
BBVAESMM,BBVAESMMRE1,BANCO BILBAO VIZCAYA ARGENTARIA S.A
BBVAESMM,BBVAESMMREL,BANCO BILBAO VIZCAYA ARGENTARIA S.A
BBVAESMM,BBVAESMMSPV,BANCO BILBAO VIZCAYA ARGENTARIA S.A
BBVAESMM,BBVAESMMXXX,BANCO BILBAO VIZCAYA ARGENTARIA S.A
BCCAESMM,BCCAESMMXXX,BANCO DE CREDITO SOCIAL COOPERATIVO S.A.
BCDMESMM,BCDMESMMXXX,BANQUE CHAABI DU MAROC SUCURSAL ESPANA
BCITESMM,BCITESMMXXX,INTESA SANPAOLO S.P.A. MADRID
BCMAESMM,BCMAESMMTGT,ATTIJARIWAFA BANK EUROPE SUCURSAL EN ESPANA SA
BCMAESMM,BCMAESMMTPS,ATTIJARIWAFA BANK EUROPE SUCURSAL EN ESPANA SA
BCMAESMM,BCMAESMMXXX,ATTIJARIWAFA BANK EUROPE SUCURSAL EN ESPANA SA
BCNDESM1,BCNDESM1XXX,"BANCO DE DEPOSITOS, S.A."
BCOEESMM,BCOEESMM001,BANCO COOPERATIVO ESPANOL
BCOEESMM,BCOEESMM005,BANCO COOPERATIVO ESPANOL
BCOEESMM,BCOEESMM007,BANCO COOPERATIVO ESPANOL
BCOEESMM,BCOEESMM008,BANCO COOPERATIVO ESPANOL
BCOEESMM,BCOEESMM009,BANCO COOPERATIVO ESPANOL
BCOEESMM,BCOEESMM016,BANCO COOPERATIVO ESPANOL
BCOEESMM,BCOEESMM017,BANCO COOPERATIVO ESPANOL
BCOEESMM,BCOEESMM018,BANCO COOPERATIVO ESPANOL
BCOEESMM,BCOEESMM020,BANCO COOPERATIVO ESPANOL
BCOEESMM,BCOEESMM023,BANCO COOPERATIVO ESPANOL
BCOEESMM,BCOEESMM059,BANCO COOPERATIVO ESPANOL
BCOEESMM,BCOEESMM060,BANCO COOPERATIVO ESPANOL
BCOEESMM,BCOEESMM067,BANCO COOPERATIVO ESPANOL
BCOEESMM,BCOEESMM070,BANCO COOPERATIVO ESPANOL
BCOEESMM,BCOEESMM076,BANCO COOPERATIVO ESPANOL
BCOEESMM,BCOEESMM080,BANCO COOPERATIVO ESPANOL
BCOEESMM,BCOEESMM085,BANCO COOPERATIVO ESPANOL
BCOEESMM,BCOEESMM089,BANCO COOPERATIVO ESPANOL
BCOEESMM,BCOEESMM096,BANCO COOPERATIVO ESPANOL
BCOEESMM,BCOEESMM098,BANCO COOPERATIVO ESPANOL
BCOEESMM,BCOEESMM104,BANCO COOPERATIVO ESPANOL
BCOEESMM,BCOEESMM111,BANCO COOPERATIVO ESPANOL
BCOEESMM,BCOEESMM113,BANCO COOPERATIVO ESPANOL
BCOEESMM,BCOEESMM115,BANCO COOPERATIVO ESPANOL
BCOEESMM,BCOEESMM117,BANCO COOPERATIVO ESPANOL
BCOEESMM,BCOEESMM127,BANCO COOPERATIVO ESPANOL
BCOEESMM,BCOEESMM130,BANCO COOPERATIVO ESPANOL
BCOEESMM,BCOEESMM134,BANCO COOPERATIVO ESPANOL
BCOEESMM,BCOEESMM138,BANCO COOPERATIVO ESPANOL
BCOEESMM,BCOEESMM144,BANCO COOPERATIVO ESPANOL
BCOEESMM,BCOEESMM150,BANCO COOPERATIVO ESPANOL
BCOEESMM,BCOEESMM159,BANCO COOPERATIVO ESPANOL
BCOEESMM,BCOEESMM162,BANCO COOPERATIVO ESPANOL
BCOEESMM,BCOEESMM166,BANCO COOPERATIVO ESPANOL
BCOEESMM,BCOEESMM174,BANCO COOPERATIVO ESPANOL
BCOEESMM,BCOEESMM187,BANCO COOPERATIVO ESPANOL
BCOEESMM,BCOEESMM190,BANCO COOPERATIVO ESPANOL
BCOEESMM,BCOEESMM191,BANCO COOPERATIVO ESPANOL
BCOEESMM,BCOEESMMRVN,BANCO COOPERATIVO ESPANOL
BCOEESMM,BCOEESMMXXX,BANCO COOPERATIVO ESPANOL
BDEPESM1,BDEPESM1XXX,BANCO DE DEPOSITOS
BECKESM1,BECKESM1XXX,"BAER, CROSBY AND PIKE, A.V., S.A."
BEDFESM1,BEDFESM1XXX,MORABANC SA
BEERESM1,BEERESM1XXX,"BESTINVER SOCIEDAD DE VALORES, S.A."
BFIVESBB,BFIVESBBRFP,"BANCO MEDIOLANUM, S.A"
BFIVESBB,BFIVESBBXXX,"BANCO MEDIOLANUM, S.A"
BGESESMM,BGESESMMXXX,BESTINVER GESTION SA GESTORA DE INSTITUCIONES DE INVERSION COLECTIVA
BGSAESMM,BGSAESMMXXX,BANKINTER GESTION DE ACTIVOS SA SGIIC
BINAES22,BINAES22XXX,MORABANC SA
BKBKESMM,BKBKESMMALI,"BANKINTER, S.A"
BKBKESMM,BKBKESMMBAC,"BANKINTER, S.A"
BKBKESMM,BKBKESMMBAR,"BANKINTER, S.A"
BKBKESMM,BKBKESMMBIL,"BANKINTER, S.A"
BKBKESMM,BKBKESMMFON,"BANKINTER, S.A"
BKBKESMM,BKBKESMMLPS,"BANKINTER, S.A"
BKBKESMM,BKBKESMMMAL,"BANKINTER, S.A"
BKBKESMM,BKBKESMMMUR,"BANKINTER, S.A"
BKBKESMM,BKBKESMMNAV,"BANKINTER, S.A"
BKBKESMM,BKBKESMMPAL,"BANKINTER, S.A"
BKBKESMM,BKBKESMMSAN,"BANKINTER, S.A"
BKBKESMM,BKBKESMMSEV,"BANKINTER, S.A"
BKBKESMM,BKBKESMMSSE,"BANKINTER, S.A"
BKBKESMM,BKBKESMMTEN,"BANKINTER, S.A"
BKBKESMM,BKBKESMMVAL,"BANKINTER, S.A"
BKBKESMM,BKBKESMMVIG,"BANKINTER, S.A"
BKBKESMM,BKBKESMMXXX,"BANKINTER, S.A"
BKBKESMM,BKBKESMMZAR,"BANKINTER, S.A"
BMARES2M,BMARES2MXXX,BANCA MARCH S.A
BMCEESMM,BMCEESMMXXX,"BANK OF AFRICA EUROPE, SAU"
BMEUESM1,BMEUESM1XXX,BMCE EUROSERVICES
BMPBESMM,BMPBESMMXXX,UNICREDIT NV/SA SUCURSAL EN ESPANA
BMTEESMM,BMTEESMMXXX,BME POST TRADE SERVICES SA
BNACESM1,BNACESM1XXX,NATIONAL BANK OF CUBA SA
BNLIESM1,BNLIESM1XXX,"BANCA NAZIONALE DEL LAVORO, S.P.A."
BNPAESM2,BNPAESM2GCC,BANCO CETELEM S.A.U.
BNPAESM2,BNPAESM2XXX,BANCO CETELEM S.A.U.
BNPAESMH,BNPAESMHXXX,BNP PARIBAS S.A. SUCURSAL EN ESPANA
BNPAESMS,BNPAESMSXXX,BNP PARIBAS S.A. SUCURSAL EN ESPANA
BNXTESM2,BNXTESM2XXX,"BNEXT ELECTRONIC ISSUER, EDE, S.L."
BOCAES21,BOCAES21XXX,"BANCO CANARIAS DE VENEZUELA, BANCO UNIVERSAL CA"
BOFAES2X,BOFAES2XFIC,"BANK OF AMERICA EUROPE DESIGNATED ACTIVITY COMPANY, MADRID BRANCH"
BOFAES2X,BOFAES2XVAM,"BANK OF AMERICA EUROPE DESIGNATED ACTIVITY COMPANY, MADRID BRANCH"
BOFAES2X,BOFAES2XXXX,"BANK OF AMERICA EUROPE DESIGNATED ACTIVITY COMPANY, MADRID BRANCH"
BPAVESM1,BPAVESM1XXX,BBVASEGUROS SOCIEDAD ANONIMA DE SEGUROS Y REASEGUROS
BPFDES21,BPFDES21XXX,SOCIEDAD PROMOTORA BILBAO PLAZA FINANCIERA SA
BPLCESMM,BPLCESMMXXX,"BARCLAYS BANK IRELAND PLC, SUCURSAL EN ESPANA"
BPPOESM1,BPPOESM1XXX,BANCO PRIVADO PORTUGUES S.A. SUCURSAL EN ESPANA
BRASESB1,BRASESB1XXX,BANCO DO BRASIL S.A.
BSABESBB,BSABESBBBME,"BANCO DE SABADELL, S.A"
BSABESBB,BSABESBBDIN,"BANCO DE SABADELL, S.A"
BSABESBB,BSABESBBEAG,"BANCO DE SABADELL, S.A"
BSABESBB,BSABESBBXXX,"BANCO DE SABADELL, S.A"
BSCHESMG,BSCHESMGXXX,BANCO SANTANDER S.A
BSCHESMM,BSCHESMM1SG,BANCO SANTANDER S.A
BSCHESMM,BSCHESMMAGE,BANCO SANTANDER S.A
BSCHESMM,BSCHESMMBME,BANCO SANTANDER S.A
BSCHESMM,BSCHESMMCLS,BANCO SANTANDER S.A
BSCHESMM,BSCHESMMGET,BANCO SANTANDER S.A
BSCHESMM,BSCHESMMGTS,BANCO SANTANDER S.A
BSCHESMM,BSCHESMMSIC,BANCO SANTANDER S.A
BSCHESMM,BSCHESMMXXX,BANCO SANTANDER S.A
BSSSES21,BSSSES21XXX,SANTANDER BANCO EMISIONES.TERCEROS OPENBANK
BSSSES31,BSSSES31XXX,SANTANDER SECURITIES SERVICES SA
BSSSESM2,BSSSESM2REP,CACEIS BANK SPAIN SAU
BSSSESM2,BSSSESM2XXX,CACEIS BANK SPAIN SAU
BSUDESM1,BSUDESM1XXX,REPRESENTACION EN ESPANA DEL BANQUE SUDAMERIS
BSUIESMM,BSUIESMMXXX,CREDIT AGRICOLE CIB
BUIIESB1,BUIIESB1XXX,BUCEFALIA INVERSIONES SICAV SA
BUNQESM2,BUNQESM2XXX,BUNQ BV SUCURSAL EN ESPANA
CADRESM1,CADRESM1XXX,"M AND B CAPITAL ADVISERS S.V., S.A."
CAGCES21,CAGCES21XXX,XUNTA DE GALICIA
CAGLESMM,CAGLESMMBAC,"ABANCA CORPORACION BANCARIA, S.A."
CAGLESMM,CAGLESMMBME,"ABANCA CORPORACION BANCARIA, S.A."
CAGLESMM,CAGLESMMBOI,"ABANCA CORPORACION BANCARIA, S.A."
CAGLESMM,CAGLESMMCOP,"ABANCA CORPORACION BANCARIA, S.A."
CAGLESMM,CAGLESMMLCO,"ABANCA CORPORACION BANCARIA, S.A."
CAGLESMM,CAGLESMMVIG,"ABANCA CORPORACION BANCARIA, S.A."
CAGLESMM,CAGLESMMVOP,"ABANCA CORPORACION BANCARIA, S.A."
CAGLESMM,CAGLESMMXXX,"ABANCA CORPORACION BANCARIA, S.A."
CAHMESMM,CAHMESMMXXX,"CAIXABANK, S.A."
CAIXESBB,CAIXESBB521,"CAIXABANK, S.A."
CAIXESBB,CAIXESBB523,"CAIXABANK, S.A."
CAIXESBB,CAIXESBB528,"CAIXABANK, S.A."
CAIXESBB,CAIXESBB609,"CAIXABANK, S.A."
CAIXESBB,CAIXESBB652,"CAIXABANK, S.A."
CAIXESBB,CAIXESBB654,"CAIXABANK, S.A."
CAIXESBB,CAIXESBB655,"CAIXABANK, S.A."
CAIXESBB,CAIXESBB661,"CAIXABANK, S.A."
CAIXESBB,CAIXESBB666,"CAIXABANK, S.A."
CAIXESBB,CAIXESBBBME,"CAIXABANK, S.A."
CAIXESBB,CAIXESBBEAG,"CAIXABANK, S.A."
CAIXESBB,CAIXESBBMAD,"CAIXABANK, S.A."
CAIXESBB,CAIXESBBOSN,"CAIXABANK, S.A."
CAIXESBB,CAIXESBBSCT,"CAIXABANK, S.A."
CAIXESBB,CAIXESBBSDD,"CAIXABANK, S.A."
CAIXESBB,CAIXESBBTAR,"CAIXABANK, S.A."
CAIXESBB,CAIXESBBXXX,"CAIXABANK, S.A."
CAMMES21,CAMMES21XXX,SOCIEDAD ESPANOLA DE SISTEMAS DE PAGO SA
CAMUES21,CAMUES21XXX,COMUNIDAD AUTONOMA DE LA REGION DE MURCIA
CANAES21,CANAES21XXX,GOBIERNO DE NAVARRA
CAPIESMM,CAPIESMMBKR,"C.M. CAPITAL MARKETS BOLSA SOCIEDAD DE VALORES, S.A."
CAPIESMM,CAPIESMMXXX,"C.M. CAPITAL MARKETS BOLSA SOCIEDAD DE VALORES, S.A."
CASDESBB,CASDESBBXXX,ARQUIA BANK S.A.
CAVAESV1,CAVAESV1XXX,GENERALITAT VALENCIANA
CAWCES21,CAWCES21XXX,CAMION WORLD COMERCIAL SL
CAYCESM2,CAYCESM2XXX,CAIXABANK PAYMENTS AND CONSUMER
CAZRES2Z,CAZRES2ZECC,IBERCAJA BANCO S A
CAZRES2Z,CAZRES2ZSVI,IBERCAJA BANCO S A
CAZRES2Z,CAZRES2ZXXX,IBERCAJA BANCO S A
CBALES21,CBALES21XXX,COMUNIDAD AUTONOMA DE LAS ISLAS BALEARES
CBSVESB1,CBSVESB1XXX,"CAIXA BARCELONA SEGUROS VIDA, S.A. SEGUROS Y REASEGUROS"
CCOCESMM,CCOCESMMRVN,CBNK BANCO DE COLECTIVOS S.A.
CCOCESMM,CCOCESMMXXX,CBNK BANCO DE COLECTIVOS S.A.
CCRIES2A,CCRIES2A029,"CAJAMAR CAJA RURAL, SOCIEDAD COOPERATIVA DE CREDITO"
CCRIES2A,CCRIES2A045,"CAJAMAR CAJA RURAL, SOCIEDAD COOPERATIVA DE CREDITO"
CCRIES2A,CCRIES2A095,"CAJAMAR CAJA RURAL, SOCIEDAD COOPERATIVA DE CREDITO"
CCRIES2A,CCRIES2A102,"CAJAMAR CAJA RURAL, SOCIEDAD COOPERATIVA DE CREDITO"
CCRIES2A,CCRIES2A105,"CAJAMAR CAJA RURAL, SOCIEDAD COOPERATIVA DE CREDITO"
CCRIES2A,CCRIES2A110,"CAJAMAR CAJA RURAL, SOCIEDAD COOPERATIVA DE CREDITO"
CCRIES2A,CCRIES2A112,"CAJAMAR CAJA RURAL, SOCIEDAD COOPERATIVA DE CREDITO"
CCRIES2A,CCRIES2A118,"CAJAMAR CAJA RURAL, SOCIEDAD COOPERATIVA DE CREDITO"
CCRIES2A,CCRIES2A119,"CAJAMAR CAJA RURAL, SOCIEDAD COOPERATIVA DE CREDITO"
CCRIES2A,CCRIES2A121,"CAJAMAR CAJA RURAL, SOCIEDAD COOPERATIVA DE CREDITO"
CCRIES2A,CCRIES2A123,"CAJAMAR CAJA RURAL, SOCIEDAD COOPERATIVA DE CREDITO"
CCRIES2A,CCRIES2A135,"CAJAMAR CAJA RURAL, SOCIEDAD COOPERATIVA DE CREDITO"
CCRIES2A,CCRIES2A152,"CAJAMAR CAJA RURAL, SOCIEDAD COOPERATIVA DE CREDITO"
CCRIES2A,CCRIES2A157,"CAJAMAR CAJA RURAL, SOCIEDAD COOPERATIVA DE CREDITO"
CCRIES2A,CCRIES2A160,"CAJAMAR CAJA RURAL, SOCIEDAD COOPERATIVA DE CREDITO"
CCRIES2A,CCRIES2A165,"CAJAMAR CAJA RURAL, SOCIEDAD COOPERATIVA DE CREDITO"
CCRIES2A,CCRIES2A179,"CAJAMAR CAJA RURAL, SOCIEDAD COOPERATIVA DE CREDITO"
CCRIES2A,CCRIES2AXXX,"CAJAMAR CAJA RURAL, SOCIEDAD COOPERATIVA DE CREDITO"
CCSEESM1,CCSEESM1XXX,CORTAL CONSORS SUCURSAL EN ESPANA
CDCSESM1,CDCSESM1XXX,CONSORCIO DE COMPENSACION DE SEGUROS
CDENESBB,CDENESBBTES,CAIXA DE CREDIT DELS ENGINYERS CAJA DE CREDITO DE LOS INGENIEROS SOCIEDAD COOPERATIVA DE CREDIT
CDENESBB,CDENESBBXXX,CAIXA DE CREDIT DELS ENGINYERS CAJA DE CREDITO DE LOS INGENIEROS SOCIEDAD COOPERATIVA DE CREDIT
CECAES21,CECAES21XXX,"CECABANK, S.A."
CECAESMM,CECAESMM045,"CECABANK, S.A."
CECAESMM,CECAESMM056,"CECABANK, S.A."
CECAESMM,CECAESMMFXS,"CECABANK, S.A."
CECAESMM,CECAESMMLUX,"CECABANK, S.A."
CECAESMM,CECAESMMPTG,"CECABANK, S.A."
CECAESMM,CECAESMMXXX,"CECABANK, S.A."
CEODESB1,CEODESB1XXX,CAIXABANK ELECTRONIC MONEY EDE S.L.
CFFIESB2,CFFIESB2XXX,COFIDIS S.A. SUCURSAL EN ESPANA
CGDIES21,CGDIES21XXX,CAIXA GERAL DE DEPOSITOS S.A. S.E.E.
CGPEESM2,CGPEESM2XXX,"COMERCIA GLOBAL PAYMENTS ENTIDAD DE PAGO, SL"
CGUIESBA,CGUIESBAXXX,CAJA RURAL DE GUISSONA SOCIEDAD COOPERATIVA DE CREDITO
CHASESM1,CHASESM1XXX,J.P. MORGAN BANK S.A.
CHASESM3,CHASESM3XXX,"J.P. MORGAN SE, MADRID BRANCH"
CHASESMA,CHASESMAXXX,"JPMORGAN CHASE BANK, N.A. - MADRID BRANCH"
CIDDESM1,CIDDESM1XXX,CORRETAJE E INFORMACION MONETARIA Y DE DIVISAS SOCIEDAD DE VALORES SOCIEDA ANONIMA
CIMDESM1,CIMDESM1XXX,CORRETAJE E INFORMACION Y DE MONETA RIA (CIMD)
CITIESMX,CITIESMXCTI,CITIBANK EUROPE PLC SPAIN BRANCH
CITIESMX,CITIESMXSEC,CITIBANK EUROPE PLC SPAIN BRANCH
CITIESMX,CITIESMXXXX,CITIBANK EUROPE PLC SPAIN BRANCH
CJALESSS,CJALESSS001,CAJA RURAL DE ALMENDRALEJO SOCIEDAD COOPERATIVA DE CREDITO
CJALESSS,CJALESSSXXX,CAJA RURAL DE ALMENDRALEJO SOCIEDAD COOPERATIVA DE CREDITO
CLPEES21,CLPEES21012,"CAJA LABORAL POPULAR, COOP. DE CREDITO (CAJA LABORAL)"
CLPEES21,CLPEES21023,"CAJA LABORAL POPULAR, COOP. DE CREDITO (CAJA LABORAL)"
CLPEES21,CLPEES21060,"CAJA LABORAL POPULAR, COOP. DE CREDITO (CAJA LABORAL)"
CLPEES21,CLPEES21083,"CAJA LABORAL POPULAR, COOP. DE CREDITO (CAJA LABORAL)"
CLPEES21,CLPEES21121,"CAJA LABORAL POPULAR, COOP. DE CREDITO (CAJA LABORAL)"
CLPEES21,CLPEES21195,"CAJA LABORAL POPULAR, COOP. DE CREDITO (CAJA LABORAL)"
CLPEES2M,CLPEES2MXXX,"CAJA LABORAL POPULAR, COOP. DE CREDITO (CAJA LABORAL)"
CMADESM1,CMADESM1XXX,COMUNIDAD DE MADRID
CMBOESMM,CMBOESMMBK1,"BEKA FINANCE, S.V., S.A."
CMBOESMM,CMBOESMMBK2,"BEKA FINANCE, S.V., S.A."
CMBOESMM,CMBOESMMXXX,"BEKA FINANCE, S.V., S.A."
CMCIESA1,CMCIESA1FIX,"ABANCA CORPORACION BANCARIA, S.A."
CMCIESA1,CMCIESA1XXX,"ABANCA CORPORACION BANCARIA, S.A."
COAVESB1,COAVESB1XXX,"DL CORPORATION, AGENCIA DE VALORES, S.A."
COBAESMX,COBAESMXBAR,COMMERZBANK AG
COBAESMX,COBAESMXMCA,COMMERZBANK AG
COBAESMX,COBAESMXTMA,COMMERZBANK AG
COBAESMX,COBAESMXXXX,COMMERZBANK AG
CONSESM1,CONSESM1XXX,BANCO CONSOLIDADO
COVSESB1,COVSESB1XXX,COFITUR INVERSIONES SICAV SA
COYTESM1,COYTESM1XXX,SOC. ESTATAL CORREOS Y TELEGRAFOS CENTRO DIR. DE CORREIOS Y TELEGR.
CRESESMM,CRESESMMXXX,"UBS AG, SUCURSAL EN ESPANA"
CSGGESM1,CSGGESM1XXX,CREDIT SUISSE GESTION SGIIC SA
CSMGESM1,CSMGESM1XXX,"CYGNUS ASSET MANAGEMENT SGIIC, S.A."
CSNIESB1,CSNIESB1XXX,"CAIXABANK ASSET MANAGEMENT, S.G.I.I.C., S.A."
CSURES2C,CSURES2CXXX,"CAJASUR BANCO, S.A."
CSVVESM1,CSVVESM1XXX,"CASER VALORES E INVERSIONES AV, SA"
CTCAES21,CTCAES21XXX,GOBIERNO DE CANTABRIA
CUDSES22,CUDSES22XXX,"CURRENCIES DIRECT SPAIN, E.D.E. SOCIEDAD LIMITADA"
DBSCESMM,DBSCESMMXXX,DEUTSCHE BANK AG SPANISH BRANCH
DCISESB1,DCISESB1XXX,DON CURRO INVERSIONES SICAV SA
DECRESM1,DECRESM1XXX,DEUTSCHE BANK SA ESPANOLA
DEGRESBB,DEGRESBBXXX,"ANDBANK ESPANA BANCA PRIVADA, S.A."
DEUTESBB,DEUTESBB030,"DEUTSCHE BANK, SOCIEDAD ANONIMA ESPANOLA UNIPERSONAL"
DEUTESBB,DEUTESBBAP1,"DEUTSCHE BANK, SOCIEDAD ANONIMA ESPANOLA UNIPERSONAL"
DEUTESBB,DEUTESBBAP2,"DEUTSCHE BANK, SOCIEDAD ANONIMA ESPANOLA UNIPERSONAL"
DEUTESBB,DEUTESBBAS1,"DEUTSCHE BANK, SOCIEDAD ANONIMA ESPANOLA UNIPERSONAL"
DEUTESBB,DEUTESBBAS2,"DEUTSCHE BANK, SOCIEDAD ANONIMA ESPANOLA UNIPERSONAL"
DEUTESBB,DEUTESBBASS,"DEUTSCHE BANK, SOCIEDAD ANONIMA ESPANOLA UNIPERSONAL"
DEUTESBB,DEUTESBBCL1,"DEUTSCHE BANK, SOCIEDAD ANONIMA ESPANOLA UNIPERSONAL"
DEUTESBB,DEUTESBBCL2,"DEUTSCHE BANK, SOCIEDAD ANONIMA ESPANOLA UNIPERSONAL"
DEUTESBB,DEUTESBBXXX,"DEUTSCHE BANK, SOCIEDAD ANONIMA ESPANOLA UNIPERSONAL"
DEUTESM1,DEUTESM1XXX,DEUTSCHE BANK AKTIENGESELLSCHAFT (SUC ESPANA)
DEVNESM2,DEVNESM2XXX,DEVENGO S.L.
DITSESM2,DITSESM2XXX,CD DIGITAL ASSETS SL
DPBBESM1,DPBBESM1XXX,"DEUTSCHE PFANDBRIEFBANK AG, S.E"
DWISESM1,DWISESM1XXX,"DEUTSCHE WEALTH MANAGEMENT SGIIC, S.A."
EAPFESM2,EAPFESM2XXX,EASY PAYMENT AND FINANCE EP SA
EBPBESM2,EBPBESM2XXX,EBURY PARTNERS BELGIUM
EBURESM1,EBURESM1XXX,EBURY PARTNERS UK LIMITED
ECAVES21,ECAVES21XXX,"ESFERA CAPITAL, AGENCIA DE VALORES, S.A."
ECIVES21,ECIVES21XXX,"EVER CAPITAL INVESTMENTS S.V., S.A."
EDSXESM2,EDSXESM2011,"EUROPEAN DIGITAL SECURITIES EXCHANGE, S.V., SA"
EDSXESM2,EDSXESM2012,"EUROPEAN DIGITAL SECURITIES EXCHANGE, S.V., SA"
EDSXESM2,EDSXESM2XXX,"EUROPEAN DIGITAL SECURITIES EXCHANGE, S.V., SA"
EKUAES22,EKUAES22XXX,"E.KUANTIA, EDE, SOCIEDAD LIMITADA"
ERSVES22,ERSVES22XXX,EUROCAJA RURAL SOCIEDAD COOPERATIVA DE CREDITO
ESAFESM1,ESAFESM1XXX,"EUROSAFEI, S.V.B., S.A."
ESPBESM1,ESPBESM1AAD,BANCO DE ESPANA
ESPBESM1,ESPBESM1AMF,BANCO DE ESPANA
ESPBESM1,ESPBESM1CBE,BANCO DE ESPANA
ESPBESM1,ESPBESM1CDI,BANCO DE ESPANA
ESPBESM1,ESPBESM1CPM,BANCO DE ESPANA
ESPBESM1,ESPBESM1EGD,BANCO DE ESPANA
ESPBESM1,ESPBESM1FGT,BANCO DE ESPANA
ESPBESM1,ESPBESM1OFI,BANCO DE ESPANA
ESPBESM1,ESPBESM1TRD,BANCO DE ESPANA
ESPBESMM,ESPBESMMAFD,BANCO DE ESPANA
ESPBESMM,ESPBESMMASI,BANCO DE ESPANA
ESPBESMM,ESPBESMMAST,BANCO DE ESPANA
ESPBESMM,ESPBESMMAYM,BANCO DE ESPANA
ESPBESMM,ESPBESMMC01,BANCO DE ESPANA
ESPBESMM,ESPBESMMC02,BANCO DE ESPANA
ESPBESMM,ESPBESMMC03,BANCO DE ESPANA
ESPBESMM,ESPBESMMC04,BANCO DE ESPANA
ESPBESMM,ESPBESMMC05,BANCO DE ESPANA
ESPBESMM,ESPBESMMC06,BANCO DE ESPANA
ESPBESMM,ESPBESMMC07,BANCO DE ESPANA
ESPBESMM,ESPBESMMC08,BANCO DE ESPANA
ESPBESMM,ESPBESMMC09,BANCO DE ESPANA
ESPBESMM,ESPBESMMC10,BANCO DE ESPANA
ESPBESMM,ESPBESMMC11,BANCO DE ESPANA
ESPBESMM,ESPBESMMC12,BANCO DE ESPANA
ESPBESMM,ESPBESMMC13,BANCO DE ESPANA
ESPBESMM,ESPBESMMC14,BANCO DE ESPANA
ESPBESMM,ESPBESMMC15,BANCO DE ESPANA
ESPBESMM,ESPBESMMCCB,BANCO DE ESPANA
ESPBESMM,ESPBESMMCSP,BANCO DE ESPANA
ESPBESMM,ESPBESMMECB,BANCO DE ESPANA
ESPBESMM,ESPBESMMECM,BANCO DE ESPANA
ESPBESMM,ESPBESMMEUX,BANCO DE ESPANA
ESPBESMM,ESPBESMMFFA,BANCO DE ESPANA
ESPBESMM,ESPBESMMFGE,BANCO DE ESPANA
ESPBESMM,ESPBESMMFGI,BANCO DE ESPANA
ESPBESMM,ESPBESMMFGS,BANCO DE ESPANA
ESPBESMM,ESPBESMMFRB,BANCO DE ESPANA
ESPBESMM,ESPBESMMGAR,BANCO DE ESPANA
ESPBESMM,ESPBESMMHIT,BANCO DE ESPANA
ESPBESMM,ESPBESMMIVP,BANCO DE ESPANA
ESPBESMM,ESPBESMMMID,BANCO DE ESPANA
ESPBESMM,ESPBESMMNT1,BANCO DE ESPANA
ESPBESMM,ESPBESMMNT2,BANCO DE ESPANA
ESPBESMM,ESPBESMMOCC,BANCO DE ESPANA
ESPBESMM,ESPBESMMPLC,BANCO DE ESPANA
ESPBESMM,ESPBESMMPLV,BANCO DE ESPANA
ESPBESMM,ESPBESMMPP3,BANCO DE ESPANA
ESPBESMM,ESPBESMMPSP,BANCO DE ESPANA
ESPBESMM,ESPBESMMRMS,BANCO DE ESPANA
ESPBESMM,ESPBESMMRT6,BANCO DE ESPANA
ESPBESMM,ESPBESMMSRB,BANCO DE ESPANA
ESPBESMM,ESPBESMMTCA,BANCO DE ESPANA
ESPBESMM,ESPBESMMTE6,BANCO DE ESPANA
ESPBESMM,ESPBESMMTEC,BANCO DE ESPANA
ESPBESMM,ESPBESMMTFP,BANCO DE ESPANA
ESPBESMM,ESPBESMMTIP,BANCO DE ESPANA
ESPBESMM,ESPBESMMTLC,BANCO DE ESPANA
ESPBESMM,ESPBESMMTSS,BANCO DE ESPANA
ESPBESMM,ESPBESMMTTE,BANCO DE ESPANA
ESPBESMM,ESPBESMMXXX,BANCO DE ESPANA
ESPCESMM,ESPCESMMXXX,BANCO SANTANDER S.A
ESSIESMM,ESSIESMMMAD,"HAITONG BANK, S.A."
ESSIESMM,ESSIESMMXXX,"HAITONG BANK, S.A."
ETICES21,ETICES21XXX,BANCA POPOLARE ETICA
ETSVESM1,ETSVESM1XXX,"BANCO INVERSIS, S.A."
EUABES21,EUABES21XXX,EURO ATLANTIC BANCORP SL
EUMEESB1,EUMEESB1XXX,EUROBANK DEL MEDITERRANEO S.A.
EUPIESM1,EUPIESM1XXX,"POPULAR BOLSA SOCIEDAD DE VALORES, S.A."
EXCHESMM,EXCHESMMXXX,"MACCORP EXACT CHANGE, E.P., S.A."
FASNESM1,FASNESM1XXX,BANCA FARMAFACTORING SPA SUCURSAL EN ESPANA
FBBEESB1,FBBEESB1XXX,MEDIOLANUM EXCELLENT FI
FCEFESM1,FCEFESM1XXX,FCE BANK PLC SUCURSAL EN ESPANA
FEIOESMM,FEIOESMMXXX,"FINPAY ENTIDAD DE DINERO ELECTRONICO, S.A."
FGDCESM1,FGDCESM1XXX,FONDO DE GARANTIA DE DEPOSITOS EN CAJAS DE AHORRO
FGDEESM1,FGDEESM1XXX,FONDO DE GARANTIA DE DEPOSITOS DE ENTIDADES DE CREDITO
FGIBESM1,FGIBESM1XXX,BELEGAR INVERSIONES SL
FIDSESM1,FIDSESM1XXX,FIDENTIIS EQUITIES SV SA
FIOFESM1,FIOFESM1XXX,BANCO FINANTIA SPAIN SA
FIOVES21,FIOVES21XXX,"FINECO SOCIEDAD DE VALORES, S.A."
FNLAESMM,FNLAESMMXXX,FINALBION SL
FNOMESM2,FNOMESM2XXX,FINOM PAYMENTS SUCURSAL EN ESPANA
FOEGESM1,FOEGESM1XXX,"FONDITEL PENSIONES, ENTIDAD GESTORA DE FONDOS DE PENSIONES SA"
FPESESM2,FPESESM2XXX,FINANCIERE DES PAIEMENTS ELECTRONIQUES SUCURSAL EN ESPANA
FRANESM1,FRANESM1XXX,"FRANFINANCE, SUCURSAL EN ESPANA"
FRIPESB1,FRIPESB1XXX,FITCH RATINGS ESPANA SA
FXBBESM2,FXBBESM2XXX,"IBANFIRST SA, SUCURSAL EN ESPANA"
GAESESM1,GAESESM1XXX,DELFORCA 2008 SA
GALAES21,GALAES21XXX,"CONSULNOR SERVICIOS FINANCIEROS, SOCIEDAD DE VALORES SA"
GCANES21,GCANES21XXX,COMUNIDAD AUTONOMA DE CANARIAS
GEAVESM1,GEAVESM1XXX,GEFONSA SOCIEDAD DE VALORES SA
GEECESB1,GEECESB1XXX,GENERAL ELECTRIC CAPITAL BANK S.A.
GEPMESM1,GEPMESM1XXX,GESTION DE PATRIMONIOS MOBILIARIOS SOCIEDAD DE VALORES SA
GESAESM1,GESAESM1XXX,"GESMADRID S.A., S.G.I.I.C."
GESGESM1,GESGESM1XXX,AHORRO CORPORACION FINANCIERA SV SA
GGEAESM2,GGEAESM2XXX,GRUPO GENERALI ESPANA AIE
GINVESM1,GINVESM1XXX,IMANTIA CAPITAL SGIIC SA
GLPTES22,GLPTES22XXX,GLOBAL PAYMENT SYSTEMS S. L.
GSGGESM1,GSGGESM1XXX,"GOLDMAN SACHS GESTION S.G.I.I.C, S.A"
GSIUESM1,GSIUESM1XXX,"GOLDMAN SACHS INTL, SUCURSAL ESPANA"
GUVFESM1,GUVFESM1XXX,GULF VALUE FINANCIAL S.L.
GVCBESBB,GVCBESBBAGE,GVC GAESCO VALORES SV SA
GVCBESBB,GVCBESBBEOC,GVC GAESCO VALORES SV SA
GVCBESBB,GVCBESBBETB,GVC GAESCO VALORES SV SA
GVCBESBB,GVCBESBBXXX,GVC GAESCO VALORES SV SA
HCFXESM2,HCFXESM2XXX,HAMILTON COURT FX SIM S.P.A SUCURSAL EN ESPANA
HYVEESM1,HYVEESM1XXX,BAYERISCHE HYPO- UND VEREINSBANK
IBGMESMM,IBGMESMMXXX,"IBROKER GLOBAL MARKETS S.V., S.A."
IBRCESM1,IBRCESM1AS2,"SOCIEDAD DE GESTION DE LOS SISTEMAS DE REGISTRO, COMPENSACION Y LIQUID. DE VALORES, S.A. (IBERCLEAR)"
IBRCESMM,IBRCESMMAF1,"SOCIEDAD DE GESTION DE LOS SISTEMAS DE REGISTRO, COMPENSACION Y LIQUID. DE VALORES, S.A. (IBERCLEAR)"
IBRCESMM,IBRCESMMAS1,"SOCIEDAD DE GESTION DE LOS SISTEMAS DE REGISTRO, COMPENSACION Y LIQUID. DE VALORES, S.A. (IBERCLEAR)"
IBRCESMM,IBRCESMMASI,"SOCIEDAD DE GESTION DE LOS SISTEMAS DE REGISTRO, COMPENSACION Y LIQUID. DE VALORES, S.A. (IBERCLEAR)"
IBRCESMM,IBRCESMMBME,"SOCIEDAD DE GESTION DE LOS SISTEMAS DE REGISTRO, COMPENSACION Y LIQUID. DE VALORES, S.A. (IBERCLEAR)"
IBRCESMM,IBRCESMMCDE,"SOCIEDAD DE GESTION DE LOS SISTEMAS DE REGISTRO, COMPENSACION Y LIQUID. DE VALORES, S.A. (IBERCLEAR)"
IBRCESMM,IBRCESMMEF1,"SOCIEDAD DE GESTION DE LOS SISTEMAS DE REGISTRO, COMPENSACION Y LIQUID. DE VALORES, S.A. (IBERCLEAR)"
IBRCESMM,IBRCESMMEF2,"SOCIEDAD DE GESTION DE LOS SISTEMAS DE REGISTRO, COMPENSACION Y LIQUID. DE VALORES, S.A. (IBERCLEAR)"
IBRCESMM,IBRCESMMEN1,"SOCIEDAD DE GESTION DE LOS SISTEMAS DE REGISTRO, COMPENSACION Y LIQUID. DE VALORES, S.A. (IBERCLEAR)"
IBRCESMM,IBRCESMMEN2,"SOCIEDAD DE GESTION DE LOS SISTEMAS DE REGISTRO, COMPENSACION Y LIQUID. DE VALORES, S.A. (IBERCLEAR)"
IBRCESMM,IBRCESMMGAR,"SOCIEDAD DE GESTION DE LOS SISTEMAS DE REGISTRO, COMPENSACION Y LIQUID. DE VALORES, S.A. (IBERCLEAR)"
IBRCESMM,IBRCESMMGOB,"SOCIEDAD DE GESTION DE LOS SISTEMAS DE REGISTRO, COMPENSACION Y LIQUID. DE VALORES, S.A. (IBERCLEAR)"
IBRCESMM,IBRCESMMGTE,"SOCIEDAD DE GESTION DE LOS SISTEMAS DE REGISTRO, COMPENSACION Y LIQUID. DE VALORES, S.A. (IBERCLEAR)"
IBRCESMM,IBRCESMMINV,"SOCIEDAD DE GESTION DE LOS SISTEMAS DE REGISTRO, COMPENSACION Y LIQUID. DE VALORES, S.A. (IBERCLEAR)"
IBRCESMM,IBRCESMMISS,"SOCIEDAD DE GESTION DE LOS SISTEMAS DE REGISTRO, COMPENSACION Y LIQUID. DE VALORES, S.A. (IBERCLEAR)"
IBRCESMM,IBRCESMMMIG,"SOCIEDAD DE GESTION DE LOS SISTEMAS DE REGISTRO, COMPENSACION Y LIQUID. DE VALORES, S.A. (IBERCLEAR)"
IBRCESMM,IBRCESMMMK2,"SOCIEDAD DE GESTION DE LOS SISTEMAS DE REGISTRO, COMPENSACION Y LIQUID. DE VALORES, S.A. (IBERCLEAR)"
IBRCESMM,IBRCESMMMK3,"SOCIEDAD DE GESTION DE LOS SISTEMAS DE REGISTRO, COMPENSACION Y LIQUID. DE VALORES, S.A. (IBERCLEAR)"
IBRCESMM,IBRCESMMMVL,"SOCIEDAD DE GESTION DE LOS SISTEMAS DE REGISTRO, COMPENSACION Y LIQUID. DE VALORES, S.A. (IBERCLEAR)"
IBRCESMM,IBRCESMMRF1,"SOCIEDAD DE GESTION DE LOS SISTEMAS DE REGISTRO, COMPENSACION Y LIQUID. DE VALORES, S.A. (IBERCLEAR)"
IBRCESMM,IBRCESMMRF2,"SOCIEDAD DE GESTION DE LOS SISTEMAS DE REGISTRO, COMPENSACION Y LIQUID. DE VALORES, S.A. (IBERCLEAR)"
IBRCESMM,IBRCESMMRF3,"SOCIEDAD DE GESTION DE LOS SISTEMAS DE REGISTRO, COMPENSACION Y LIQUID. DE VALORES, S.A. (IBERCLEAR)"
IBRCESMM,IBRCESMMRF4,"SOCIEDAD DE GESTION DE LOS SISTEMAS DE REGISTRO, COMPENSACION Y LIQUID. DE VALORES, S.A. (IBERCLEAR)"
IBRCESMM,IBRCESMMSCL,"SOCIEDAD DE GESTION DE LOS SISTEMAS DE REGISTRO, COMPENSACION Y LIQUID. DE VALORES, S.A. (IBERCLEAR)"
IBRCESMM,IBRCESMMSD1,"SOCIEDAD DE GESTION DE LOS SISTEMAS DE REGISTRO, COMPENSACION Y LIQUID. DE VALORES, S.A. (IBERCLEAR)"
IBRCESMM,IBRCESMMSNF,"SOCIEDAD DE GESTION DE LOS SISTEMAS DE REGISTRO, COMPENSACION Y LIQUID. DE VALORES, S.A. (IBERCLEAR)"
IBRCESMM,IBRCESMMXXX,"SOCIEDAD DE GESTION DE LOS SISTEMAS DE REGISTRO, COMPENSACION Y LIQUID. DE VALORES, S.A. (IBERCLEAR)"
IBSVESB1,IBSVESB1XXX,INBARSAVE SICAV SA
ICBKESMM,ICBKESMMXXX,INDUSTRIAL AND COMMERCIAL BANK OF CHINA (EUROPE) S.A. SUCURSAL EN ESPANA
ICCRESB1,ICCRESB1XXX,"INMOBILIARIA CALERA Y CHOZAS CARTERA, SICAV, S.A."
ICROESMM,ICROESMMXXX,INSTITUTO DE CREDITO OFICIAL
ICVAESM1,ICVAESM1XXX,"INTERCAIXA VALORES S.A., S.V.B."
IEVAESB1,IEVAESB1XXX,INTERBROKERS PATRIMONIAL S.A.
IFXGESM1,IFXGESM1XXX,IFXBG LIMITED
IGSEESMM,IGSEESMMXXX,"BANCO DE INVESTIMENTO GLOBAL, SA - SUCURSAL EN ESPANA"
IMCAESMM,IMCAESMMXXX,ABANCA GESTION DE ACTIVOS SGIIC SA
INALESM1,INALESM1XXX,"BANCO INDUSTRIAL DE CATALUNA, S.A."
INBBESM1,INBBESM1XXX,BANCO INDUSTRIAL DE BILBAO S.A.
INBVESB1,INBVESB1XXX,"INVERCAIXA VALORES S.V.B., S.A."
INGDESMM,INGDESMMXXX,"ING BANK NV, SPANISH BRANCH"
INSGESM1,INSGESM1XXX,INVERSEGUROS SOCIEDAD DE VALORES S.A.U
INTOESM1,INTOESM1XXX,"INTERDIN BOLSA S.V,S.A"
INVLESMM,INVLESMMOPS,"BANCO INVERSIS, S.A."
INVLESMM,INVLESMMXXX,"BANCO INVERSIS, S.A."
IPAYESM2,IPAYESM2XXX,"SOCIEDAD ESPANOLA DE SISTEMAS DE PAGO, S.A."
IPAYESMM,IPAYESMMAS1,"SOCIEDAD ESPANOLA DE SISTEMAS DE PAGO, S.A."
IPAYESMM,IPAYESMMAS2,"SOCIEDAD ESPANOLA DE SISTEMAS DE PAGO, S.A."
IPAYESMM,IPAYESMMGT1,"SOCIEDAD ESPANOLA DE SISTEMAS DE PAGO, S.A."
IPAYESMM,IPAYESMMXXX,"SOCIEDAD ESPANOLA DE SISTEMAS DE PAGO, S.A."
IVALESMM,IVALESMM999,"INTERMONEY VALORES S.V., S.A."
IVALESMM,IVALESMMXXX,"INTERMONEY VALORES S.V., S.A."
IXIUESM1,IXIUESM1XXX,"BANCO CDC URQUIJO, S.A."
JBBRESM1,JBBRESM1XXX,KEPLER CAPITAL MARKETS S.A. SUCURSAL EN ESPANA
JCMAES21,JCMAES21XXX,JUNTA DE COMUNIDADES DE CASTILLA - LA MANCHA
JCYLES21,JCYLES21XXX,COMUNIDAD AUTONOMA DE CASTILLA Y LEON
JPMSESM1,JPMSESM1XXX,JP MORGAN SECURITIES PLC BRANCH IN SPAIN
KANTESBB,KANTESBBXXX,"KANTOX EUROPEAN UNION, S.L."
KSCAESM2,KSCAESM2BXX,"KING AND SHAXSON CAPITAL MARKETS S.V., S.A."
KSCAESM2,KSCAESM2XXX,"KING AND SHAXSON CAPITAL MARKETS S.V., S.A."
KUTAES21,KUTAES21XXX,KUTXABANK GESTION SGIIC SA
LISEESM1,LISEESM1XXX,LINK SECURITIES SOCIEDAD DE VALORES S.A.
LLISESM1,LLISESM1XXX,DE LAGE LANDEN INTERNATIONAL B.V. SUCURSAL EN ESPANA
LOCAESM1,LOCAESM1XXX,"LONJA CAPITAL, S.A., A.V.B."
LOCYESMM,LOCYESMMNDP,LOMBARD ODIER (EUROPE) SA SUCURSAL EN ESPANA
LOCYESMM,LOCYESMMTPS,LOMBARD ODIER (EUROPE) SA SUCURSAL EN ESPANA
LOCYESMM,LOCYESMMXXX,LOMBARD ODIER (EUROPE) SA SUCURSAL EN ESPANA
LUXEES21,LUXEES21XXX,SEB PRIVATE BANK SA OFFICE OF REPRESENTATION IN SPAIN
MAGAESM1,MAGAESM1XXX,MARTINEZ GIL Y ASOCIADOS AGENCIA DE VALORES Y BOLSA SA
MBCMESM1,MBCMESM1XXX,"JB CAPITAL MARKETS SOCIEDAD DE VALORES, S.A."
MDIPES22,MDIPES22XXX,MONEI DIGITAL PAYMENTS SL
MEAUESB1,MEAUESB1XXX,MEDIOLANUM RENTA FI
MEBUESM1,MEBUESM1XXX,"MEDIACION BURSATIL, S.V., S.A."
MEFFESBB,MEFFESBBCCP,BME CLEARING
MEFFESBB,MEFFESBBCRF,BME CLEARING
MEFFESBB,MEFFESBBCRV,BME CLEARING
MEFFESBB,MEFFESBBCRY,BME CLEARING
MEFFESBB,MEFFESBBMES,BME CLEARING
MEFFESBB,MEFFESBBMRF,BME CLEARING
MEFFESBB,MEFFESBBMRG,BME CLEARING
MEFFESBB,MEFFESBBMRV,BME CLEARING
MEFFESBB,MEFFESBBMTS,BME CLEARING
MEFFESBB,MEFFESBBRRR,BME CLEARING
MEFFESBB,MEFFESBBTYS,BME CLEARING
MEFFESBB,MEFFESBBVVV,BME CLEARING
MEFFESBB,MEFFESBBXXX,BME CLEARING
MEPLESB1,MEPLESB1XXX,"MEDCORRENT, FI"
MERRESM1,MERRESM1XXX,BANKINTER SA
MESVESB1,MESVESB1XXX,MEDIGESTION 02 SICAV SA
MEUOESMM,MEUOESMMXXX,MONEX EUROPA SL
MGVAESM1,MGVAESM1XXX,MERCADOS Y GESTION DE VALORES AGENCIA DE VALORES SA
MIDLESMM,MIDLESMMCAM,"HSBC CONTINENTAL EUROPE, SUCURSAL EN ESPANA"
MIDLESMM,MIDLESMMSDD,"HSBC CONTINENTAL EUROPE, SUCURSAL EN ESPANA"
MIDLESMM,MIDLESMMXXX,"HSBC CONTINENTAL EUROPE, SUCURSAL EN ESPANA"
MIDLESMX,MIDLESMXXXX,"HSBC CONTINENTAL EUROPE, SUCURSAL EN ESPANA"
MIKBESB1,MIKBESB1XXX,NUEVO MICRO BANK SA
MIRAESMM,MIRAESMMXXX,MIRABAUD AND CIE (EUROPE) SA SUCURSAL EN ESPANA
MIRSESM1,MIRSESM1XXX,MIRABAUD SECURITIES LIMITED SUCURSAL EN ESPANA
MISVESMB,MISVESMBXXX,MAPFRE INVERSION SOCIEDAD DE VALORES S.A.
MISVESMK,MISVESMKXXX,MAPFRE INVERSION SOCIEDAD DE VALORES S.A.
MISVESMM,MISVESMMXXX,MAPFRE INVERSION SOCIEDAD DE VALORES S.A.
MLIBESM1,MLIBESM1XXX,"MERRIL LYNCH INTERNATIONAL BANK LIMITED, SUCURSAL EN ESPANA"
MNTYESMM,MNTYESMMXXX,"MONTY GLOBAL PAYMENTS, S.A.U."
MODRESB2,MODRESB2XXX,"MODULR FINANCE B.V., SPAIN BRANCH"
MOEKESMM,MOEKESMMXXX,"MONEX EUROPE MARKETS, S.V., S.A."
MOIIESB1,MOIIESB1XXX,COMPROMISO MEDIOLANUM FI
MONIES2M,MONIES2MXXX,MONEI DIGITAL PAYMENTS SL
MOODESM1,MOODESM1XXX,"MOODY'S INVESTORS SERVICE ESPANA, S.A."
MPAYESM2,MPAYESM2XXX,MANGOPAY S.A. SUCURSAL EN ESPANA
MPAYESM3,MPAYESM3XXX,MANGOPAY S.A. SUCURSAL EN ESPANA
MPFEESMM,MPFEESMMMSA,MAPFRE SA
MPFEESMM,MPFEESMMXXX,MAPFRE SA
MRTFESM2,MRTFESM2XXX,MIRALTA FINANCE BANK S.A.
MSTAESM1,MSTAESM1XXX,"MORGAN STANLEY, S.V., S.A."
MUSGESM1,MUSGESM1XXX,MUTUACTIVOS SAU SGIIC
NACNESMM,NACNESMMXXX,BANCO DE LA NACION ARGENTINA
NATXESMM,NATXESMMXXX,"NATIXIS, S.A., SUCURSAL EN ESPANA"
NEOPESBA,NEOPESBAXXX,NEO PAYMENT FACTORY S.L.
NEOPESBB,NEOPESBBXXX,NEO PAYMENT FACTORY S.L.
NEXNESB1,NEXNESB1XXX,NEXUS ENERGIA S.A.
NMEQESM1,NMEQESM1XXX,"ALANTRA EQUITIES S.V., S.A."
NNFMESM2,NNFMESM2XXX,"NINETY NINE FINANCIAL MARKETS, SV"
NOEYESM2,NOEYESM2XXX,NOELSE PAY SA
NORLES2B,NORLES2BXXX,"NORBOLSA S.V.,S.A."
NORLESB1,NORLESB1BIO,"NORBOLSA S.V.,S.A."
NORTESMM,NORTESMMXXX,BANCO SANTANDER S.A
NPBSES21,NPBSES21XXX,NORWICH AND PETERBOROUGH BUILDING SOCIETY
OCBAESM1,OCBAESM1XXX,BANCO OCCIDENTAL
OLSIESB1,OLSIESB1XXX,MEDIOLANUM CRECIMIENTO FI
OPENESMM,OPENESMMXXX,OPEN BANK S.A.
ORUEES21,ORUEES21XXX,ORANGE BANK SA SUCURSAL EN ESPANA
ORUNESMM,ORUNESMMXXX,"IPAGOO LLP, MADRID BRANCH"
OUTPESM2,OUTPESM2SAU,OUTPAYCE SA
OUTPESM2,OUTPESM2XXX,OUTPAYCE SA
PAGOES22,PAGOES22AFX,PAGONXT EMONEY EDE SL
PAGOES22,PAGOES22XXX,PAGONXT EMONEY EDE SL
PAIVES21,PAIVES21XXX,PATRINVEST INVERSION S.I.C.A.V S.A
PANXESM2,PANXESM2XXX,UNIFIEDPOST PAYMENTS SA SUCURSAL EN ESPANA
PARBESMX,PARBESMXAFB,BNP PARIBAS S.A. SUCURSAL EN ESPANA
PARBESMX,PARBESMXCTS,BNP PARIBAS S.A. SUCURSAL EN ESPANA
PARBESMX,PARBESMXCVW,BNP PARIBAS S.A. SUCURSAL EN ESPANA
PARBESMX,PARBESMXFDA,BNP PARIBAS S.A. SUCURSAL EN ESPANA
PARBESMX,PARBESMXFDS,BNP PARIBAS S.A. SUCURSAL EN ESPANA
PARBESMX,PARBESMXFFO,BNP PARIBAS S.A. SUCURSAL EN ESPANA
PARBESMX,PARBESMXFFR,BNP PARIBAS S.A. SUCURSAL EN ESPANA
PARBESMX,PARBESMXFRX,BNP PARIBAS S.A. SUCURSAL EN ESPANA
PARBESMX,PARBESMXGMP,BNP PARIBAS S.A. SUCURSAL EN ESPANA
PARBESMX,PARBESMXISI,BNP PARIBAS S.A. SUCURSAL EN ESPANA
PARBESMX,PARBESMXPBL,BNP PARIBAS S.A. SUCURSAL EN ESPANA
PARBESMX,PARBESMXSRA,BNP PARIBAS S.A. SUCURSAL EN ESPANA
PARBESMX,PARBESMXTBM,BNP PARIBAS S.A. SUCURSAL EN ESPANA
PARBESMX,PARBESMXTRB,BNP PARIBAS S.A. SUCURSAL EN ESPANA
PARBESMX,PARBESMXUSA,BNP PARIBAS S.A. SUCURSAL EN ESPANA
PARBESMX,PARBESMXWMG,BNP PARIBAS S.A. SUCURSAL EN ESPANA
PARBESMX,PARBESMXXXX,BNP PARIBAS S.A. SUCURSAL EN ESPANA
PARBESX1,PARBESX1000,BNP PARIBAS S.A. SUCURSAL EN ESPANA
PARBESX1,PARBESX1001,BNP PARIBAS S.A. SUCURSAL EN ESPANA
PARBESX1,PARBESX1002,BNP PARIBAS S.A. SUCURSAL EN ESPANA
PARBESX1,PARBESX1003,BNP PARIBAS S.A. SUCURSAL EN ESPANA
PARBESX1,PARBESX1004,BNP PARIBAS S.A. SUCURSAL EN ESPANA
PARBESX1,PARBESX1005,BNP PARIBAS S.A. SUCURSAL EN ESPANA
PARBESX1,PARBESX1006,BNP PARIBAS S.A. SUCURSAL EN ESPANA
PARBESX1,PARBESX1007,BNP PARIBAS S.A. SUCURSAL EN ESPANA
PARBESX1,PARBESX1008,BNP PARIBAS S.A. SUCURSAL EN ESPANA
PARBESX1,PARBESX1009,BNP PARIBAS S.A. SUCURSAL EN ESPANA
PARBESX1,PARBESX1010,BNP PARIBAS S.A. SUCURSAL EN ESPANA
PARBESX1,PARBESX1011,BNP PARIBAS S.A. SUCURSAL EN ESPANA
PARBESX1,PARBESX1012,BNP PARIBAS S.A. SUCURSAL EN ESPANA
PARBESX1,PARBESX1013,BNP PARIBAS S.A. SUCURSAL EN ESPANA
PARBESX1,PARBESX1014,BNP PARIBAS S.A. SUCURSAL EN ESPANA
PARBESX1,PARBESX1015,BNP PARIBAS S.A. SUCURSAL EN ESPANA
PARBESX1,PARBESX1016,BNP PARIBAS S.A. SUCURSAL EN ESPANA
PARBESX1,PARBESX1017,BNP PARIBAS S.A. SUCURSAL EN ESPANA
PARBESX1,PARBESX1018,BNP PARIBAS S.A. SUCURSAL EN ESPANA
PARBESX1,PARBESX1019,BNP PARIBAS S.A. SUCURSAL EN ESPANA
PARBESX1,PARBESX1020,BNP PARIBAS S.A. SUCURSAL EN ESPANA
PARBESX1,PARBESX1021,BNP PARIBAS S.A. SUCURSAL EN ESPANA
PARBESX1,PARBESX1022,BNP PARIBAS S.A. SUCURSAL EN ESPANA
PARBESX1,PARBESX1023,BNP PARIBAS S.A. SUCURSAL EN ESPANA
PARBESX1,PARBESX1024,BNP PARIBAS S.A. SUCURSAL EN ESPANA
PARBESX1,PARBESX1025,BNP PARIBAS S.A. SUCURSAL EN ESPANA
PARBESX1,PARBESX1026,BNP PARIBAS S.A. SUCURSAL EN ESPANA
PARBESX1,PARBESX1027,BNP PARIBAS S.A. SUCURSAL EN ESPANA
PARBESX1,PARBESX1028,BNP PARIBAS S.A. SUCURSAL EN ESPANA
PARBESX1,PARBESX1029,BNP PARIBAS S.A. SUCURSAL EN ESPANA
PARBESX1,PARBESX1030,BNP PARIBAS S.A. SUCURSAL EN ESPANA
PARBESX1,PARBESX1031,BNP PARIBAS S.A. SUCURSAL EN ESPANA
PARBESX1,PARBESX1032,BNP PARIBAS S.A. SUCURSAL EN ESPANA
PARBESX1,PARBESX1033,BNP PARIBAS S.A. SUCURSAL EN ESPANA
PARBESX1,PARBESX1034,BNP PARIBAS S.A. SUCURSAL EN ESPANA
PARBESX1,PARBESX1035,BNP PARIBAS S.A. SUCURSAL EN ESPANA
PARBESX1,PARBESX1036,BNP PARIBAS S.A. SUCURSAL EN ESPANA
PARBESX1,PARBESX1037,BNP PARIBAS S.A. SUCURSAL EN ESPANA
PARBESX1,PARBESX1038,BNP PARIBAS S.A. SUCURSAL EN ESPANA
PARBESX1,PARBESX1039,BNP PARIBAS S.A. SUCURSAL EN ESPANA
PARBESX1,PARBESX1040,BNP PARIBAS S.A. SUCURSAL EN ESPANA
PARBESX1,PARBESX1041,BNP PARIBAS S.A. SUCURSAL EN ESPANA
PARBESX1,PARBESX1042,BNP PARIBAS S.A. SUCURSAL EN ESPANA
PARBESX1,PARBESX1043,BNP PARIBAS S.A. SUCURSAL EN ESPANA
PARBESX1,PARBESX1044,BNP PARIBAS S.A. SUCURSAL EN ESPANA
PARBESX1,PARBESX1045,BNP PARIBAS S.A. SUCURSAL EN ESPANA
PARBESX1,PARBESX1046,BNP PARIBAS S.A. SUCURSAL EN ESPANA
PARBESX1,PARBESX1047,BNP PARIBAS S.A. SUCURSAL EN ESPANA
PARBESX1,PARBESX1048,BNP PARIBAS S.A. SUCURSAL EN ESPANA
PARBESX1,PARBESX1049,BNP PARIBAS S.A. SUCURSAL EN ESPANA
PARBESX1,PARBESX1050,BNP PARIBAS S.A. SUCURSAL EN ESPANA
PARBESX1,PARBESX1051,BNP PARIBAS S.A. SUCURSAL EN ESPANA
PARBESX1,PARBESX1052,BNP PARIBAS S.A. SUCURSAL EN ESPANA
PARBESX1,PARBESX1053,BNP PARIBAS S.A. SUCURSAL EN ESPANA
PARBESX1,PARBESX1054,BNP PARIBAS S.A. SUCURSAL EN ESPANA
PARBESX1,PARBESX1055,BNP PARIBAS S.A. SUCURSAL EN ESPANA
PARBESX1,PARBESX1056,BNP PARIBAS S.A. SUCURSAL EN ESPANA
PARBESX1,PARBESX1057,BNP PARIBAS S.A. SUCURSAL EN ESPANA
PARBESX1,PARBESX1058,BNP PARIBAS S.A. SUCURSAL EN ESPANA
PARBESX1,PARBESX1059,BNP PARIBAS S.A. SUCURSAL EN ESPANA
PARBESX1,PARBESX1060,BNP PARIBAS S.A. SUCURSAL EN ESPANA
PARBESX1,PARBESX1061,BNP PARIBAS S.A. SUCURSAL EN ESPANA
PARBESX1,PARBESX1062,BNP PARIBAS S.A. SUCURSAL EN ESPANA
PARBESX1,PARBESX1063,BNP PARIBAS S.A. SUCURSAL EN ESPANA
PARBESX1,PARBESX1064,BNP PARIBAS S.A. SUCURSAL EN ESPANA
PARBESX1,PARBESX1065,BNP PARIBAS S.A. SUCURSAL EN ESPANA
PARBESX1,PARBESX1066,BNP PARIBAS S.A. SUCURSAL EN ESPANA
PARBESX1,PARBESX1067,BNP PARIBAS S.A. SUCURSAL EN ESPANA
PARBESX1,PARBESX1068,BNP PARIBAS S.A. SUCURSAL EN ESPANA
PARBESX1,PARBESX1069,BNP PARIBAS S.A. SUCURSAL EN ESPANA
PARBESX1,PARBESX1070,BNP PARIBAS S.A. SUCURSAL EN ESPANA
PARBESX1,PARBESX1071,BNP PARIBAS S.A. SUCURSAL EN ESPANA
PARBESX1,PARBESX1072,BNP PARIBAS S.A. SUCURSAL EN ESPANA
PARBESX1,PARBESX1073,BNP PARIBAS S.A. SUCURSAL EN ESPANA
PARBESX1,PARBESX1074,BNP PARIBAS S.A. SUCURSAL EN ESPANA
PARBESX1,PARBESX1075,BNP PARIBAS S.A. SUCURSAL EN ESPANA
PARBESX1,PARBESX1076,BNP PARIBAS S.A. SUCURSAL EN ESPANA
PARBESX1,PARBESX1077,BNP PARIBAS S.A. SUCURSAL EN ESPANA
PARBESX1,PARBESX1078,BNP PARIBAS S.A. SUCURSAL EN ESPANA
PARBESX1,PARBESX1079,BNP PARIBAS S.A. SUCURSAL EN ESPANA
PARBESX1,PARBESX1080,BNP PARIBAS S.A. SUCURSAL EN ESPANA
PARBESX1,PARBESX1081,BNP PARIBAS S.A. SUCURSAL EN ESPANA
PARBESX1,PARBESX1082,BNP PARIBAS S.A. SUCURSAL EN ESPANA
PARBESX1,PARBESX1083,BNP PARIBAS S.A. SUCURSAL EN ESPANA
PARBESX1,PARBESX1084,BNP PARIBAS S.A. SUCURSAL EN ESPANA
PARBESX1,PARBESX1085,BNP PARIBAS S.A. SUCURSAL EN ESPANA
PARBESX1,PARBESX1086,BNP PARIBAS S.A. SUCURSAL EN ESPANA
PARBESX1,PARBESX1087,BNP PARIBAS S.A. SUCURSAL EN ESPANA
PARBESX1,PARBESX1088,BNP PARIBAS S.A. SUCURSAL EN ESPANA
PARBESX1,PARBESX1089,BNP PARIBAS S.A. SUCURSAL EN ESPANA
PARBESX1,PARBESX1090,BNP PARIBAS S.A. SUCURSAL EN ESPANA
PARBESX1,PARBESX1091,BNP PARIBAS S.A. SUCURSAL EN ESPANA
PARBESX1,PARBESX1092,BNP PARIBAS S.A. SUCURSAL EN ESPANA
PARBESX1,PARBESX1093,BNP PARIBAS S.A. SUCURSAL EN ESPANA
PARBESX1,PARBESX1094,BNP PARIBAS S.A. SUCURSAL EN ESPANA
PARBESX1,PARBESX1095,BNP PARIBAS S.A. SUCURSAL EN ESPANA
PARBESX1,PARBESX1096,BNP PARIBAS S.A. SUCURSAL EN ESPANA
PARBESX1,PARBESX1097,BNP PARIBAS S.A. SUCURSAL EN ESPANA
PARBESX1,PARBESX1098,BNP PARIBAS S.A. SUCURSAL EN ESPANA
PARBESX1,PARBESX1099,BNP PARIBAS S.A. SUCURSAL EN ESPANA
PARBESX1,PARBESX1100,BNP PARIBAS S.A. SUCURSAL EN ESPANA
PARBESX1,PARBESX1101,BNP PARIBAS S.A. SUCURSAL EN ESPANA
PARBESX1,PARBESX1102,BNP PARIBAS S.A. SUCURSAL EN ESPANA
PARBESX1,PARBESX1103,BNP PARIBAS S.A. SUCURSAL EN ESPANA
PARBESX1,PARBESX1104,BNP PARIBAS S.A. SUCURSAL EN ESPANA
PARBESX1,PARBESX1105,BNP PARIBAS S.A. SUCURSAL EN ESPANA
PARBESX1,PARBESX1106,BNP PARIBAS S.A. SUCURSAL EN ESPANA
PARBESX1,PARBESX1107,BNP PARIBAS S.A. SUCURSAL EN ESPANA
PARBESX1,PARBESX1108,BNP PARIBAS S.A. SUCURSAL EN ESPANA
PARBESX1,PARBESX1109,BNP PARIBAS S.A. SUCURSAL EN ESPANA
PARBESX1,PARBESX1110,BNP PARIBAS S.A. SUCURSAL EN ESPANA
PARBESX1,PARBESX1111,BNP PARIBAS S.A. SUCURSAL EN ESPANA
PARBESX1,PARBESX1112,BNP PARIBAS S.A. SUCURSAL EN ESPANA
PARBESX1,PARBESX1113,BNP PARIBAS S.A. SUCURSAL EN ESPANA
PARBESX1,PARBESX1114,BNP PARIBAS S.A. SUCURSAL EN ESPANA
PARBESX1,PARBESX1115,BNP PARIBAS S.A. SUCURSAL EN ESPANA
PARBESX1,PARBESX1116,BNP PARIBAS S.A. SUCURSAL EN ESPANA
PARBESX1,PARBESX1117,BNP PARIBAS S.A. SUCURSAL EN ESPANA
PARBESX1,PARBESX1118,BNP PARIBAS S.A. SUCURSAL EN ESPANA
PARBESX1,PARBESX1119,BNP PARIBAS S.A. SUCURSAL EN ESPANA
PARBESX1,PARBESX1120,BNP PARIBAS S.A. SUCURSAL EN ESPANA
PARBESX1,PARBESX1121,BNP PARIBAS S.A. SUCURSAL EN ESPANA
PARBESX1,PARBESX1122,BNP PARIBAS S.A. SUCURSAL EN ESPANA
PARBESX1,PARBESX1123,BNP PARIBAS S.A. SUCURSAL EN ESPANA
PARBESX1,PARBESX1124,BNP PARIBAS S.A. SUCURSAL EN ESPANA
PARBESX1,PARBESX1125,BNP PARIBAS S.A. SUCURSAL EN ESPANA
PARBESX1,PARBESX1126,BNP PARIBAS S.A. SUCURSAL EN ESPANA
PARBESX1,PARBESX1127,BNP PARIBAS S.A. SUCURSAL EN ESPANA
PARBESX1,PARBESX1128,BNP PARIBAS S.A. SUCURSAL EN ESPANA
PARBESX1,PARBESX1129,BNP PARIBAS S.A. SUCURSAL EN ESPANA
PARBESX1,PARBESX1130,BNP PARIBAS S.A. SUCURSAL EN ESPANA
PARBESX1,PARBESX1131,BNP PARIBAS S.A. SUCURSAL EN ESPANA
PARBESX1,PARBESX1132,BNP PARIBAS S.A. SUCURSAL EN ESPANA
PARBESX1,PARBESX1133,BNP PARIBAS S.A. SUCURSAL EN ESPANA
PARBESX1,PARBESX1134,BNP PARIBAS S.A. SUCURSAL EN ESPANA
PARBESX1,PARBESX1135,BNP PARIBAS S.A. SUCURSAL EN ESPANA
PARBESX1,PARBESX1136,BNP PARIBAS S.A. SUCURSAL EN ESPANA
PARBESX1,PARBESX1137,BNP PARIBAS S.A. SUCURSAL EN ESPANA
PARBESX1,PARBESX1138,BNP PARIBAS S.A. SUCURSAL EN ESPANA
PARBESX1,PARBESX1139,BNP PARIBAS S.A. SUCURSAL EN ESPANA
PARBESX1,PARBESX1140,BNP PARIBAS S.A. SUCURSAL EN ESPANA
PARBESX1,PARBESX1141,BNP PARIBAS S.A. SUCURSAL EN ESPANA
PARBESX1,PARBESX1142,BNP PARIBAS S.A. SUCURSAL EN ESPANA
PARBESX1,PARBESX1143,BNP PARIBAS S.A. SUCURSAL EN ESPANA
PARBESX1,PARBESX1144,BNP PARIBAS S.A. SUCURSAL EN ESPANA
PARBESX1,PARBESX1145,BNP PARIBAS S.A. SUCURSAL EN ESPANA
PARBESX1,PARBESX1146,BNP PARIBAS S.A. SUCURSAL EN ESPANA
PARBESX1,PARBESX1147,BNP PARIBAS S.A. SUCURSAL EN ESPANA
PARBESX1,PARBESX1148,BNP PARIBAS S.A. SUCURSAL EN ESPANA
PARBESX1,PARBESX1149,BNP PARIBAS S.A. SUCURSAL EN ESPANA
PARBESX1,PARBESX1150,BNP PARIBAS S.A. SUCURSAL EN ESPANA
PARBESX1,PARBESX1XXX,BNP PARIBAS S.A. SUCURSAL EN ESPANA
PCBCESBB,PCBCESBBXXX,CHINA CONSTRUCTION BANK (EUROPE) S.A. SUCURSAL EN ESPANA
PCRDESMM,PCRDESMMXXX,"PECUNIA CARDS E.D.E, SL"
PFSSESM1,PFSSESM1XXX,PFS CARD SERVICES IRELAND LIMITED SUCURSAL EN ESPANA
PGPSESM1,PGPSESM1XXX,POPULAR GESTION PRIVADA SGIIC
PICHESMM,PICHESMMXXX,"BANCO PICHINCHA ESPANA, S.A"
PICTESMM,PICTESMMCOR,BANK PICTET AND CIE (EUROPE) AG SUCURSAL EN ESPANA
PICTESMM,PICTESMMXXX,BANK PICTET AND CIE (EUROPE) AG SUCURSAL EN ESPANA
PKBSES21,PKBSES21XXX,OFICINA DE REPRESENTACION EN ESPANA DE PKB PRIVATBANK AG
PKFMESM2,PKFMESM2XXX,"PKF ATTEST CAPITAL MARKETS S.V., S.A."
POPBESM1,POPBESM1XXX,POPULAR BOLSA SVB
POPIESMM,POPIESMMXXX,BANCO SANTANDER S.A
POPLESMM,POPLESMMXXX,WIZINK BANK S.A.U.
POPUESMM,POPUESMMBAR,BANCO SANTANDER S.A
POPUESMM,POPUESMMBOL,BANCO SANTANDER S.A
POPUESMM,POPUESMMCMG,BANCO SANTANDER S.A
POPUESMM,POPUESMMEAG,BANCO SANTANDER S.A
POPUESMM,POPUESMMREX,BANCO SANTANDER S.A
POPUESMM,POPUESMMXXX,BANCO SANTANDER S.A
PPAIESMM,PPAIESMMXXX,PAYMATICO PAYMENT INSTITUTION S.L.
PRBAESM1,PRBAESM1XXX,BANCO DE LA PROVINCIA DE BUENOS AIRES
PRIBESMX,PRIBESMXXXX,"EDMOND DE ROTHSCHILD (EUROPE), SUCURSAL EN ESPANA"
PRNEESM1,PRNEESM1XXX,BANCO DE PROMOCION DE NEGOCOS S.A.
PROAESMM,PROAESMMORO,"EBN BANCO DE NEGOCIOS,S.A. (EBN BANCO)"
PROAESMM,PROAESMMXXX,"EBN BANCO DE NEGOCIOS,S.A. (EBN BANCO)"
PSABESM1,PSABESM1XXX,"BANQUE PSA FINANCE, SUCURSAL EN ESPANA"
PSTRESMM,PSTRESMMBAR,BANCO SANTANDER S.A
PSTRESMM,PSTRESMMBIL,BANCO SANTANDER S.A
PSTRESMM,PSTRESMMLCO,BANCO SANTANDER S.A
PSTRESMM,PSTRESMMVAL,BANCO SANTANDER S.A
PSTRESMM,PSTRESMMVGO,BANCO SANTANDER S.A
PSTRESMM,PSTRESMMXXX,BANCO SANTANDER S.A
PSTRESMM,PSTRESMMZAR,BANCO SANTANDER S.A
QNTOESB2,QNTOESB2XXX,OLINDA SAS SUCURSAL EN ESPANA
RCINESM1,RCINESM1XXX,RCI BANQUE SA SUCURSAL EN ESPANA
RCSIESB1,RCSIESB1XXX,COMPROMISO MEDIOLANUM FI
RENBESMM,RENBESMMAGE,"RENTA 4 BANCO, S.A."
RENBESMM,RENBESMMBME,"RENTA 4 BANCO, S.A."
RENBESMM,RENBESMMRVN,"RENTA 4 BANCO, S.A."
RENBESMM,RENBESMMXXX,"RENTA 4 BANCO, S.A."
REVOESM2,REVOESM2XXX,"REVOLUT BANK UAB, SUCURSAL EN ESPAN"
REVOESM3,REVOESM3XXX,"REVOLUT BANK UAB, SUCURSAL EN ESPAN"
RGESESMM,RGESESMMXXX,RENTA 4 GESTORA S.G.I.I.C. SA
RGTRESMM,RGTRESMMXXX,REGIS-TR SA SUCURSAL EN ESPANA
RMSVESM1,RMSVESM1XXX,"RENTA MARKETS SV,SA"
RNDEES21,RNDEES21XXX,REGISTRO NACIONAL DE DERECHOS DE EMISION DE GASES DE EFECTO INVERNADERO (RENADE)
SABNESMM,SABNESMMSSS,SANTANDER INVESTMENT S.A.
SABNESMM,SABNESMMXXX,SANTANDER INVESTMENT S.A.
SAGDESM2,SAGDESM2XXX,"SANTANDER ASSET MANAGEMENT, S.A."
SAMXESMA,SAMXESMAXXX,"SANTANDER ASSET MANAGEMENT, S.A."
SAMXESMM,SAMXESMMXXX,"SANTANDER ASSET MANAGEMENT, S.A."
SBAOESB1,SBAOESB1XXX,"SEBROKER BOLSA AGENCIA DE VALORES, S.A."
SCFBESMM,SCFBESMMXXX,SANTANDER CONSUMER FINANCE
SELFESMM,SELFESMMXXX,SINGULAR BANK
SEMOES21,SEMOES21XXX,SERVI AMARILLO SL
SESDES22,SESDES22XXX,SEFIDE EDE SOCIEDAD LIMITADA
SIADESM1,SIADESM1XXX,"SINERGIA ADVISORS 2006, A.V. S.A."
SOBKESM2,SOBKESM2XXX,"SOLARISBANK AG, SUCURSAL EN ESPANA"
SOGEESMM,SOGEESMMAGM,SOCIETE GENERALE SUCURSAL EN ESPANA
SOGEESMM,SOGEESMMBAR,SOCIETE GENERALE SUCURSAL EN ESPANA
SOGEESMM,SOGEESMMCTI,SOCIETE GENERALE SUCURSAL EN ESPANA
SOGEESMM,SOGEESMMTPS,SOCIETE GENERALE SUCURSAL EN ESPANA
SOGEESMM,SOGEESMMTRA,SOCIETE GENERALE SUCURSAL EN ESPANA
SOGEESMM,SOGEESMMXXX,SOCIETE GENERALE SUCURSAL EN ESPANA
SOVVESB1,SOVVESB1XXX,"SOLVENTIS A.V., S.A."
SPVGESMM,SPVGESMMXXX,"SANTANDER PRIVATE BANKING GESTION, S.A., S.G.I.I.C."
SSAEESB1,SSAEESB1XXX,"SEGURCAIXA ADESLAS,SOCIEDAD ANONIMA DE SEGUROS Y REASEGUROS"
SVSRESM1,SVSRESM1XXX,"CNP PARTNERS DE SEGUROS Y REASEGUROS, S.A"
SWNBESB2,SWNBESB2XXX,SWAN IO SUCURSAL EN ESPANA
TBESESM1,TBESESM1XXX,X-TRADE BROKERS DM S.A. SUCURSAL EN ESPANA
TEESESM1,TEESESM1XXX,TRESSIS SOCIEDAD DE VALORES SA
TESOESM1,TESOESM1SWP,SECRETARIA GENERAL DEL TESORO Y FINANCIACION INTERNACIONAL
TESOESM1,TESOESM1XXX,SECRETARIA GENERAL DEL TESORO Y FINANCIACION INTERNACIONAL
TESSESM1,TESSESM1XXX,TRESORERIA GENERAL DE LA SEGURIDAD SOCIAL
TPSGESMM,TPSGESMMXXX,TESORO PUBLICO-SPAIN SPANISH GOVERNMENT GOBIERNO DE ESPANA
TRBKESM2,TRBKESM2XXX,TRADE REPUBLIC BANK GMBH SUCURSAL EN ESPANA
TRESES21,TRESES21XXX,BANCO GRUPO CAJATRES
TRIOES21,TRIOES21XXX,"TRIODOS BANK NV, SE"
TRIOESMM,TRIOESMM111,"TRIODOS BANK NV, SE"
TRIOESMM,TRIOESMMXXX,"TRIODOS BANK NV, SE"
TRZOESM2,TRZOESM2TPS,"TREEZOR SAS, SUCURSAL EN ESPANA"
TRZOESM2,TRZOESM2TRZ,"TREEZOR SAS, SUCURSAL EN ESPANA"
TRZOESM2,TRZOESM2XXX,"TREEZOR SAS, SUCURSAL EN ESPANA"
UBAVESM1,UBAVESM1XXX,URQUIJO BOLSA Y VALORES SOCIEDAD DE VALORES Y BOLSA SA
UBSSESM1,UBSSESM1XXX,UBS SECURITIES ESPANA SOCIEDAD DE VALORES SA
UBSWESMM,UBSWESMMNPB,"UBS EUROPE SE, SUCURSAL EN ESPANA"
UBSWESMM,UBSWESMMXXX,"UBS EUROPE SE, SUCURSAL EN ESPANA"
UCINESMM,UCINESMMXXX,"UNION DE CREDITOS INMOBILIARIOS, SA ESTABLECIMIENTO FINANCIERO DE CREDITO"
UCJAES2M,UCJAES2MFIN,"UNICAJA BANCO, S.A."
UCJAES2M,UCJAES2MGAR,"UNICAJA BANCO, S.A."
UCJAES2M,UCJAES2MXXX,"UNICAJA BANCO, S.A."
UCSSESM1,UCSSESM1XXX,CREDIT AGRICOLE LEASING AND FACTORING SUCURSAL EN ESPANA
UNAXES22,UNAXES22XXX,UNNAX REGULATORY SERVICES EDE SL
UPADESM2,UPADESM2XXX,"UP AGANEA, EDE, S.A."
UPSVES21,UPSVES21XXX,"UNICORP PATRIMONIO, SOCIEDAD DE VALORES, S.A."
URSUESM1,URSUESM1XXX,"URSUS-3CAPITAL A.V, S.A."
USISESB1,USISESB1XXX,USATEGI INVERSIONES SICAV SA
VASVESM1,VASVESM1XXX,MERCADOS Y GESTION DE VALORES AGENCIA DE VALORES SA
VDCAESB1,VDCAESB1XXX,"VIDACAIXA, S.A DE SEGUROS Y REASEGUROS"
VMSEESB2,VMSEESB2XXX,"VIVID MONEY SA, SUCURSAL EN ESPANA"
VOWAES21,VOWAES21XXX,"VOLKSWAGEN BANK GMBH, SUCURSAL EN ESPANA"
VOWAES22,VOWAES22XXX,"VOLKSWAGEN BANK GMBH, SUCURSAL EN ESPANA"
VPAYESM2,VPAYESM2XXX,VIVA PAYMENT SERVICES S.A. SUCURSAL EN ESPANA
WAFAESM1,WAFAESM1XXX,WAFABANK
WUIBESM2,WUIBESM2XXX,WESTERN UNION INTERNATIONAL BANK GMBH - SUCURSAL EN ESPANA
XBARESB1,XBARESB1XXX,SOCIEDAD RECTORA DE LA BOLSA DE VALORES DE BARCELONA SA
XBAVESB1,XBAVESB1XXX,"MERCHBOLSA AGENCIA DE VALORES, S.A."
XBCNESBB,XBCNESBBEC2,SOCIEDAD RECTORA DE LA BOLSA DE VALORES DE BARCELONA S.A.U.
XBCNESBB,XBCNESBBECO,SOCIEDAD RECTORA DE LA BOLSA DE VALORES DE BARCELONA S.A.U.
XBCNESBB,XBCNESBBGAR,SOCIEDAD RECTORA DE LA BOLSA DE VALORES DE BARCELONA S.A.U.
XBCNESBB,XBCNESBBLRA,SOCIEDAD RECTORA DE LA BOLSA DE VALORES DE BARCELONA S.A.U.
XBCNESBB,XBCNESBBSCL,SOCIEDAD RECTORA DE LA BOLSA DE VALORES DE BARCELONA S.A.U.
XBCNESBB,XBCNESBBSG2,SOCIEDAD RECTORA DE LA BOLSA DE VALORES DE BARCELONA S.A.U.
XBCNESBB,XBCNESBBSGX,SOCIEDAD RECTORA DE LA BOLSA DE VALORES DE BARCELONA S.A.U.
XBCNESBB,XBCNESBBXXX,SOCIEDAD RECTORA DE LA BOLSA DE VALORES DE BARCELONA S.A.U.
XBILES21,XBILES21XXX,BOLSA DE VALORES DE BILBAO
XMRVESM1,XMRVESM1XXX,"BME CLEARING, SOCIEDAD ANONIMA"
XRBVES21,XRBVES21GAR,"SOCIEDAD RECTORA DE LA BOLSA DE VALORES DE BILBAO, S.A."
XRBVES21,XRBVES21SCL,"SOCIEDAD RECTORA DE LA BOLSA DE VALORES DE BILBAO, S.A."
XRBVES21,XRBVES21XXX,"SOCIEDAD RECTORA DE LA BOLSA DE VALORES DE BILBAO, S.A."
XVALESV1,XVALESV1XXX,SOCIEDAD RECTORA DE LA BOLSA DE VALORES DE VALENCIA SOCIEDAD ANONIMA
YSEPESB2,YSEPESB2XXX,YOUNITED SUCURSAL EN ESPANA
YTSLES22,YTSLES22XXX,YOID TECH SOCIEDAD LIMITADA
ZURIESBB,ZURIESBBXXX,ZURICH INSURANCE PLC. SUCURSAL EN ESPANA
